
state 0
	$accept: .top $end 
	top: .    (1)

	.  reduce 1 (src line 667)

	top  goto 1

state 1
	$accept:  top.$end 
	top:  top.PARSER_TOK_USING SYMBOLx 
	top:  top.PARSER_TOK_INCLUDE SYMBOLx 
	top:  top.optexplicit opttemporal PARSER_TOK_AXIOM lgprop 
	top:  top.optexplicit opttemporal PARSER_TOK_PROPERTY labeledfmla optskolem optproof 
	top:  top.PARSER_TOK_CONJECTURE labeledfmla 
	top:  top.optexplicit PARSER_TOK_INVARIANT labeledfmla optproof 
	top:  top.PARSER_TOK_UNPROVABLE PARSER_TOK_INVARIANT labeledfmla optproof 
	top:  top.PARSER_TOK_MODULE modulestart modcat atom optwith PARSER_TOK_EQ PARSER_TOK_LCB top PARSER_TOK_RCB moduleend 
	top:  top.PARSER_TOK_OBJECT objsym objectargs PARSER_TOK_EQ PARSER_TOK_LCB optdotdotdot top PARSER_TOK_RCB objectend 
	top:  top.PARSER_TOK_CLASS objsym objectargs PARSER_TOK_EQ PARSER_TOK_LCB optdotdotdot top PARSER_TOK_RCB objectend 
	top:  top.PARSER_TOK_SUBCLASS objsym PARSER_TOK_OF atype PARSER_TOK_EQ PARSER_TOK_LCB optdotdotdot top PARSER_TOK_RCB objectend 
	top:  top.optexplicit PARSER_TOK_DEFINITION optlabel gdefn optproof 
	top:  top.PARSER_TOK_SCHEMA schdefn 
	top:  top.PARSER_TOK_THEOREM schdefn optproof 
	top:  top.PARSER_TOK_THEOREM labelname schdefnrhs optproof 
	top:  top.PARSER_TOK_PROOF labelname proofstep 
	top:  top.PARSER_TOK_INSTANTIATE insts 
	top:  top.PARSER_TOK_AUTOINSTANCE insts 
	top:  top.symdecl 
	top:  top.PARSER_TOK_RELATION rels 
	top:  top.PARSER_TOK_FUNCTION funs 
	top:  top.PARSER_TOK_DERIVED defns 
	top:  top.optfinite optghost PARSER_TOK_TYPE typesymbol 
	top:  top.optfinite optghost PARSER_TOK_TYPE typesymbol PARSER_TOK_EQ sort 
	top:  top.PARSER_TOK_PROGRESS defns 
	top:  top.PARSER_TOK_RELY atom PARSER_TOK_ARROW atom 
	top:  top.PARSER_TOK_RELY atom 
	top:  top.PARSER_TOK_MIXORD callatom PARSER_TOK_ARROW callatom 
	top:  top.PARSER_TOK_CONCEPT cdefns 
	top:  top.PARSER_TOK_UPDATE apps PARSER_TOK_FROM apps upaxes 
	top:  top.PARSER_TOK_MACRO atom PARSER_TOK_EQ sequence 
	top:  top.optimpex actmeth SYMBOLx optargs optreturns optactiondef 
	top:  top.PARSER_TOK_MIXIN callatom PARSER_TOK_BEFORE callatom 
	top:  top.PARSER_TOK_MIXIN callatom PARSER_TOK_AFTER callatom 
	top:  top.PARSER_TOK_BEFORE atype optargs optreturns sequence 
	top:  top.PARSER_TOK_AFTER atype optargs optreturns topseq 
	top:  top.PARSER_TOK_AROUND atype optargs optreturns PARSER_TOK_LCB actseq optsemi PARSER_TOK_DOTDOTDOT actseq optsemi PARSER_TOK_RCB 
	top:  top.PARSER_TOK_AFTER PARSER_TOK_INIT optargs topseq 
	top:  top.PARSER_TOK_IMPLEMENT atype optargs optreturns topseq 
	top:  top.PARSER_TOK_IMPLEMENT PARSER_TOK_TYPE SYMBOLx PARSER_TOK_WITH SYMBOLx 
	top:  top.opttrusted PARSER_TOK_ISOLATE SYMBOLx optargs PARSER_TOK_EQ callatoms 
	top:  top.opttrusted PARSER_TOK_ISOLATE SYMBOLx optargs PARSER_TOK_EQ callatoms PARSER_TOK_WITH callatoms 
	top:  top.opttrusted PARSER_TOK_ISOLATE SYMBOLx optargs PARSER_TOK_EQ PARSER_TOK_LCB top PARSER_TOK_RCB optwith 
	top:  top.PARSER_TOK_EXTRACT objsym objectargs PARSER_TOK_EQ PARSER_TOK_LCB top PARSER_TOK_RCB optwith 
	top:  top.PARSER_TOK_EXTRACT objsym objectargs PARSER_TOK_EQ callatoms 
	top:  top.PARSER_TOK_EXPORT callatom 
	top:  top.PARSER_TOK_IMPORT callatom 
	top:  top.PARSER_TOK_DELEGATE callatoms optdelegee 
	top:  top.PARSER_TOK_INTERPRET oper PARSER_TOK_ARROW oper 
	top:  top.PARSER_TOK_INTERPRET oper PARSER_TOK_ARROW PARSER_TOK_LCB term PARSER_TOK_DOTS term PARSER_TOK_RCB 
	top:  top.PARSER_TOK_INTERPRET oper PARSER_TOK_ARROW PARSER_TOK_LCB SYMBOLx moresymbols PARSER_TOK_RCB 
	top:  top.PARSER_TOK_ALIAS SYMBOLx PARSER_TOK_EQ callatom 
	top:  top.PARSER_TOK_ATTRIBUTE callatom PARSER_TOK_EQ attributeval 
	top:  top.PARSER_TOK_VARIANT typesymbol PARSER_TOK_OF atype 
	top:  top.PARSER_TOK_VARIANT typesymbol PARSER_TOK_OF atype PARSER_TOK_EQ sort 
	top:  top.PARSER_TOK_NATIVEQUOTE 
	top:  top.PARSER_TOK_SCENARIO PARSER_TOK_LCB sceninit PARSER_TOK_SEMI scentranss PARSER_TOK_RCB 
	top:  top.specimpl PARSER_TOK_LCB top PARSER_TOK_RCB 
	top:  top.PARSER_TOK_STATE SYMBOLx PARSER_TOK_EQ state_expr 
	top:  top.PARSER_TOK_ASSERT SYMBOLx PARSER_TOK_ARROW assert_rhs 
	optexplicit: .    (136)
	optfinite: .    (229)
	optimpex: .    (303)
	opttrusted: .    (281)

	$end  accept
	PARSER_TOK_NATIVEQUOTE  shift 42
	PARSER_TOK_ASSERT  shift 46
	PARSER_TOK_VAR  shift 60
	PARSER_TOK_UNPROVABLE  shift 6
	PARSER_TOK_PROOF  shift 13
	PARSER_TOK_INSTANTIATE  shift 14
	PARSER_TOK_RELATION  shift 17
	PARSER_TOK_INDIV  shift 59
	PARSER_TOK_FUNCTION  shift 18
	PARSER_TOK_DERIVED  shift 19
	PARSER_TOK_CONJECTURE  shift 5
	PARSER_TOK_SCHEMA  shift 11
	PARSER_TOK_THEOREM  shift 12
	PARSER_TOK_TYPE  reduce 229 (src line 3066)
	PARSER_TOK_MODULE  shift 7
	PARSER_TOK_OBJECT  shift 8
	PARSER_TOK_CLASS  shift 9
	PARSER_TOK_SUBCLASS  shift 10
	PARSER_TOK_ACTION  reduce 303 (src line 3571)
	PARSER_TOK_METHOD  reduce 303 (src line 3571)
	PARSER_TOK_BEFORE  shift 29
	PARSER_TOK_AFTER  shift 30
	PARSER_TOK_AROUND  shift 31
	PARSER_TOK_MIXIN  shift 28
	PARSER_TOK_IMPLEMENT  shift 32
	PARSER_TOK_ISOLATE  reduce 281 (src line 3405)
	PARSER_TOK_EXTRACT  shift 34
	PARSER_TOK_TRUSTED  shift 53
	PARSER_TOK_EXPORT  shift 35
	PARSER_TOK_IMPORT  shift 36
	PARSER_TOK_DELEGATE  shift 37
	PARSER_TOK_USING  shift 2
	PARSER_TOK_INCLUDE  shift 3
	PARSER_TOK_INTERPRET  shift 38
	PARSER_TOK_MACRO  shift 26
	PARSER_TOK_ALIAS  shift 39
	PARSER_TOK_ATTRIBUTE  shift 40
	PARSER_TOK_VARIANT  shift 41
	PARSER_TOK_SCENARIO  shift 43
	PARSER_TOK_PROGRESS  shift 21
	PARSER_TOK_RELY  shift 22
	PARSER_TOK_MIXORD  shift 23
	PARSER_TOK_CONCEPT  shift 24
	PARSER_TOK_STATE  shift 45
	PARSER_TOK_UPDATE  shift 25
	PARSER_TOK_EXPLICIT  shift 47
	PARSER_TOK_SPECIFICATION  shift 54
	PARSER_TOK_IMPLEMENTATION  shift 55
	PARSER_TOK_PRIVATE  shift 56
	PARSER_TOK_GLOBAL  shift 57
	PARSER_TOK_COMMON  shift 58
	PARSER_TOK_GHOST  reduce 229 (src line 3066)
	PARSER_TOK_FINITE  shift 52
	PARSER_TOK_PARAMETER  shift 61
	PARSER_TOK_DESTRUCTOR  shift 49
	PARSER_TOK_CONSTRUCTOR  shift 51
	PARSER_TOK_FIELD  shift 50
	PARSER_TOK_AUTOINSTANCE  shift 15
	.  reduce 136 (src line 2344)

	optexplicit  goto 4
	symdecl  goto 16
	constantdecl  goto 48
	optfinite  goto 20
	optimpex  goto 27
	opttrusted  goto 33
	specimpl  goto 44

state 2
	top:  top PARSER_TOK_USING.SYMBOLx 

	PARSER_TOK_PRESYMBOL  shift 63
	.  error

	SYMBOLx  goto 62

state 3
	top:  top PARSER_TOK_INCLUDE.SYMBOLx 

	PARSER_TOK_PRESYMBOL  shift 63
	.  error

	SYMBOLx  goto 64

state 4
	top:  top optexplicit.opttemporal PARSER_TOK_AXIOM lgprop 
	top:  top optexplicit.opttemporal PARSER_TOK_PROPERTY labeledfmla optskolem optproof 
	top:  top optexplicit.PARSER_TOK_INVARIANT labeledfmla optproof 
	top:  top optexplicit.PARSER_TOK_DEFINITION optlabel gdefn optproof 
	opttemporal: .    (132)

	PARSER_TOK_INVARIANT  shift 66
	PARSER_TOK_DEFINITION  shift 67
	PARSER_TOK_TEMPORAL  shift 68
	.  reduce 132 (src line 2318)

	opttemporal  goto 65

state 5
	top:  top PARSER_TOK_CONJECTURE.labeledfmla 

	PARSER_TOK_PRESYMBOL  shift 63
	PARSER_TOK_VARIABLE  shift 88
	PARSER_TOK_LABEL  shift 74
	PARSER_TOK_LPAREN  shift 78
	PARSER_TOK_LB  shift 73
	PARSER_TOK_TILDA  shift 81
	PARSER_TOK_DOLLAR  shift 86
	PARSER_TOK_FORALL  shift 82
	PARSER_TOK_EXISTS  shift 83
	PARSER_TOK_TRUE  shift 79
	PARSER_TOK_FALSE  shift 80
	PARSER_TOK_OLD  shift 77
	PARSER_TOK_GLOBALLY  shift 84
	PARSER_TOK_EVENTUALLY  shift 85
	.  error

	term  goto 72
	fmla  goto 70
	appelem  goto 75
	var  goto 76
	SYMBOLx  goto 87
	labelname  goto 71
	labeledfmla  goto 69

state 6
	top:  top PARSER_TOK_UNPROVABLE.PARSER_TOK_INVARIANT labeledfmla optproof 

	PARSER_TOK_INVARIANT  shift 89
	.  error


state 7
	top:  top PARSER_TOK_MODULE.modulestart modcat atom optwith PARSER_TOK_EQ PARSER_TOK_LCB top PARSER_TOK_RCB moduleend 
	modulestart: .    (269)

	.  reduce 269 (src line 3309)

	modulestart  goto 90

state 8
	top:  top PARSER_TOK_OBJECT.objsym objectargs PARSER_TOK_EQ PARSER_TOK_LCB optdotdotdot top PARSER_TOK_RCB objectend 

	PARSER_TOK_PRESYMBOL  shift 63
	.  error

	SYMBOLx  goto 92
	objsym  goto 91

state 9
	top:  top PARSER_TOK_CLASS.objsym objectargs PARSER_TOK_EQ PARSER_TOK_LCB optdotdotdot top PARSER_TOK_RCB objectend 

	PARSER_TOK_PRESYMBOL  shift 63
	.  error

	SYMBOLx  goto 92
	objsym  goto 93

state 10
	top:  top PARSER_TOK_SUBCLASS.objsym PARSER_TOK_OF atype PARSER_TOK_EQ PARSER_TOK_LCB optdotdotdot top PARSER_TOK_RCB objectend 

	PARSER_TOK_PRESYMBOL  shift 63
	.  error

	SYMBOLx  goto 92
	objsym  goto 94

state 11
	top:  top PARSER_TOK_SCHEMA.schdefn 

	PARSER_TOK_PRESYMBOL  shift 63
	PARSER_TOK_LPAREN  shift 98
	.  error

	SYMBOLx  goto 99
	defnlhs  goto 96
	schdefn  goto 95
	dotsym  goto 97

state 12
	top:  top PARSER_TOK_THEOREM.schdefn optproof 
	top:  top PARSER_TOK_THEOREM.labelname schdefnrhs optproof 

	PARSER_TOK_PRESYMBOL  shift 63
	PARSER_TOK_LABEL  shift 74
	PARSER_TOK_LPAREN  shift 98
	PARSER_TOK_LB  shift 73
	.  error

	SYMBOLx  goto 99
	labelname  goto 101
	defnlhs  goto 96
	schdefn  goto 100
	dotsym  goto 97

state 13
	top:  top PARSER_TOK_PROOF.labelname proofstep 

	PARSER_TOK_LABEL  shift 74
	PARSER_TOK_LB  shift 73
	.  error

	labelname  goto 102

state 14
	top:  top PARSER_TOK_INSTANTIATE.insts 

	PARSER_TOK_PRESYMBOL  shift 63
	.  error

	SYMBOLx  goto 99
	dotsym  goto 106
	inst  goto 104
	modinst  goto 105
	insts  goto 103

state 15
	top:  top PARSER_TOK_AUTOINSTANCE.insts 

	PARSER_TOK_PRESYMBOL  shift 63
	.  error

	SYMBOLx  goto 99
	dotsym  goto 106
	inst  goto 104
	modinst  goto 105
	insts  goto 107

state 16
	top:  top symdecl.    (20)

	.  reduce 20 (src line 1055)


state 17
	top:  top PARSER_TOK_RELATION.rels 

	PARSER_TOK_PRESYMBOL  shift 63
	PARSER_TOK_LPAREN  shift 98
	.  error

	SYMBOLx  goto 99
	defn  goto 111
	defnlhs  goto 110
	typeddefn  goto 112
	rel  goto 109
	rels  goto 108
	dotsym  goto 97

state 18
	top:  top PARSER_TOK_FUNCTION.funs 

	PARSER_TOK_PRESYMBOL  shift 63
	PARSER_TOK_LPAREN  shift 98
	.  error

	SYMBOLx  goto 99
	defnlhs  goto 116
	typeddefn  goto 115
	fun  goto 114
	funs  goto 113
	dotsym  goto 97

state 19
	top:  top PARSER_TOK_DERIVED.defns 

	PARSER_TOK_PRESYMBOL  shift 63
	PARSER_TOK_LPAREN  shift 98
	.  error

	SYMBOLx  goto 99
	defn  goto 118
	defnlhs  goto 116
	typeddefn  goto 112
	defns  goto 117
	dotsym  goto 97

state 20
	top:  top optfinite.optghost PARSER_TOK_TYPE typesymbol 
	top:  top optfinite.optghost PARSER_TOK_TYPE typesymbol PARSER_TOK_EQ sort 
	optghost: .    (231)

	PARSER_TOK_GHOST  shift 120
	.  reduce 231 (src line 3079)

	optghost  goto 119

state 21
	top:  top PARSER_TOK_PROGRESS.defns 

	PARSER_TOK_PRESYMBOL  shift 63
	PARSER_TOK_LPAREN  shift 98
	.  error

	SYMBOLx  goto 99
	defn  goto 118
	defnlhs  goto 116
	typeddefn  goto 112
	defns  goto 121
	dotsym  goto 97

state 22
	top:  top PARSER_TOK_RELY.atom PARSER_TOK_ARROW atom 
	top:  top PARSER_TOK_RELY.atom 

	PARSER_TOK_PRESYMBOL  shift 63
	.  error

	SYMBOLx  goto 123
	atom  goto 122

state 23
	top:  top PARSER_TOK_MIXORD.callatom PARSER_TOK_ARROW callatom 

	PARSER_TOK_PRESYMBOL  shift 63
	PARSER_TOK_THIS  shift 126
	PARSER_TOK_METHOD  shift 127
	.  error

	SYMBOLx  goto 123
	atom  goto 125
	callatom  goto 124

state 24
	top:  top PARSER_TOK_CONCEPT.cdefns 

	PARSER_TOK_PRESYMBOL  shift 63
	.  error

	SYMBOLx  goto 123
	atom  goto 130
	cdefn  goto 129
	cdefns  goto 128

state 25
	top:  top PARSER_TOK_UPDATE.apps PARSER_TOK_FROM apps upaxes 

	PARSER_TOK_PRESYMBOL  shift 63
	PARSER_TOK_VARIABLE  shift 88
	PARSER_TOK_LPAREN  shift 78
	PARSER_TOK_TILDA  shift 81
	PARSER_TOK_DOLLAR  shift 86
	PARSER_TOK_FORALL  shift 82
	PARSER_TOK_EXISTS  shift 83
	PARSER_TOK_TRUE  shift 79
	PARSER_TOK_FALSE  shift 80
	PARSER_TOK_OLD  shift 77
	PARSER_TOK_GLOBALLY  shift 84
	PARSER_TOK_EVENTUALLY  shift 85
	.  error

	term  goto 134
	appelem  goto 75
	var  goto 76
	SYMBOLx  goto 133
	app  goto 132
	apps  goto 131

state 26
	top:  top PARSER_TOK_MACRO.atom PARSER_TOK_EQ sequence 

	PARSER_TOK_PRESYMBOL  shift 63
	.  error

	SYMBOLx  goto 123
	atom  goto 135

state 27
	top:  top optimpex.actmeth SYMBOLx optargs optreturns optactiondef 

	PARSER_TOK_ACTION  shift 137
	PARSER_TOK_METHOD  shift 138
	.  error

	actmeth  goto 136

state 28
	top:  top PARSER_TOK_MIXIN.callatom PARSER_TOK_BEFORE callatom 
	top:  top PARSER_TOK_MIXIN.callatom PARSER_TOK_AFTER callatom 

	PARSER_TOK_PRESYMBOL  shift 63
	PARSER_TOK_THIS  shift 126
	PARSER_TOK_METHOD  shift 127
	.  error

	SYMBOLx  goto 123
	atom  goto 125
	callatom  goto 139

state 29
	top:  top PARSER_TOK_BEFORE.atype optargs optreturns sequence 

	PARSER_TOK_PRESYMBOL  shift 63
	PARSER_TOK_THIS  shift 142
	.  error

	atype  goto 140
	SYMBOLx  goto 141

state 30
	top:  top PARSER_TOK_AFTER.atype optargs optreturns topseq 
	top:  top PARSER_TOK_AFTER.PARSER_TOK_INIT optargs topseq 

	PARSER_TOK_PRESYMBOL  shift 63
	PARSER_TOK_THIS  shift 142
	PARSER_TOK_INIT  shift 144
	.  error

	atype  goto 143
	SYMBOLx  goto 141

state 31
	top:  top PARSER_TOK_AROUND.atype optargs optreturns PARSER_TOK_LCB actseq optsemi PARSER_TOK_DOTDOTDOT actseq optsemi PARSER_TOK_RCB 

	PARSER_TOK_PRESYMBOL  shift 63
	PARSER_TOK_THIS  shift 142
	.  error

	atype  goto 145
	SYMBOLx  goto 141

state 32
	top:  top PARSER_TOK_IMPLEMENT.atype optargs optreturns topseq 
	top:  top PARSER_TOK_IMPLEMENT.PARSER_TOK_TYPE SYMBOLx PARSER_TOK_WITH SYMBOLx 

	PARSER_TOK_PRESYMBOL  shift 63
	PARSER_TOK_THIS  shift 142
	PARSER_TOK_TYPE  shift 147
	.  error

	atype  goto 146
	SYMBOLx  goto 141

state 33
	top:  top opttrusted.PARSER_TOK_ISOLATE SYMBOLx optargs PARSER_TOK_EQ callatoms 
	top:  top opttrusted.PARSER_TOK_ISOLATE SYMBOLx optargs PARSER_TOK_EQ callatoms PARSER_TOK_WITH callatoms 
	top:  top opttrusted.PARSER_TOK_ISOLATE SYMBOLx optargs PARSER_TOK_EQ PARSER_TOK_LCB top PARSER_TOK_RCB optwith 

	PARSER_TOK_ISOLATE  shift 148
	.  error


state 34
	top:  top PARSER_TOK_EXTRACT.objsym objectargs PARSER_TOK_EQ PARSER_TOK_LCB top PARSER_TOK_RCB optwith 
	top:  top PARSER_TOK_EXTRACT.objsym objectargs PARSER_TOK_EQ callatoms 

	PARSER_TOK_PRESYMBOL  shift 63
	.  error

	SYMBOLx  goto 92
	objsym  goto 149

35: shift/reduce conflict (shift 127(0), red'n 304(0)) on PARSER_TOK_METHOD
state 35
	top:  top PARSER_TOK_EXPORT.callatom 
	optimpex:  PARSER_TOK_EXPORT.    (304)

	PARSER_TOK_PRESYMBOL  shift 63
	PARSER_TOK_THIS  shift 126
	PARSER_TOK_METHOD  shift 127
	.  reduce 304 (src line 3577)

	SYMBOLx  goto 123
	atom  goto 125
	callatom  goto 150

36: shift/reduce conflict (shift 127(0), red'n 305(0)) on PARSER_TOK_METHOD
state 36
	top:  top PARSER_TOK_IMPORT.callatom 
	optimpex:  PARSER_TOK_IMPORT.    (305)

	PARSER_TOK_PRESYMBOL  shift 63
	PARSER_TOK_THIS  shift 126
	PARSER_TOK_METHOD  shift 127
	.  reduce 305 (src line 3582)

	SYMBOLx  goto 123
	atom  goto 125
	callatom  goto 151

state 37
	top:  top PARSER_TOK_DELEGATE.callatoms optdelegee 

	PARSER_TOK_PRESYMBOL  shift 63
	PARSER_TOK_THIS  shift 126
	PARSER_TOK_METHOD  shift 127
	.  error

	SYMBOLx  goto 123
	atom  goto 125
	callatom  goto 153
	callatoms  goto 152

state 38
	top:  top PARSER_TOK_INTERPRET.oper PARSER_TOK_ARROW oper 
	top:  top PARSER_TOK_INTERPRET.oper PARSER_TOK_ARROW PARSER_TOK_LCB term PARSER_TOK_DOTS term PARSER_TOK_RCB 
	top:  top PARSER_TOK_INTERPRET.oper PARSER_TOK_ARROW PARSER_TOK_LCB SYMBOLx moresymbols PARSER_TOK_RCB 

	PARSER_TOK_PRESYMBOL  shift 63
	PARSER_TOK_NATIVEQUOTE  shift 158
	PARSER_TOK_PLUS  shift 165
	PARSER_TOK_MINUS  shift 166
	PARSER_TOK_TIMES  shift 167
	PARSER_TOK_DIV  shift 168
	PARSER_TOK_EQ  shift 159
	PARSER_TOK_LE  shift 160
	PARSER_TOK_LT  shift 161
	PARSER_TOK_GE  shift 162
	PARSER_TOK_GT  shift 163
	PARSER_TOK_PTO  shift 164
	PARSER_TOK_THIS  shift 142
	.  error

	atype  goto 155
	SYMBOLx  goto 141
	oper  goto 154
	relop  goto 156
	infix  goto 157

state 39
	top:  top PARSER_TOK_ALIAS.SYMBOLx PARSER_TOK_EQ callatom 

	PARSER_TOK_PRESYMBOL  shift 63
	.  error

	SYMBOLx  goto 169

state 40
	top:  top PARSER_TOK_ATTRIBUTE.callatom PARSER_TOK_EQ attributeval 

	PARSER_TOK_PRESYMBOL  shift 63
	PARSER_TOK_THIS  shift 126
	PARSER_TOK_METHOD  shift 127
	.  error

	SYMBOLx  goto 123
	atom  goto 125
	callatom  goto 170

state 41
	top:  top PARSER_TOK_VARIANT.typesymbol PARSER_TOK_OF atype 
	top:  top PARSER_TOK_VARIANT.typesymbol PARSER_TOK_OF atype PARSER_TOK_EQ sort 

	PARSER_TOK_PRESYMBOL  shift 63
	PARSER_TOK_THIS  shift 173
	.  error

	SYMBOLx  goto 172
	typesymbol  goto 171

state 42
	top:  top PARSER_TOK_NATIVEQUOTE.    (57)

	.  reduce 57 (src line 1625)


state 43
	top:  top PARSER_TOK_SCENARIO.PARSER_TOK_LCB sceninit PARSER_TOK_SEMI scentranss PARSER_TOK_RCB 

	PARSER_TOK_LCB  shift 174
	.  error


state 44
	top:  top specimpl.PARSER_TOK_LCB top PARSER_TOK_RCB 

	PARSER_TOK_LCB  shift 175
	.  error


state 45
	top:  top PARSER_TOK_STATE.SYMBOLx PARSER_TOK_EQ state_expr 

	PARSER_TOK_PRESYMBOL  shift 63
	.  error

	SYMBOLx  goto 176

state 46
	top:  top PARSER_TOK_ASSERT.SYMBOLx PARSER_TOK_ARROW assert_rhs 

	PARSER_TOK_PRESYMBOL  shift 63
	.  error

	SYMBOLx  goto 177

state 47
	optexplicit:  PARSER_TOK_EXPLICIT.    (137)

	.  reduce 137 (src line 2350)


state 48
	symdecl:  constantdecl.    (191)

	.  reduce 191 (src line 2758)


state 49
	symdecl:  PARSER_TOK_DESTRUCTOR.tterms 

	PARSER_TOK_PRESYMBOL  shift 63
	PARSER_TOK_LPAREN  shift 182
	.  error

	SYMBOLx  goto 181
	tapp  goto 180
	tterm  goto 179
	tterms  goto 178

state 50
	symdecl:  PARSER_TOK_FIELD.tterms 

	PARSER_TOK_PRESYMBOL  shift 63
	PARSER_TOK_LPAREN  shift 182
	.  error

	SYMBOLx  goto 181
	tapp  goto 180
	tterm  goto 179
	tterms  goto 183

state 51
	symdecl:  PARSER_TOK_CONSTRUCTOR.tterms 

	PARSER_TOK_PRESYMBOL  shift 63
	PARSER_TOK_LPAREN  shift 182
	.  error

	SYMBOLx  goto 181
	tapp  goto 180
	tterm  goto 179
	tterms  goto 184

state 52
	optfinite:  PARSER_TOK_FINITE.    (230)

	.  reduce 230 (src line 3072)


state 53
	opttrusted:  PARSER_TOK_TRUSTED.    (282)

	.  reduce 282 (src line 3411)


state 54
	specimpl:  PARSER_TOK_SPECIFICATION.    (308)

	.  reduce 308 (src line 3606)


state 55
	specimpl:  PARSER_TOK_IMPLEMENTATION.    (309)

	.  reduce 309 (src line 3614)


state 56
	specimpl:  PARSER_TOK_PRIVATE.    (310)

	.  reduce 310 (src line 3621)


state 57
	specimpl:  PARSER_TOK_GLOBAL.    (311)

	.  reduce 311 (src line 3628)


state 58
	specimpl:  PARSER_TOK_COMMON.    (312)

	.  reduce 312 (src line 3635)


state 59
	constantdecl:  PARSER_TOK_INDIV.tterms 

	PARSER_TOK_PRESYMBOL  shift 63
	PARSER_TOK_LPAREN  shift 182
	.  error

	SYMBOLx  goto 181
	tapp  goto 180
	tterm  goto 179
	tterms  goto 185

state 60
	constantdecl:  PARSER_TOK_VAR.tterms 

	PARSER_TOK_PRESYMBOL  shift 63
	PARSER_TOK_LPAREN  shift 182
	.  error

	SYMBOLx  goto 181
	tapp  goto 180
	tterm  goto 179
	tterms  goto 186

state 61
	constantdecl:  PARSER_TOK_PARAMETER.parameter 

	PARSER_TOK_PRESYMBOL  shift 63
	PARSER_TOK_LPAREN  shift 182
	.  error

	SYMBOLx  goto 181
	parameter  goto 187
	tapp  goto 180
	tterm  goto 188

state 62
	top:  top PARSER_TOK_USING SYMBOLx.    (2)
	SYMBOLx:  SYMBOLx.PARSER_TOK_LB SYMsubscr PARSER_TOK_RB 

	PARSER_TOK_LB  shift 189
	.  reduce 2 (src line 702)


state 63
	SYMBOLx:  PARSER_TOK_PRESYMBOL.    (62)

	.  reduce 62 (src line 1693)


state 64
	top:  top PARSER_TOK_INCLUDE SYMBOLx.    (3)
	SYMBOLx:  SYMBOLx.PARSER_TOK_LB SYMsubscr PARSER_TOK_RB 

	PARSER_TOK_LB  shift 189
	.  reduce 3 (src line 708)


state 65
	top:  top optexplicit opttemporal.PARSER_TOK_AXIOM lgprop 
	top:  top optexplicit opttemporal.PARSER_TOK_PROPERTY labeledfmla optskolem optproof 

	PARSER_TOK_AXIOM  shift 190
	PARSER_TOK_PROPERTY  shift 191
	.  error


state 66
	top:  top optexplicit PARSER_TOK_INVARIANT.labeledfmla optproof 

	PARSER_TOK_PRESYMBOL  shift 63
	PARSER_TOK_VARIABLE  shift 88
	PARSER_TOK_LABEL  shift 74
	PARSER_TOK_LPAREN  shift 78
	PARSER_TOK_LB  shift 73
	PARSER_TOK_TILDA  shift 81
	PARSER_TOK_DOLLAR  shift 86
	PARSER_TOK_FORALL  shift 82
	PARSER_TOK_EXISTS  shift 83
	PARSER_TOK_TRUE  shift 79
	PARSER_TOK_FALSE  shift 80
	PARSER_TOK_OLD  shift 77
	PARSER_TOK_GLOBALLY  shift 84
	PARSER_TOK_EVENTUALLY  shift 85
	.  error

	term  goto 72
	fmla  goto 70
	appelem  goto 75
	var  goto 76
	SYMBOLx  goto 87
	labelname  goto 71
	labeledfmla  goto 192

state 67
	top:  top optexplicit PARSER_TOK_DEFINITION.optlabel gdefn optproof 
	optlabel: .    (138)

	PARSER_TOK_LABEL  shift 74
	PARSER_TOK_LB  shift 73
	.  reduce 138 (src line 2357)

	labelname  goto 194
	optlabel  goto 193

state 68
	opttemporal:  PARSER_TOK_TEMPORAL.    (133)

	.  reduce 133 (src line 2324)


state 69
	top:  top PARSER_TOK_CONJECTURE labeledfmla.    (6)

	.  reduce 6 (src line 807)


state 70
	labeledfmla:  fmla.    (125)

	.  reduce 125 (src line 2243)


state 71
	labeledfmla:  labelname.fmla 

	PARSER_TOK_PRESYMBOL  shift 63
	PARSER_TOK_VARIABLE  shift 88
	PARSER_TOK_LPAREN  shift 78
	PARSER_TOK_TILDA  shift 81
	PARSER_TOK_DOLLAR  shift 86
	PARSER_TOK_FORALL  shift 82
	PARSER_TOK_EXISTS  shift 83
	PARSER_TOK_TRUE  shift 79
	PARSER_TOK_FALSE  shift 80
	PARSER_TOK_OLD  shift 77
	PARSER_TOK_GLOBALLY  shift 84
	PARSER_TOK_EVENTUALLY  shift 85
	.  error

	term  goto 72
	fmla  goto 195
	appelem  goto 75
	var  goto 76
	SYMBOLx  goto 87

72: shift/reduce conflict (shift 218(11), red'n 124(0)) on PARSER_TOK_COLON
72: shift/reduce conflict (shift 196(16), red'n 124(0)) on PARSER_TOK_DOT
72: shift/reduce conflict (shift 197(12), red'n 124(0)) on PARSER_TOK_PLUS
72: shift/reduce conflict (shift 198(12), red'n 124(0)) on PARSER_TOK_MINUS
72: shift/reduce conflict (shift 199(13), red'n 124(0)) on PARSER_TOK_TIMES
72: shift/reduce conflict (shift 200(13), red'n 124(0)) on PARSER_TOK_DIV
72: shift/reduce conflict (shift 202(7), red'n 124(0)) on PARSER_TOK_EQ
72: shift/reduce conflict (shift 208(8), red'n 124(0)) on PARSER_TOK_TILDAEQ
72: shift/reduce conflict (shift 203(7), red'n 124(0)) on PARSER_TOK_LE
72: shift/reduce conflict (shift 204(7), red'n 124(0)) on PARSER_TOK_LT
72: shift/reduce conflict (shift 205(7), red'n 124(0)) on PARSER_TOK_GE
72: shift/reduce conflict (shift 206(7), red'n 124(0)) on PARSER_TOK_GT
72: shift/reduce conflict (shift 209(5), red'n 124(0)) on PARSER_TOK_AND
72: shift/reduce conflict (shift 210(4), red'n 124(0)) on PARSER_TOK_OR
72: shift/reduce conflict (shift 211(3), red'n 124(0)) on PARSER_TOK_ARROW
72: shift/reduce conflict (shift 212(3), red'n 124(0)) on PARSER_TOK_IFF
72: shift/reduce conflict (shift 207(7), red'n 124(0)) on PARSER_TOK_PTO
72: shift/reduce conflict (shift 217(0), red'n 124(0)) on PARSER_TOK_ISA
72: shift/reduce conflict (shift 201(9), red'n 124(0)) on PARSER_TOK_IF
72: shift/reduce conflict (shift 213(0), red'n 124(0)) on PARSER_TOK_WHENNEXT
72: shift/reduce conflict (shift 214(0), red'n 124(0)) on PARSER_TOK_WHENPREV
72: shift/reduce conflict (shift 215(0), red'n 124(0)) on PARSER_TOK_WHENFIRST
72: shift/reduce conflict (shift 216(0), red'n 124(0)) on PARSER_TOK_WHENLAST
state 72
	term:  term.PARSER_TOK_DOT appelem 
	term:  term.PARSER_TOK_PLUS term 
	term:  term.PARSER_TOK_MINUS term 
	term:  term.PARSER_TOK_TIMES term 
	term:  term.PARSER_TOK_DIV term 
	term:  term.PARSER_TOK_IF fmla PARSER_TOK_ELSE term 
	term:  term.PARSER_TOK_EQ term 
	term:  term.PARSER_TOK_LE term 
	term:  term.PARSER_TOK_LT term 
	term:  term.PARSER_TOK_GE term 
	term:  term.PARSER_TOK_GT term 
	term:  term.PARSER_TOK_PTO term 
	term:  term.PARSER_TOK_TILDAEQ term 
	term:  term.PARSER_TOK_AND term 
	term:  term.PARSER_TOK_OR term 
	term:  term.PARSER_TOK_ARROW term 
	term:  term.PARSER_TOK_IFF term 
	term:  term.PARSER_TOK_WHENNEXT term 
	term:  term.PARSER_TOK_WHENPREV term 
	term:  term.PARSER_TOK_WHENFIRST term 
	term:  term.PARSER_TOK_WHENLAST term 
	term:  term.PARSER_TOK_ISA atype 
	term:  term.PARSER_TOK_COLON atype 
	fmla:  term.    (124)

	PARSER_TOK_COLON  shift 218
	PARSER_TOK_DOT  shift 196
	PARSER_TOK_PLUS  shift 197
	PARSER_TOK_MINUS  shift 198
	PARSER_TOK_TIMES  shift 199
	PARSER_TOK_DIV  shift 200
	PARSER_TOK_EQ  shift 202
	PARSER_TOK_TILDAEQ  shift 208
	PARSER_TOK_LE  shift 203
	PARSER_TOK_LT  shift 204
	PARSER_TOK_GE  shift 205
	PARSER_TOK_GT  shift 206
	PARSER_TOK_AND  shift 209
	PARSER_TOK_OR  shift 210
	PARSER_TOK_ARROW  shift 211
	PARSER_TOK_IFF  shift 212
	PARSER_TOK_PTO  shift 207
	PARSER_TOK_ISA  shift 217
	PARSER_TOK_IF  shift 201
	PARSER_TOK_WHENNEXT  shift 213
	PARSER_TOK_WHENPREV  shift 214
	PARSER_TOK_WHENFIRST  shift 215
	PARSER_TOK_WHENLAST  shift 216
	.  reduce 124 (src line 2231)


state 73
	labelname:  PARSER_TOK_LB.SYMBOLx PARSER_TOK_RB 

	PARSER_TOK_PRESYMBOL  shift 63
	.  error

	SYMBOLx  goto 219

state 74
	labelname:  PARSER_TOK_LABEL.    (128)

	.  reduce 128 (src line 2274)


state 75
	term:  appelem.    (85)

	.  reduce 85 (src line 1889)


state 76
	term:  var.    (86)

	.  reduce 86 (src line 1895)


state 77
	term:  PARSER_TOK_OLD.appelem 

	PARSER_TOK_PRESYMBOL  shift 63
	.  error

	appelem  goto 220
	SYMBOLx  goto 87

state 78
	term:  PARSER_TOK_LPAREN.term PARSER_TOK_RPAREN 
	term:  PARSER_TOK_LPAREN.PARSER_TOK_DOLLAR SYMBOLx simplevars PARSER_TOK_DOT fmla PARSER_TOK_RPAREN PARSER_TOK_LPAREN terms PARSER_TOK_RPAREN 

	PARSER_TOK_PRESYMBOL  shift 63
	PARSER_TOK_VARIABLE  shift 88
	PARSER_TOK_LPAREN  shift 78
	PARSER_TOK_TILDA  shift 81
	PARSER_TOK_DOLLAR  shift 222
	PARSER_TOK_FORALL  shift 82
	PARSER_TOK_EXISTS  shift 83
	PARSER_TOK_TRUE  shift 79
	PARSER_TOK_FALSE  shift 80
	PARSER_TOK_OLD  shift 77
	PARSER_TOK_GLOBALLY  shift 84
	PARSER_TOK_EVENTUALLY  shift 85
	.  error

	term  goto 221
	appelem  goto 75
	var  goto 76
	SYMBOLx  goto 87

state 79
	term:  PARSER_TOK_TRUE.    (102)

	.  reduce 102 (src line 2034)


state 80
	term:  PARSER_TOK_FALSE.    (103)

	.  reduce 103 (src line 2041)


state 81
	term:  PARSER_TOK_TILDA.term 

	PARSER_TOK_PRESYMBOL  shift 63
	PARSER_TOK_VARIABLE  shift 88
	PARSER_TOK_LPAREN  shift 78
	PARSER_TOK_TILDA  shift 81
	PARSER_TOK_DOLLAR  shift 86
	PARSER_TOK_FORALL  shift 82
	PARSER_TOK_EXISTS  shift 83
	PARSER_TOK_TRUE  shift 79
	PARSER_TOK_FALSE  shift 80
	PARSER_TOK_OLD  shift 77
	PARSER_TOK_GLOBALLY  shift 84
	PARSER_TOK_EVENTUALLY  shift 85
	.  error

	term  goto 223
	appelem  goto 75
	var  goto 76
	SYMBOLx  goto 87

state 82
	term:  PARSER_TOK_FORALL.simplevars PARSER_TOK_DOT term 
	term:  PARSER_TOK_FORALL.PARSER_TOK_LPAREN vars PARSER_TOK_RPAREN term 

	PARSER_TOK_VARIABLE  shift 227
	PARSER_TOK_LPAREN  shift 225
	.  error

	simplevar  goto 226
	simplevars  goto 224

state 83
	term:  PARSER_TOK_EXISTS.simplevars PARSER_TOK_DOT term 
	term:  PARSER_TOK_EXISTS.PARSER_TOK_LPAREN vars PARSER_TOK_RPAREN term 

	PARSER_TOK_VARIABLE  shift 227
	PARSER_TOK_LPAREN  shift 229
	.  error

	simplevar  goto 226
	simplevars  goto 228

state 84
	term:  PARSER_TOK_GLOBALLY.term 

	PARSER_TOK_PRESYMBOL  shift 63
	PARSER_TOK_VARIABLE  shift 88
	PARSER_TOK_LPAREN  shift 78
	PARSER_TOK_TILDA  shift 81
	PARSER_TOK_DOLLAR  shift 86
	PARSER_TOK_FORALL  shift 82
	PARSER_TOK_EXISTS  shift 83
	PARSER_TOK_TRUE  shift 79
	PARSER_TOK_FALSE  shift 80
	PARSER_TOK_OLD  shift 77
	PARSER_TOK_GLOBALLY  shift 84
	PARSER_TOK_EVENTUALLY  shift 85
	.  error

	term  goto 230
	appelem  goto 75
	var  goto 76
	SYMBOLx  goto 87

state 85
	term:  PARSER_TOK_EVENTUALLY.term 

	PARSER_TOK_PRESYMBOL  shift 63
	PARSER_TOK_VARIABLE  shift 88
	PARSER_TOK_LPAREN  shift 78
	PARSER_TOK_TILDA  shift 81
	PARSER_TOK_DOLLAR  shift 86
	PARSER_TOK_FORALL  shift 82
	PARSER_TOK_EXISTS  shift 83
	PARSER_TOK_TRUE  shift 79
	PARSER_TOK_FALSE  shift 80
	PARSER_TOK_OLD  shift 77
	PARSER_TOK_GLOBALLY  shift 84
	PARSER_TOK_EVENTUALLY  shift 85
	.  error

	term  goto 231
	appelem  goto 75
	var  goto 76
	SYMBOLx  goto 87

state 86
	term:  PARSER_TOK_DOLLAR.SYMBOLx PARSER_TOK_DOT fmla 
	term:  PARSER_TOK_DOLLAR.SYMBOLx PARSER_TOK_DOLLAR fmla 

	PARSER_TOK_PRESYMBOL  shift 63
	.  error

	SYMBOLx  goto 232

87: shift/reduce conflict (shift 233(0), red'n 70(0)) on PARSER_TOK_LPAREN
state 87
	SYMBOLx:  SYMBOLx.PARSER_TOK_LB SYMsubscr PARSER_TOK_RB 
	appelem:  SYMBOLx.    (70)
	appelem:  SYMBOLx.PARSER_TOK_LPAREN terms PARSER_TOK_RPAREN 

	PARSER_TOK_LPAREN  shift 233
	PARSER_TOK_LB  shift 189
	.  reduce 70 (src line 1758)


88: shift/reduce conflict (shift 234(11), red'n 74(0)) on PARSER_TOK_COLON
state 88
	var:  PARSER_TOK_VARIABLE.    (74)
	var:  PARSER_TOK_VARIABLE.PARSER_TOK_COLON atype 

	PARSER_TOK_COLON  shift 234
	.  reduce 74 (src line 1799)


state 89
	top:  top PARSER_TOK_UNPROVABLE PARSER_TOK_INVARIANT.labeledfmla optproof 

	PARSER_TOK_PRESYMBOL  shift 63
	PARSER_TOK_VARIABLE  shift 88
	PARSER_TOK_LABEL  shift 74
	PARSER_TOK_LPAREN  shift 78
	PARSER_TOK_LB  shift 73
	PARSER_TOK_TILDA  shift 81
	PARSER_TOK_DOLLAR  shift 86
	PARSER_TOK_FORALL  shift 82
	PARSER_TOK_EXISTS  shift 83
	PARSER_TOK_TRUE  shift 79
	PARSER_TOK_FALSE  shift 80
	PARSER_TOK_OLD  shift 77
	PARSER_TOK_GLOBALLY  shift 84
	PARSER_TOK_EVENTUALLY  shift 85
	.  error

	term  goto 72
	fmla  goto 70
	appelem  goto 75
	var  goto 76
	SYMBOLx  goto 87
	labelname  goto 71
	labeledfmla  goto 235

state 90
	top:  top PARSER_TOK_MODULE modulestart.modcat atom optwith PARSER_TOK_EQ PARSER_TOK_LCB top PARSER_TOK_RCB moduleend 
	modcat: .    (272)

	PARSER_TOK_OBJECT  shift 237
	PARSER_TOK_ISOLATE  shift 238
	.  reduce 272 (src line 3337)

	modcat  goto 236

state 91
	top:  top PARSER_TOK_OBJECT objsym.objectargs PARSER_TOK_EQ PARSER_TOK_LCB optdotdotdot top PARSER_TOK_RCB objectend 
	optargs: .    (283)

	PARSER_TOK_LPAREN  shift 241
	.  reduce 283 (src line 3418)

	optargs  goto 240
	objectargs  goto 239

state 92
	SYMBOLx:  SYMBOLx.PARSER_TOK_LB SYMsubscr PARSER_TOK_RB 
	objsym:  SYMBOLx.    (280)

	PARSER_TOK_LB  shift 189
	.  reduce 280 (src line 3394)


state 93
	top:  top PARSER_TOK_CLASS objsym.objectargs PARSER_TOK_EQ PARSER_TOK_LCB optdotdotdot top PARSER_TOK_RCB objectend 
	optargs: .    (283)

	PARSER_TOK_LPAREN  shift 241
	.  reduce 283 (src line 3418)

	optargs  goto 240
	objectargs  goto 242

state 94
	top:  top PARSER_TOK_SUBCLASS objsym.PARSER_TOK_OF atype PARSER_TOK_EQ PARSER_TOK_LCB optdotdotdot top PARSER_TOK_RCB objectend 

	PARSER_TOK_OF  shift 243
	.  error


state 95
	top:  top PARSER_TOK_SCHEMA schdefn.    (14)

	.  reduce 14 (src line 992)


state 96
	schdefn:  defnlhs.PARSER_TOK_EQ schdefnrhs 

	PARSER_TOK_EQ  shift 244
	.  error


97: shift/reduce conflict (shift 246(0), red'n 151(0)) on PARSER_TOK_LPAREN
state 97
	dotsym:  dotsym.PARSER_TOK_DOT SYMBOLx 
	defnlhs:  dotsym.    (151)
	defnlhs:  dotsym.PARSER_TOK_LPAREN defargs PARSER_TOK_RPAREN 

	PARSER_TOK_LPAREN  shift 246
	PARSER_TOK_DOT  shift 245
	.  reduce 151 (src line 2454)


state 98
	defnlhs:  PARSER_TOK_LPAREN.defarg relop defarg PARSER_TOK_RPAREN 
	defnlhs:  PARSER_TOK_LPAREN.defarg infix defarg PARSER_TOK_RPAREN 

	PARSER_TOK_PRESYMBOL  shift 63
	PARSER_TOK_VARIABLE  shift 88
	PARSER_TOK_CARET  shift 251
	.  error

	var  goto 249
	SYMBOLx  goto 250
	defarg  goto 247
	lparam  goto 248

state 99
	SYMBOLx:  SYMBOLx.PARSER_TOK_LB SYMsubscr PARSER_TOK_RB 
	dotsym:  SYMBOLx.    (149)

	PARSER_TOK_LB  shift 189
	.  reduce 149 (src line 2439)


100: shift/reduce conflict (shift 253(0), red'n 144(0)) on PARSER_TOK_PROOF
state 100
	top:  top PARSER_TOK_THEOREM schdefn.optproof 
	optproof: .    (144)

	PARSER_TOK_PROOF  shift 253
	.  reduce 144 (src line 2398)

	optproof  goto 252

state 101
	top:  top PARSER_TOK_THEOREM labelname.schdefnrhs optproof 

	PARSER_TOK_PRESYMBOL  shift 63
	PARSER_TOK_VARIABLE  shift 88
	PARSER_TOK_LPAREN  shift 78
	PARSER_TOK_LCB  shift 256
	PARSER_TOK_TILDA  shift 81
	PARSER_TOK_DOLLAR  shift 86
	PARSER_TOK_FORALL  shift 82
	PARSER_TOK_EXISTS  shift 83
	PARSER_TOK_TRUE  shift 79
	PARSER_TOK_FALSE  shift 80
	PARSER_TOK_OLD  shift 77
	PARSER_TOK_GLOBALLY  shift 84
	PARSER_TOK_EVENTUALLY  shift 85
	.  error

	term  goto 72
	fmla  goto 255
	appelem  goto 75
	var  goto 76
	SYMBOLx  goto 87
	schdefnrhs  goto 254

state 102
	top:  top PARSER_TOK_PROOF labelname.proofstep 
	opttemporal: .    (132)

	PARSER_TOK_LCB  shift 274
	PARSER_TOK_IF  shift 270
	PARSER_TOK_ASSUME  shift 259
	PARSER_TOK_LET  shift 269
	PARSER_TOK_PROOF  shift 268
	PARSER_TOK_INSTANTIATE  shift 260
	PARSER_TOK_FUNCTION  shift 266
	PARSER_TOK_THEOREM  shift 267
	PARSER_TOK_TEMPORAL  shift 68
	PARSER_TOK_TACTIC  shift 264
	PARSER_TOK_SHOWGOALS  shift 261
	PARSER_TOK_DEFERGOAL  shift 262
	PARSER_TOK_SPOIL  shift 263
	PARSER_TOK_UNFOLD  shift 271
	PARSER_TOK_FORGET  shift 272
	PARSER_TOK_APPLY  shift 258
	.  reduce 132 (src line 2318)

	opttemporal  goto 265
	proofstep  goto 257
	proofgroup  goto 273

state 103
	top:  top PARSER_TOK_INSTANTIATE insts.    (18)
	insts:  insts.PARSER_TOK_COMMA inst 

	PARSER_TOK_COMMA  shift 275
	.  reduce 18 (src line 1040)


state 104
	insts:  inst.    (313)

	.  reduce 313 (src line 3648)


state 105
	inst:  modinst.    (315)
	inst:  modinst.PARSER_TOK_COLON modinst 

	PARSER_TOK_COLON  shift 276
	.  reduce 315 (src line 3661)


state 106
	dotsym:  dotsym.PARSER_TOK_DOT SYMBOLx 
	modinst:  dotsym.    (317)
	modinst:  dotsym.PARSER_TOK_LPAREN pnames PARSER_TOK_RPAREN 

	PARSER_TOK_LPAREN  shift 277
	PARSER_TOK_DOT  shift 245
	.  reduce 317 (src line 3678)


state 107
	top:  top PARSER_TOK_AUTOINSTANCE insts.    (19)
	insts:  insts.PARSER_TOK_COMMA inst 

	PARSER_TOK_COMMA  shift 275
	.  reduce 19 (src line 1047)


state 108
	top:  top PARSER_TOK_RELATION rels.    (21)
	rels:  rels.PARSER_TOK_COMMA rel 

	PARSER_TOK_COMMA  shift 278
	.  reduce 21 (src line 1062)


state 109
	rels:  rel.    (221)

	.  reduce 221 (src line 3005)


state 110
	typeddefn:  defnlhs.    (159)
	typeddefn:  defnlhs.PARSER_TOK_COLON atype 
	rel:  defnlhs.    (219)

	PARSER_TOK_COLON  shift 279
	PARSER_TOK_EQ  reduce 159 (src line 2509)
	.  reduce 219 (src line 2983)


state 111
	rel:  defn.    (220)

	.  reduce 220 (src line 2996)


state 112
	defn:  typeddefn.PARSER_TOK_EQ defnrhs 

	PARSER_TOK_EQ  shift 280
	.  error


state 113
	top:  top PARSER_TOK_FUNCTION funs.    (22)
	funs:  funs.PARSER_TOK_COMMA fun 

	PARSER_TOK_COMMA  shift 281
	.  reduce 22 (src line 1071)


state 114
	funs:  fun.    (225)

	.  reduce 225 (src line 3036)


state 115
	fun:  typeddefn.    (223)
	fun:  typeddefn.PARSER_TOK_EQ defnrhs 

	PARSER_TOK_EQ  shift 282
	.  reduce 223 (src line 3018)


state 116
	typeddefn:  defnlhs.    (159)
	typeddefn:  defnlhs.PARSER_TOK_COLON atype 

	PARSER_TOK_COLON  shift 279
	.  reduce 159 (src line 2509)


state 117
	top:  top PARSER_TOK_DERIVED defns.    (23)
	defns:  defns.PARSER_TOK_COMMA defn 

	PARSER_TOK_COMMA  shift 283
	.  reduce 23 (src line 1080)


state 118
	defns:  defn.    (165)

	.  reduce 165 (src line 2560)


state 119
	top:  top optfinite optghost.PARSER_TOK_TYPE typesymbol 
	top:  top optfinite optghost.PARSER_TOK_TYPE typesymbol PARSER_TOK_EQ sort 

	PARSER_TOK_TYPE  shift 284
	.  error


state 120
	optghost:  PARSER_TOK_GHOST.    (232)

	.  reduce 232 (src line 3085)


state 121
	top:  top PARSER_TOK_PROGRESS defns.    (26)
	defns:  defns.PARSER_TOK_COMMA defn 

	PARSER_TOK_COMMA  shift 283
	.  reduce 26 (src line 1155)


state 122
	top:  top PARSER_TOK_RELY atom.PARSER_TOK_ARROW atom 
	top:  top PARSER_TOK_RELY atom.    (28)

	PARSER_TOK_ARROW  shift 285
	.  reduce 28 (src line 1171)


123: shift/reduce conflict (shift 286(0), red'n 250(0)) on PARSER_TOK_LPAREN
state 123
	SYMBOLx:  SYMBOLx.PARSER_TOK_LB SYMsubscr PARSER_TOK_RB 
	atom:  SYMBOLx.    (250)
	atom:  SYMBOLx.PARSER_TOK_LPAREN terms PARSER_TOK_RPAREN 

	PARSER_TOK_LPAREN  shift 286
	PARSER_TOK_LB  shift 189
	.  reduce 250 (src line 3162)


state 124
	top:  top PARSER_TOK_MIXORD callatom.PARSER_TOK_ARROW callatom 
	callatom:  callatom.PARSER_TOK_DOT callatom 

	PARSER_TOK_DOT  shift 288
	PARSER_TOK_ARROW  shift 287
	.  error


state 125
	callatom:  atom.    (263)

	.  reduce 263 (src line 3264)


state 126
	callatom:  PARSER_TOK_THIS.    (264)

	.  reduce 264 (src line 3270)


state 127
	callatom:  PARSER_TOK_METHOD.    (265)

	.  reduce 265 (src line 3277)


state 128
	top:  top PARSER_TOK_CONCEPT cdefns.    (30)
	cdefns:  cdefns.PARSER_TOK_COMMA cdefn 

	PARSER_TOK_COMMA  shift 289
	.  reduce 30 (src line 1188)


state 129
	cdefns:  cdefn.    (489)

	.  reduce 489 (src line 5281)


state 130
	cdefn:  atom.PARSER_TOK_EQ expr 

	PARSER_TOK_EQ  shift 290
	.  error


state 131
	top:  top PARSER_TOK_UPDATE apps.PARSER_TOK_FROM apps upaxes 
	apps:  apps.PARSER_TOK_COMMA app 

	PARSER_TOK_COMMA  shift 292
	PARSER_TOK_FROM  shift 291
	.  error


state 132
	apps:  app.    (257)

	.  reduce 257 (src line 3210)


state 133
	SYMBOLx:  SYMBOLx.PARSER_TOK_LB SYMsubscr PARSER_TOK_RB 
	appelem:  SYMBOLx.    (70)
	appelem:  SYMBOLx.PARSER_TOK_LPAREN terms PARSER_TOK_RPAREN 
	app:  SYMBOLx.    (254)
	app:  SYMBOLx.PARSER_TOK_LPAREN terms PARSER_TOK_RPAREN 

	PARSER_TOK_LPAREN  shift 293
	PARSER_TOK_LB  shift 189
	PARSER_TOK_COLON  reduce 70 (src line 1758)
	PARSER_TOK_DOT  reduce 70 (src line 1758)
	PARSER_TOK_PLUS  reduce 70 (src line 1758)
	PARSER_TOK_MINUS  reduce 70 (src line 1758)
	PARSER_TOK_TIMES  reduce 70 (src line 1758)
	PARSER_TOK_DIV  reduce 70 (src line 1758)
	PARSER_TOK_EQ  reduce 70 (src line 1758)
	PARSER_TOK_TILDAEQ  reduce 70 (src line 1758)
	PARSER_TOK_LE  reduce 70 (src line 1758)
	PARSER_TOK_LT  reduce 70 (src line 1758)
	PARSER_TOK_GE  reduce 70 (src line 1758)
	PARSER_TOK_GT  reduce 70 (src line 1758)
	PARSER_TOK_AND  reduce 70 (src line 1758)
	PARSER_TOK_OR  reduce 70 (src line 1758)
	PARSER_TOK_ARROW  reduce 70 (src line 1758)
	PARSER_TOK_IFF  reduce 70 (src line 1758)
	PARSER_TOK_PTO  reduce 70 (src line 1758)
	PARSER_TOK_ISA  reduce 70 (src line 1758)
	PARSER_TOK_IF  reduce 70 (src line 1758)
	PARSER_TOK_WHENNEXT  reduce 70 (src line 1758)
	PARSER_TOK_WHENPREV  reduce 70 (src line 1758)
	PARSER_TOK_WHENFIRST  reduce 70 (src line 1758)
	PARSER_TOK_WHENLAST  reduce 70 (src line 1758)
	.  reduce 254 (src line 3192)


state 134
	term:  term.PARSER_TOK_DOT appelem 
	term:  term.PARSER_TOK_PLUS term 
	term:  term.PARSER_TOK_MINUS term 
	term:  term.PARSER_TOK_TIMES term 
	term:  term.PARSER_TOK_DIV term 
	term:  term.PARSER_TOK_IF fmla PARSER_TOK_ELSE term 
	term:  term.PARSER_TOK_EQ term 
	term:  term.PARSER_TOK_LE term 
	term:  term.PARSER_TOK_LT term 
	term:  term.PARSER_TOK_GE term 
	term:  term.PARSER_TOK_GT term 
	term:  term.PARSER_TOK_PTO term 
	term:  term.PARSER_TOK_TILDAEQ term 
	term:  term.PARSER_TOK_AND term 
	term:  term.PARSER_TOK_OR term 
	term:  term.PARSER_TOK_ARROW term 
	term:  term.PARSER_TOK_IFF term 
	term:  term.PARSER_TOK_WHENNEXT term 
	term:  term.PARSER_TOK_WHENPREV term 
	term:  term.PARSER_TOK_WHENFIRST term 
	term:  term.PARSER_TOK_WHENLAST term 
	term:  term.PARSER_TOK_ISA atype 
	term:  term.PARSER_TOK_COLON atype 
	app:  term.infix term 

	PARSER_TOK_COLON  shift 218
	PARSER_TOK_DOT  shift 196
	PARSER_TOK_PLUS  shift 294
	PARSER_TOK_MINUS  shift 295
	PARSER_TOK_TIMES  shift 296
	PARSER_TOK_DIV  shift 297
	PARSER_TOK_EQ  shift 202
	PARSER_TOK_TILDAEQ  shift 208
	PARSER_TOK_LE  shift 203
	PARSER_TOK_LT  shift 204
	PARSER_TOK_GE  shift 205
	PARSER_TOK_GT  shift 206
	PARSER_TOK_AND  shift 209
	PARSER_TOK_OR  shift 210
	PARSER_TOK_ARROW  shift 211
	PARSER_TOK_IFF  shift 212
	PARSER_TOK_PTO  shift 207
	PARSER_TOK_ISA  shift 217
	PARSER_TOK_IF  shift 201
	PARSER_TOK_WHENNEXT  shift 213
	PARSER_TOK_WHENPREV  shift 214
	PARSER_TOK_WHENFIRST  shift 215
	PARSER_TOK_WHENLAST  shift 216
	.  error

	infix  goto 298

state 135
	top:  top PARSER_TOK_MACRO atom.PARSER_TOK_EQ sequence 

	PARSER_TOK_EQ  shift 299
	.  error


state 136
	top:  top optimpex actmeth.SYMBOLx optargs optreturns optactiondef 

	PARSER_TOK_PRESYMBOL  shift 63
	.  error

	SYMBOLx  goto 300

state 137
	actmeth:  PARSER_TOK_ACTION.    (306)

	.  reduce 306 (src line 3589)


state 138
	actmeth:  PARSER_TOK_METHOD.    (307)

	.  reduce 307 (src line 3595)


state 139
	top:  top PARSER_TOK_MIXIN callatom.PARSER_TOK_BEFORE callatom 
	top:  top PARSER_TOK_MIXIN callatom.PARSER_TOK_AFTER callatom 
	callatom:  callatom.PARSER_TOK_DOT callatom 

	PARSER_TOK_DOT  shift 288
	PARSER_TOK_BEFORE  shift 301
	PARSER_TOK_AFTER  shift 302
	.  error


state 140
	top:  top PARSER_TOK_BEFORE atype.optargs optreturns sequence 
	atype:  atype.PARSER_TOK_DOT SYMBOLx 
	optargs: .    (283)

	PARSER_TOK_LPAREN  shift 241
	PARSER_TOK_DOT  shift 304
	.  reduce 283 (src line 3418)

	optargs  goto 303

state 141
	SYMBOLx:  SYMBOLx.PARSER_TOK_LB SYMsubscr PARSER_TOK_RB 
	atype:  SYMBOLx.    (67)

	PARSER_TOK_LB  shift 189
	.  reduce 67 (src line 1728)


state 142
	atype:  PARSER_TOK_THIS.    (69)

	.  reduce 69 (src line 1745)


state 143
	top:  top PARSER_TOK_AFTER atype.optargs optreturns topseq 
	atype:  atype.PARSER_TOK_DOT SYMBOLx 
	optargs: .    (283)

	PARSER_TOK_LPAREN  shift 241
	PARSER_TOK_DOT  shift 304
	.  reduce 283 (src line 3418)

	optargs  goto 305

state 144
	top:  top PARSER_TOK_AFTER PARSER_TOK_INIT.optargs topseq 
	optargs: .    (283)

	PARSER_TOK_LPAREN  shift 241
	.  reduce 283 (src line 3418)

	optargs  goto 306

state 145
	top:  top PARSER_TOK_AROUND atype.optargs optreturns PARSER_TOK_LCB actseq optsemi PARSER_TOK_DOTDOTDOT actseq optsemi PARSER_TOK_RCB 
	atype:  atype.PARSER_TOK_DOT SYMBOLx 
	optargs: .    (283)

	PARSER_TOK_LPAREN  shift 241
	PARSER_TOK_DOT  shift 304
	.  reduce 283 (src line 3418)

	optargs  goto 307

state 146
	top:  top PARSER_TOK_IMPLEMENT atype.optargs optreturns topseq 
	atype:  atype.PARSER_TOK_DOT SYMBOLx 
	optargs: .    (283)

	PARSER_TOK_LPAREN  shift 241
	PARSER_TOK_DOT  shift 304
	.  reduce 283 (src line 3418)

	optargs  goto 308

state 147
	top:  top PARSER_TOK_IMPLEMENT PARSER_TOK_TYPE.SYMBOLx PARSER_TOK_WITH SYMBOLx 

	PARSER_TOK_PRESYMBOL  shift 63
	.  error

	SYMBOLx  goto 309

state 148
	top:  top opttrusted PARSER_TOK_ISOLATE.SYMBOLx optargs PARSER_TOK_EQ callatoms 
	top:  top opttrusted PARSER_TOK_ISOLATE.SYMBOLx optargs PARSER_TOK_EQ callatoms PARSER_TOK_WITH callatoms 
	top:  top opttrusted PARSER_TOK_ISOLATE.SYMBOLx optargs PARSER_TOK_EQ PARSER_TOK_LCB top PARSER_TOK_RCB optwith 

	PARSER_TOK_PRESYMBOL  shift 63
	.  error

	SYMBOLx  goto 310

state 149
	top:  top PARSER_TOK_EXTRACT objsym.objectargs PARSER_TOK_EQ PARSER_TOK_LCB top PARSER_TOK_RCB optwith 
	top:  top PARSER_TOK_EXTRACT objsym.objectargs PARSER_TOK_EQ callatoms 
	optargs: .    (283)

	PARSER_TOK_LPAREN  shift 241
	.  reduce 283 (src line 3418)

	optargs  goto 240
	objectargs  goto 311

state 150
	top:  top PARSER_TOK_EXPORT callatom.    (47)
	callatom:  callatom.PARSER_TOK_DOT callatom 

	PARSER_TOK_DOT  shift 288
	.  reduce 47 (src line 1487)


state 151
	top:  top PARSER_TOK_IMPORT callatom.    (48)
	callatom:  callatom.PARSER_TOK_DOT callatom 

	PARSER_TOK_DOT  shift 288
	.  reduce 48 (src line 1496)


state 152
	top:  top PARSER_TOK_DELEGATE callatoms.optdelegee 
	callatoms:  callatoms.PARSER_TOK_COMMA callatom 
	optdelegee: .    (338)

	PARSER_TOK_COMMA  shift 313
	PARSER_TOK_ARROW  shift 314
	.  reduce 338 (src line 3842)

	optdelegee  goto 312

state 153
	callatom:  callatom.PARSER_TOK_DOT callatom 
	callatoms:  callatom.    (267)

	PARSER_TOK_DOT  shift 288
	.  reduce 267 (src line 3292)


state 154
	top:  top PARSER_TOK_INTERPRET oper.PARSER_TOK_ARROW oper 
	top:  top PARSER_TOK_INTERPRET oper.PARSER_TOK_ARROW PARSER_TOK_LCB term PARSER_TOK_DOTS term PARSER_TOK_RCB 
	top:  top PARSER_TOK_INTERPRET oper.PARSER_TOK_ARROW PARSER_TOK_LCB SYMBOLx moresymbols PARSER_TOK_RCB 

	PARSER_TOK_ARROW  shift 315
	.  error


state 155
	atype:  atype.PARSER_TOK_DOT SYMBOLx 
	oper:  atype.    (329)

	PARSER_TOK_DOT  shift 304
	.  reduce 329 (src line 3769)


state 156
	oper:  relop.    (330)

	.  reduce 330 (src line 3784)


state 157
	oper:  infix.    (331)

	.  reduce 331 (src line 3789)


state 158
	oper:  PARSER_TOK_NATIVEQUOTE.    (332)

	.  reduce 332 (src line 3794)


state 159
	relop:  PARSER_TOK_EQ.    (240)

	.  reduce 240 (src line 3142)


state 160
	relop:  PARSER_TOK_LE.    (241)

	.  reduce 241 (src line 3144)


state 161
	relop:  PARSER_TOK_LT.    (242)

	.  reduce 242 (src line 3145)


state 162
	relop:  PARSER_TOK_GE.    (243)

	.  reduce 243 (src line 3146)


state 163
	relop:  PARSER_TOK_GT.    (244)

	.  reduce 244 (src line 3147)


state 164
	relop:  PARSER_TOK_PTO.    (245)

	.  reduce 245 (src line 3148)


state 165
	infix:  PARSER_TOK_PLUS.    (246)

	.  reduce 246 (src line 3151)


state 166
	infix:  PARSER_TOK_MINUS.    (247)

	.  reduce 247 (src line 3153)


state 167
	infix:  PARSER_TOK_TIMES.    (248)

	.  reduce 248 (src line 3154)


state 168
	infix:  PARSER_TOK_DIV.    (249)

	.  reduce 249 (src line 3155)


state 169
	top:  top PARSER_TOK_ALIAS SYMBOLx.PARSER_TOK_EQ callatom 
	SYMBOLx:  SYMBOLx.PARSER_TOK_LB SYMsubscr PARSER_TOK_RB 

	PARSER_TOK_LB  shift 189
	PARSER_TOK_EQ  shift 316
	.  error


state 170
	top:  top PARSER_TOK_ATTRIBUTE callatom.PARSER_TOK_EQ attributeval 
	callatom:  callatom.PARSER_TOK_DOT callatom 

	PARSER_TOK_DOT  shift 288
	PARSER_TOK_EQ  shift 317
	.  error


state 171
	top:  top PARSER_TOK_VARIANT typesymbol.PARSER_TOK_OF atype 
	top:  top PARSER_TOK_VARIANT typesymbol.PARSER_TOK_OF atype PARSER_TOK_EQ sort 

	PARSER_TOK_OF  shift 318
	.  error


state 172
	SYMBOLx:  SYMBOLx.PARSER_TOK_LB SYMsubscr PARSER_TOK_RB 
	typesymbol:  SYMBOLx.    (227)

	PARSER_TOK_LB  shift 189
	.  reduce 227 (src line 3051)


state 173
	typesymbol:  PARSER_TOK_THIS.    (228)

	.  reduce 228 (src line 3057)


state 174
	top:  top PARSER_TOK_SCENARIO PARSER_TOK_LCB.sceninit PARSER_TOK_SEMI scentranss PARSER_TOK_RCB 

	PARSER_TOK_ARROW  shift 320
	.  error

	sceninit  goto 319

state 175
	top:  top specimpl PARSER_TOK_LCB.top PARSER_TOK_RCB 
	top: .    (1)

	.  reduce 1 (src line 667)

	top  goto 321

state 176
	top:  top PARSER_TOK_STATE SYMBOLx.PARSER_TOK_EQ state_expr 
	SYMBOLx:  SYMBOLx.PARSER_TOK_LB SYMsubscr PARSER_TOK_RB 

	PARSER_TOK_LB  shift 189
	PARSER_TOK_EQ  shift 322
	.  error


state 177
	top:  top PARSER_TOK_ASSERT SYMBOLx.PARSER_TOK_ARROW assert_rhs 
	SYMBOLx:  SYMBOLx.PARSER_TOK_LB SYMsubscr PARSER_TOK_RB 

	PARSER_TOK_LB  shift 189
	PARSER_TOK_ARROW  shift 323
	.  error


state 178
	symdecl:  PARSER_TOK_DESTRUCTOR tterms.    (192)
	tterms:  tterms.PARSER_TOK_COMMA tterm 

	PARSER_TOK_COMMA  shift 324
	.  reduce 192 (src line 2764)


state 179
	tterms:  tterm.    (208)

	.  reduce 208 (src line 2910)


state 180
	tterm:  tapp.    (206)
	tterm:  tapp.PARSER_TOK_COLON atype 

	PARSER_TOK_COLON  shift 325
	.  reduce 206 (src line 2894)


181: shift/reduce conflict (shift 327(0), red'n 203(0)) on PARSER_TOK_LPAREN
state 181
	SYMBOLx:  SYMBOLx.PARSER_TOK_LB SYMsubscr PARSER_TOK_RB 
	tapp:  SYMBOLx.    (203)
	tapp:  SYMBOLx.targs 

	PARSER_TOK_LPAREN  shift 327
	PARSER_TOK_LB  shift 189
	.  reduce 203 (src line 2868)

	targs  goto 326

state 182
	tapp:  PARSER_TOK_LPAREN.var infix var PARSER_TOK_RPAREN 

	PARSER_TOK_VARIABLE  shift 88
	.  error

	var  goto 328

state 183
	symdecl:  PARSER_TOK_FIELD tterms.    (193)
	tterms:  tterms.PARSER_TOK_COMMA tterm 

	PARSER_TOK_COMMA  shift 324
	.  reduce 193 (src line 2771)


state 184
	symdecl:  PARSER_TOK_CONSTRUCTOR tterms.    (194)
	tterms:  tterms.PARSER_TOK_COMMA tterm 

	PARSER_TOK_COMMA  shift 324
	.  reduce 194 (src line 2790)


state 185
	constantdecl:  PARSER_TOK_INDIV tterms.    (195)
	tterms:  tterms.PARSER_TOK_COMMA tterm 

	PARSER_TOK_COMMA  shift 324
	.  reduce 195 (src line 2808)


state 186
	constantdecl:  PARSER_TOK_VAR tterms.    (196)
	tterms:  tterms.PARSER_TOK_COMMA tterm 

	PARSER_TOK_COMMA  shift 324
	.  reduce 196 (src line 2816)


state 187
	constantdecl:  PARSER_TOK_PARAMETER parameter.    (197)

	.  reduce 197 (src line 2823)


state 188
	parameter:  tterm.    (198)
	parameter:  tterm.PARSER_TOK_EQ paramval 

	PARSER_TOK_EQ  shift 329
	.  reduce 198 (src line 2830)


state 189
	SYMBOLx:  SYMBOLx PARSER_TOK_LB.SYMsubscr PARSER_TOK_RB 

	PARSER_TOK_PRESYMBOL  shift 63
	PARSER_TOK_THIS  shift 332
	.  error

	SYMBOLx  goto 331
	SYMsubscr  goto 330

state 190
	top:  top optexplicit opttemporal PARSER_TOK_AXIOM.lgprop 
	optlabel: .    (138)

	PARSER_TOK_LABEL  shift 74
	PARSER_TOK_LB  shift 73
	.  reduce 138 (src line 2357)

	labelname  goto 194
	lgprop  goto 333
	optlabel  goto 334

state 191
	top:  top optexplicit opttemporal PARSER_TOK_PROPERTY.labeledfmla optskolem optproof 

	PARSER_TOK_PRESYMBOL  shift 63
	PARSER_TOK_VARIABLE  shift 88
	PARSER_TOK_LABEL  shift 74
	PARSER_TOK_LPAREN  shift 78
	PARSER_TOK_LB  shift 73
	PARSER_TOK_TILDA  shift 81
	PARSER_TOK_DOLLAR  shift 86
	PARSER_TOK_FORALL  shift 82
	PARSER_TOK_EXISTS  shift 83
	PARSER_TOK_TRUE  shift 79
	PARSER_TOK_FALSE  shift 80
	PARSER_TOK_OLD  shift 77
	PARSER_TOK_GLOBALLY  shift 84
	PARSER_TOK_EVENTUALLY  shift 85
	.  error

	term  goto 72
	fmla  goto 70
	appelem  goto 75
	var  goto 76
	SYMBOLx  goto 87
	labelname  goto 71
	labeledfmla  goto 335

192: shift/reduce conflict (shift 253(0), red'n 144(0)) on PARSER_TOK_PROOF
state 192
	top:  top optexplicit PARSER_TOK_INVARIANT labeledfmla.optproof 
	optproof: .    (144)

	PARSER_TOK_PROOF  shift 253
	.  reduce 144 (src line 2398)

	optproof  goto 336

state 193
	top:  top optexplicit PARSER_TOK_DEFINITION optlabel.gdefn optproof 

	PARSER_TOK_PRESYMBOL  shift 63
	PARSER_TOK_LPAREN  shift 98
	PARSER_TOK_LCB  shift 339
	.  error

	SYMBOLx  goto 99
	defn  goto 338
	defnlhs  goto 116
	typeddefn  goto 112
	gdefn  goto 337
	dotsym  goto 97

state 194
	optlabel:  labelname.    (139)

	.  reduce 139 (src line 2363)


state 195
	labeledfmla:  labelname fmla.    (126)

	.  reduce 126 (src line 2252)


state 196
	term:  term PARSER_TOK_DOT.appelem 

	PARSER_TOK_PRESYMBOL  shift 63
	.  error

	appelem  goto 340
	SYMBOLx  goto 87

state 197
	term:  term PARSER_TOK_PLUS.term 

	PARSER_TOK_PRESYMBOL  shift 63
	PARSER_TOK_VARIABLE  shift 88
	PARSER_TOK_LPAREN  shift 78
	PARSER_TOK_TILDA  shift 81
	PARSER_TOK_DOLLAR  shift 86
	PARSER_TOK_FORALL  shift 82
	PARSER_TOK_EXISTS  shift 83
	PARSER_TOK_TRUE  shift 79
	PARSER_TOK_FALSE  shift 80
	PARSER_TOK_OLD  shift 77
	PARSER_TOK_GLOBALLY  shift 84
	PARSER_TOK_EVENTUALLY  shift 85
	.  error

	term  goto 341
	appelem  goto 75
	var  goto 76
	SYMBOLx  goto 87

state 198
	term:  term PARSER_TOK_MINUS.term 

	PARSER_TOK_PRESYMBOL  shift 63
	PARSER_TOK_VARIABLE  shift 88
	PARSER_TOK_LPAREN  shift 78
	PARSER_TOK_TILDA  shift 81
	PARSER_TOK_DOLLAR  shift 86
	PARSER_TOK_FORALL  shift 82
	PARSER_TOK_EXISTS  shift 83
	PARSER_TOK_TRUE  shift 79
	PARSER_TOK_FALSE  shift 80
	PARSER_TOK_OLD  shift 77
	PARSER_TOK_GLOBALLY  shift 84
	PARSER_TOK_EVENTUALLY  shift 85
	.  error

	term  goto 342
	appelem  goto 75
	var  goto 76
	SYMBOLx  goto 87

state 199
	term:  term PARSER_TOK_TIMES.term 

	PARSER_TOK_PRESYMBOL  shift 63
	PARSER_TOK_VARIABLE  shift 88
	PARSER_TOK_LPAREN  shift 78
	PARSER_TOK_TILDA  shift 81
	PARSER_TOK_DOLLAR  shift 86
	PARSER_TOK_FORALL  shift 82
	PARSER_TOK_EXISTS  shift 83
	PARSER_TOK_TRUE  shift 79
	PARSER_TOK_FALSE  shift 80
	PARSER_TOK_OLD  shift 77
	PARSER_TOK_GLOBALLY  shift 84
	PARSER_TOK_EVENTUALLY  shift 85
	.  error

	term  goto 343
	appelem  goto 75
	var  goto 76
	SYMBOLx  goto 87

state 200
	term:  term PARSER_TOK_DIV.term 

	PARSER_TOK_PRESYMBOL  shift 63
	PARSER_TOK_VARIABLE  shift 88
	PARSER_TOK_LPAREN  shift 78
	PARSER_TOK_TILDA  shift 81
	PARSER_TOK_DOLLAR  shift 86
	PARSER_TOK_FORALL  shift 82
	PARSER_TOK_EXISTS  shift 83
	PARSER_TOK_TRUE  shift 79
	PARSER_TOK_FALSE  shift 80
	PARSER_TOK_OLD  shift 77
	PARSER_TOK_GLOBALLY  shift 84
	PARSER_TOK_EVENTUALLY  shift 85
	.  error

	term  goto 344
	appelem  goto 75
	var  goto 76
	SYMBOLx  goto 87

state 201
	term:  term PARSER_TOK_IF.fmla PARSER_TOK_ELSE term 

	PARSER_TOK_PRESYMBOL  shift 63
	PARSER_TOK_VARIABLE  shift 88
	PARSER_TOK_LPAREN  shift 78
	PARSER_TOK_TILDA  shift 81
	PARSER_TOK_DOLLAR  shift 86
	PARSER_TOK_FORALL  shift 82
	PARSER_TOK_EXISTS  shift 83
	PARSER_TOK_TRUE  shift 79
	PARSER_TOK_FALSE  shift 80
	PARSER_TOK_OLD  shift 77
	PARSER_TOK_GLOBALLY  shift 84
	PARSER_TOK_EVENTUALLY  shift 85
	.  error

	term  goto 72
	fmla  goto 345
	appelem  goto 75
	var  goto 76
	SYMBOLx  goto 87

state 202
	term:  term PARSER_TOK_EQ.term 

	PARSER_TOK_PRESYMBOL  shift 63
	PARSER_TOK_VARIABLE  shift 88
	PARSER_TOK_LPAREN  shift 78
	PARSER_TOK_TILDA  shift 81
	PARSER_TOK_DOLLAR  shift 86
	PARSER_TOK_FORALL  shift 82
	PARSER_TOK_EXISTS  shift 83
	PARSER_TOK_TRUE  shift 79
	PARSER_TOK_FALSE  shift 80
	PARSER_TOK_OLD  shift 77
	PARSER_TOK_GLOBALLY  shift 84
	PARSER_TOK_EVENTUALLY  shift 85
	.  error

	term  goto 346
	appelem  goto 75
	var  goto 76
	SYMBOLx  goto 87

state 203
	term:  term PARSER_TOK_LE.term 

	PARSER_TOK_PRESYMBOL  shift 63
	PARSER_TOK_VARIABLE  shift 88
	PARSER_TOK_LPAREN  shift 78
	PARSER_TOK_TILDA  shift 81
	PARSER_TOK_DOLLAR  shift 86
	PARSER_TOK_FORALL  shift 82
	PARSER_TOK_EXISTS  shift 83
	PARSER_TOK_TRUE  shift 79
	PARSER_TOK_FALSE  shift 80
	PARSER_TOK_OLD  shift 77
	PARSER_TOK_GLOBALLY  shift 84
	PARSER_TOK_EVENTUALLY  shift 85
	.  error

	term  goto 347
	appelem  goto 75
	var  goto 76
	SYMBOLx  goto 87

state 204
	term:  term PARSER_TOK_LT.term 

	PARSER_TOK_PRESYMBOL  shift 63
	PARSER_TOK_VARIABLE  shift 88
	PARSER_TOK_LPAREN  shift 78
	PARSER_TOK_TILDA  shift 81
	PARSER_TOK_DOLLAR  shift 86
	PARSER_TOK_FORALL  shift 82
	PARSER_TOK_EXISTS  shift 83
	PARSER_TOK_TRUE  shift 79
	PARSER_TOK_FALSE  shift 80
	PARSER_TOK_OLD  shift 77
	PARSER_TOK_GLOBALLY  shift 84
	PARSER_TOK_EVENTUALLY  shift 85
	.  error

	term  goto 348
	appelem  goto 75
	var  goto 76
	SYMBOLx  goto 87

state 205
	term:  term PARSER_TOK_GE.term 

	PARSER_TOK_PRESYMBOL  shift 63
	PARSER_TOK_VARIABLE  shift 88
	PARSER_TOK_LPAREN  shift 78
	PARSER_TOK_TILDA  shift 81
	PARSER_TOK_DOLLAR  shift 86
	PARSER_TOK_FORALL  shift 82
	PARSER_TOK_EXISTS  shift 83
	PARSER_TOK_TRUE  shift 79
	PARSER_TOK_FALSE  shift 80
	PARSER_TOK_OLD  shift 77
	PARSER_TOK_GLOBALLY  shift 84
	PARSER_TOK_EVENTUALLY  shift 85
	.  error

	term  goto 349
	appelem  goto 75
	var  goto 76
	SYMBOLx  goto 87

state 206
	term:  term PARSER_TOK_GT.term 

	PARSER_TOK_PRESYMBOL  shift 63
	PARSER_TOK_VARIABLE  shift 88
	PARSER_TOK_LPAREN  shift 78
	PARSER_TOK_TILDA  shift 81
	PARSER_TOK_DOLLAR  shift 86
	PARSER_TOK_FORALL  shift 82
	PARSER_TOK_EXISTS  shift 83
	PARSER_TOK_TRUE  shift 79
	PARSER_TOK_FALSE  shift 80
	PARSER_TOK_OLD  shift 77
	PARSER_TOK_GLOBALLY  shift 84
	PARSER_TOK_EVENTUALLY  shift 85
	.  error

	term  goto 350
	appelem  goto 75
	var  goto 76
	SYMBOLx  goto 87

state 207
	term:  term PARSER_TOK_PTO.term 

	PARSER_TOK_PRESYMBOL  shift 63
	PARSER_TOK_VARIABLE  shift 88
	PARSER_TOK_LPAREN  shift 78
	PARSER_TOK_TILDA  shift 81
	PARSER_TOK_DOLLAR  shift 86
	PARSER_TOK_FORALL  shift 82
	PARSER_TOK_EXISTS  shift 83
	PARSER_TOK_TRUE  shift 79
	PARSER_TOK_FALSE  shift 80
	PARSER_TOK_OLD  shift 77
	PARSER_TOK_GLOBALLY  shift 84
	PARSER_TOK_EVENTUALLY  shift 85
	.  error

	term  goto 351
	appelem  goto 75
	var  goto 76
	SYMBOLx  goto 87

state 208
	term:  term PARSER_TOK_TILDAEQ.term 

	PARSER_TOK_PRESYMBOL  shift 63
	PARSER_TOK_VARIABLE  shift 88
	PARSER_TOK_LPAREN  shift 78
	PARSER_TOK_TILDA  shift 81
	PARSER_TOK_DOLLAR  shift 86
	PARSER_TOK_FORALL  shift 82
	PARSER_TOK_EXISTS  shift 83
	PARSER_TOK_TRUE  shift 79
	PARSER_TOK_FALSE  shift 80
	PARSER_TOK_OLD  shift 77
	PARSER_TOK_GLOBALLY  shift 84
	PARSER_TOK_EVENTUALLY  shift 85
	.  error

	term  goto 352
	appelem  goto 75
	var  goto 76
	SYMBOLx  goto 87

state 209
	term:  term PARSER_TOK_AND.term 

	PARSER_TOK_PRESYMBOL  shift 63
	PARSER_TOK_VARIABLE  shift 88
	PARSER_TOK_LPAREN  shift 78
	PARSER_TOK_TILDA  shift 81
	PARSER_TOK_DOLLAR  shift 86
	PARSER_TOK_FORALL  shift 82
	PARSER_TOK_EXISTS  shift 83
	PARSER_TOK_TRUE  shift 79
	PARSER_TOK_FALSE  shift 80
	PARSER_TOK_OLD  shift 77
	PARSER_TOK_GLOBALLY  shift 84
	PARSER_TOK_EVENTUALLY  shift 85
	.  error

	term  goto 353
	appelem  goto 75
	var  goto 76
	SYMBOLx  goto 87

state 210
	term:  term PARSER_TOK_OR.term 

	PARSER_TOK_PRESYMBOL  shift 63
	PARSER_TOK_VARIABLE  shift 88
	PARSER_TOK_LPAREN  shift 78
	PARSER_TOK_TILDA  shift 81
	PARSER_TOK_DOLLAR  shift 86
	PARSER_TOK_FORALL  shift 82
	PARSER_TOK_EXISTS  shift 83
	PARSER_TOK_TRUE  shift 79
	PARSER_TOK_FALSE  shift 80
	PARSER_TOK_OLD  shift 77
	PARSER_TOK_GLOBALLY  shift 84
	PARSER_TOK_EVENTUALLY  shift 85
	.  error

	term  goto 354
	appelem  goto 75
	var  goto 76
	SYMBOLx  goto 87

state 211
	term:  term PARSER_TOK_ARROW.term 

	PARSER_TOK_PRESYMBOL  shift 63
	PARSER_TOK_VARIABLE  shift 88
	PARSER_TOK_LPAREN  shift 78
	PARSER_TOK_TILDA  shift 81
	PARSER_TOK_DOLLAR  shift 86
	PARSER_TOK_FORALL  shift 82
	PARSER_TOK_EXISTS  shift 83
	PARSER_TOK_TRUE  shift 79
	PARSER_TOK_FALSE  shift 80
	PARSER_TOK_OLD  shift 77
	PARSER_TOK_GLOBALLY  shift 84
	PARSER_TOK_EVENTUALLY  shift 85
	.  error

	term  goto 355
	appelem  goto 75
	var  goto 76
	SYMBOLx  goto 87

state 212
	term:  term PARSER_TOK_IFF.term 

	PARSER_TOK_PRESYMBOL  shift 63
	PARSER_TOK_VARIABLE  shift 88
	PARSER_TOK_LPAREN  shift 78
	PARSER_TOK_TILDA  shift 81
	PARSER_TOK_DOLLAR  shift 86
	PARSER_TOK_FORALL  shift 82
	PARSER_TOK_EXISTS  shift 83
	PARSER_TOK_TRUE  shift 79
	PARSER_TOK_FALSE  shift 80
	PARSER_TOK_OLD  shift 77
	PARSER_TOK_GLOBALLY  shift 84
	PARSER_TOK_EVENTUALLY  shift 85
	.  error

	term  goto 356
	appelem  goto 75
	var  goto 76
	SYMBOLx  goto 87

state 213
	term:  term PARSER_TOK_WHENNEXT.term 

	PARSER_TOK_PRESYMBOL  shift 63
	PARSER_TOK_VARIABLE  shift 88
	PARSER_TOK_LPAREN  shift 78
	PARSER_TOK_TILDA  shift 81
	PARSER_TOK_DOLLAR  shift 86
	PARSER_TOK_FORALL  shift 82
	PARSER_TOK_EXISTS  shift 83
	PARSER_TOK_TRUE  shift 79
	PARSER_TOK_FALSE  shift 80
	PARSER_TOK_OLD  shift 77
	PARSER_TOK_GLOBALLY  shift 84
	PARSER_TOK_EVENTUALLY  shift 85
	.  error

	term  goto 357
	appelem  goto 75
	var  goto 76
	SYMBOLx  goto 87

state 214
	term:  term PARSER_TOK_WHENPREV.term 

	PARSER_TOK_PRESYMBOL  shift 63
	PARSER_TOK_VARIABLE  shift 88
	PARSER_TOK_LPAREN  shift 78
	PARSER_TOK_TILDA  shift 81
	PARSER_TOK_DOLLAR  shift 86
	PARSER_TOK_FORALL  shift 82
	PARSER_TOK_EXISTS  shift 83
	PARSER_TOK_TRUE  shift 79
	PARSER_TOK_FALSE  shift 80
	PARSER_TOK_OLD  shift 77
	PARSER_TOK_GLOBALLY  shift 84
	PARSER_TOK_EVENTUALLY  shift 85
	.  error

	term  goto 358
	appelem  goto 75
	var  goto 76
	SYMBOLx  goto 87

state 215
	term:  term PARSER_TOK_WHENFIRST.term 

	PARSER_TOK_PRESYMBOL  shift 63
	PARSER_TOK_VARIABLE  shift 88
	PARSER_TOK_LPAREN  shift 78
	PARSER_TOK_TILDA  shift 81
	PARSER_TOK_DOLLAR  shift 86
	PARSER_TOK_FORALL  shift 82
	PARSER_TOK_EXISTS  shift 83
	PARSER_TOK_TRUE  shift 79
	PARSER_TOK_FALSE  shift 80
	PARSER_TOK_OLD  shift 77
	PARSER_TOK_GLOBALLY  shift 84
	PARSER_TOK_EVENTUALLY  shift 85
	.  error

	term  goto 359
	appelem  goto 75
	var  goto 76
	SYMBOLx  goto 87

state 216
	term:  term PARSER_TOK_WHENLAST.term 

	PARSER_TOK_PRESYMBOL  shift 63
	PARSER_TOK_VARIABLE  shift 88
	PARSER_TOK_LPAREN  shift 78
	PARSER_TOK_TILDA  shift 81
	PARSER_TOK_DOLLAR  shift 86
	PARSER_TOK_FORALL  shift 82
	PARSER_TOK_EXISTS  shift 83
	PARSER_TOK_TRUE  shift 79
	PARSER_TOK_FALSE  shift 80
	PARSER_TOK_OLD  shift 77
	PARSER_TOK_GLOBALLY  shift 84
	PARSER_TOK_EVENTUALLY  shift 85
	.  error

	term  goto 360
	appelem  goto 75
	var  goto 76
	SYMBOLx  goto 87

state 217
	term:  term PARSER_TOK_ISA.atype 

	PARSER_TOK_PRESYMBOL  shift 63
	PARSER_TOK_THIS  shift 142
	.  error

	atype  goto 361
	SYMBOLx  goto 141

state 218
	term:  term PARSER_TOK_COLON.atype 

	PARSER_TOK_PRESYMBOL  shift 63
	PARSER_TOK_THIS  shift 142
	.  error

	atype  goto 362
	SYMBOLx  goto 141

state 219
	SYMBOLx:  SYMBOLx.PARSER_TOK_LB SYMsubscr PARSER_TOK_RB 
	labelname:  PARSER_TOK_LB SYMBOLx.PARSER_TOK_RB 

	PARSER_TOK_LB  shift 189
	PARSER_TOK_RB  shift 363
	.  error


state 220
	term:  PARSER_TOK_OLD appelem.    (87)

	.  reduce 87 (src line 1900)


state 221
	term:  term.PARSER_TOK_DOT appelem 
	term:  PARSER_TOK_LPAREN term.PARSER_TOK_RPAREN 
	term:  term.PARSER_TOK_PLUS term 
	term:  term.PARSER_TOK_MINUS term 
	term:  term.PARSER_TOK_TIMES term 
	term:  term.PARSER_TOK_DIV term 
	term:  term.PARSER_TOK_IF fmla PARSER_TOK_ELSE term 
	term:  term.PARSER_TOK_EQ term 
	term:  term.PARSER_TOK_LE term 
	term:  term.PARSER_TOK_LT term 
	term:  term.PARSER_TOK_GE term 
	term:  term.PARSER_TOK_GT term 
	term:  term.PARSER_TOK_PTO term 
	term:  term.PARSER_TOK_TILDAEQ term 
	term:  term.PARSER_TOK_AND term 
	term:  term.PARSER_TOK_OR term 
	term:  term.PARSER_TOK_ARROW term 
	term:  term.PARSER_TOK_IFF term 
	term:  term.PARSER_TOK_WHENNEXT term 
	term:  term.PARSER_TOK_WHENPREV term 
	term:  term.PARSER_TOK_WHENFIRST term 
	term:  term.PARSER_TOK_WHENLAST term 
	term:  term.PARSER_TOK_ISA atype 
	term:  term.PARSER_TOK_COLON atype 

	PARSER_TOK_RPAREN  shift 364
	PARSER_TOK_COLON  shift 218
	PARSER_TOK_DOT  shift 196
	PARSER_TOK_PLUS  shift 197
	PARSER_TOK_MINUS  shift 198
	PARSER_TOK_TIMES  shift 199
	PARSER_TOK_DIV  shift 200
	PARSER_TOK_EQ  shift 202
	PARSER_TOK_TILDAEQ  shift 208
	PARSER_TOK_LE  shift 203
	PARSER_TOK_LT  shift 204
	PARSER_TOK_GE  shift 205
	PARSER_TOK_GT  shift 206
	PARSER_TOK_AND  shift 209
	PARSER_TOK_OR  shift 210
	PARSER_TOK_ARROW  shift 211
	PARSER_TOK_IFF  shift 212
	PARSER_TOK_PTO  shift 207
	PARSER_TOK_ISA  shift 217
	PARSER_TOK_IF  shift 201
	PARSER_TOK_WHENNEXT  shift 213
	PARSER_TOK_WHENPREV  shift 214
	PARSER_TOK_WHENFIRST  shift 215
	PARSER_TOK_WHENLAST  shift 216
	.  error


state 222
	term:  PARSER_TOK_LPAREN PARSER_TOK_DOLLAR.SYMBOLx simplevars PARSER_TOK_DOT fmla PARSER_TOK_RPAREN PARSER_TOK_LPAREN terms PARSER_TOK_RPAREN 
	term:  PARSER_TOK_DOLLAR.SYMBOLx PARSER_TOK_DOT fmla 
	term:  PARSER_TOK_DOLLAR.SYMBOLx PARSER_TOK_DOLLAR fmla 

	PARSER_TOK_PRESYMBOL  shift 63
	.  error

	SYMBOLx  goto 365

223: shift/reduce conflict (shift 217(0), red'n 104(6)) on PARSER_TOK_ISA
223: shift/reduce conflict (shift 213(0), red'n 104(6)) on PARSER_TOK_WHENNEXT
223: shift/reduce conflict (shift 214(0), red'n 104(6)) on PARSER_TOK_WHENPREV
223: shift/reduce conflict (shift 215(0), red'n 104(6)) on PARSER_TOK_WHENFIRST
223: shift/reduce conflict (shift 216(0), red'n 104(6)) on PARSER_TOK_WHENLAST
state 223
	term:  term.PARSER_TOK_DOT appelem 
	term:  term.PARSER_TOK_PLUS term 
	term:  term.PARSER_TOK_MINUS term 
	term:  term.PARSER_TOK_TIMES term 
	term:  term.PARSER_TOK_DIV term 
	term:  term.PARSER_TOK_IF fmla PARSER_TOK_ELSE term 
	term:  term.PARSER_TOK_EQ term 
	term:  term.PARSER_TOK_LE term 
	term:  term.PARSER_TOK_LT term 
	term:  term.PARSER_TOK_GE term 
	term:  term.PARSER_TOK_GT term 
	term:  term.PARSER_TOK_PTO term 
	term:  term.PARSER_TOK_TILDAEQ term 
	term:  PARSER_TOK_TILDA term.    (104)
	term:  term.PARSER_TOK_AND term 
	term:  term.PARSER_TOK_OR term 
	term:  term.PARSER_TOK_ARROW term 
	term:  term.PARSER_TOK_IFF term 
	term:  term.PARSER_TOK_WHENNEXT term 
	term:  term.PARSER_TOK_WHENPREV term 
	term:  term.PARSER_TOK_WHENFIRST term 
	term:  term.PARSER_TOK_WHENLAST term 
	term:  term.PARSER_TOK_ISA atype 
	term:  term.PARSER_TOK_COLON atype 

	PARSER_TOK_COLON  shift 218
	PARSER_TOK_DOT  shift 196
	PARSER_TOK_PLUS  shift 197
	PARSER_TOK_MINUS  shift 198
	PARSER_TOK_TIMES  shift 199
	PARSER_TOK_DIV  shift 200
	PARSER_TOK_EQ  shift 202
	PARSER_TOK_TILDAEQ  shift 208
	PARSER_TOK_LE  shift 203
	PARSER_TOK_LT  shift 204
	PARSER_TOK_GE  shift 205
	PARSER_TOK_GT  shift 206
	PARSER_TOK_PTO  shift 207
	PARSER_TOK_ISA  shift 217
	PARSER_TOK_IF  shift 201
	PARSER_TOK_WHENNEXT  shift 213
	PARSER_TOK_WHENPREV  shift 214
	PARSER_TOK_WHENFIRST  shift 215
	PARSER_TOK_WHENLAST  shift 216
	.  reduce 104 (src line 2048)


state 224
	simplevars:  simplevars.PARSER_TOK_COMMA simplevar 
	term:  PARSER_TOK_FORALL simplevars.PARSER_TOK_DOT term 

	PARSER_TOK_COMMA  shift 366
	PARSER_TOK_DOT  shift 367
	.  error


state 225
	term:  PARSER_TOK_FORALL PARSER_TOK_LPAREN.vars PARSER_TOK_RPAREN term 

	PARSER_TOK_VARIABLE  shift 88
	.  error

	var  goto 369
	vars  goto 368

state 226
	simplevars:  simplevar.    (80)

	.  reduce 80 (src line 1850)


state 227
	simplevar:  PARSER_TOK_VARIABLE.    (76)
	simplevar:  PARSER_TOK_VARIABLE.PARSER_TOK_COLON SYMBOLx 

	PARSER_TOK_COLON  shift 370
	.  reduce 76 (src line 1818)


state 228
	simplevars:  simplevars.PARSER_TOK_COMMA simplevar 
	term:  PARSER_TOK_EXISTS simplevars.PARSER_TOK_DOT term 

	PARSER_TOK_COMMA  shift 366
	PARSER_TOK_DOT  shift 371
	.  error


state 229
	term:  PARSER_TOK_EXISTS PARSER_TOK_LPAREN.vars PARSER_TOK_RPAREN term 

	PARSER_TOK_VARIABLE  shift 88
	.  error

	var  goto 369
	vars  goto 372

230: shift/reduce conflict (shift 217(0), red'n 113(2)) on PARSER_TOK_ISA
230: shift/reduce conflict (shift 213(0), red'n 113(2)) on PARSER_TOK_WHENNEXT
230: shift/reduce conflict (shift 214(0), red'n 113(2)) on PARSER_TOK_WHENPREV
230: shift/reduce conflict (shift 215(0), red'n 113(2)) on PARSER_TOK_WHENFIRST
230: shift/reduce conflict (shift 216(0), red'n 113(2)) on PARSER_TOK_WHENLAST
state 230
	term:  term.PARSER_TOK_DOT appelem 
	term:  term.PARSER_TOK_PLUS term 
	term:  term.PARSER_TOK_MINUS term 
	term:  term.PARSER_TOK_TIMES term 
	term:  term.PARSER_TOK_DIV term 
	term:  term.PARSER_TOK_IF fmla PARSER_TOK_ELSE term 
	term:  term.PARSER_TOK_EQ term 
	term:  term.PARSER_TOK_LE term 
	term:  term.PARSER_TOK_LT term 
	term:  term.PARSER_TOK_GE term 
	term:  term.PARSER_TOK_GT term 
	term:  term.PARSER_TOK_PTO term 
	term:  term.PARSER_TOK_TILDAEQ term 
	term:  term.PARSER_TOK_AND term 
	term:  term.PARSER_TOK_OR term 
	term:  term.PARSER_TOK_ARROW term 
	term:  term.PARSER_TOK_IFF term 
	term:  PARSER_TOK_GLOBALLY term.    (113)
	term:  term.PARSER_TOK_WHENNEXT term 
	term:  term.PARSER_TOK_WHENPREV term 
	term:  term.PARSER_TOK_WHENFIRST term 
	term:  term.PARSER_TOK_WHENLAST term 
	term:  term.PARSER_TOK_ISA atype 
	term:  term.PARSER_TOK_COLON atype 

	PARSER_TOK_COLON  shift 218
	PARSER_TOK_DOT  shift 196
	PARSER_TOK_PLUS  shift 197
	PARSER_TOK_MINUS  shift 198
	PARSER_TOK_TIMES  shift 199
	PARSER_TOK_DIV  shift 200
	PARSER_TOK_EQ  shift 202
	PARSER_TOK_TILDAEQ  shift 208
	PARSER_TOK_LE  shift 203
	PARSER_TOK_LT  shift 204
	PARSER_TOK_GE  shift 205
	PARSER_TOK_GT  shift 206
	PARSER_TOK_AND  shift 209
	PARSER_TOK_OR  shift 210
	PARSER_TOK_ARROW  shift 211
	PARSER_TOK_IFF  shift 212
	PARSER_TOK_PTO  shift 207
	PARSER_TOK_ISA  shift 217
	PARSER_TOK_IF  shift 201
	PARSER_TOK_WHENNEXT  shift 213
	PARSER_TOK_WHENPREV  shift 214
	PARSER_TOK_WHENFIRST  shift 215
	PARSER_TOK_WHENLAST  shift 216
	.  reduce 113 (src line 2125)


231: shift/reduce conflict (shift 217(0), red'n 114(2)) on PARSER_TOK_ISA
231: shift/reduce conflict (shift 213(0), red'n 114(2)) on PARSER_TOK_WHENNEXT
231: shift/reduce conflict (shift 214(0), red'n 114(2)) on PARSER_TOK_WHENPREV
231: shift/reduce conflict (shift 215(0), red'n 114(2)) on PARSER_TOK_WHENFIRST
231: shift/reduce conflict (shift 216(0), red'n 114(2)) on PARSER_TOK_WHENLAST
state 231
	term:  term.PARSER_TOK_DOT appelem 
	term:  term.PARSER_TOK_PLUS term 
	term:  term.PARSER_TOK_MINUS term 
	term:  term.PARSER_TOK_TIMES term 
	term:  term.PARSER_TOK_DIV term 
	term:  term.PARSER_TOK_IF fmla PARSER_TOK_ELSE term 
	term:  term.PARSER_TOK_EQ term 
	term:  term.PARSER_TOK_LE term 
	term:  term.PARSER_TOK_LT term 
	term:  term.PARSER_TOK_GE term 
	term:  term.PARSER_TOK_GT term 
	term:  term.PARSER_TOK_PTO term 
	term:  term.PARSER_TOK_TILDAEQ term 
	term:  term.PARSER_TOK_AND term 
	term:  term.PARSER_TOK_OR term 
	term:  term.PARSER_TOK_ARROW term 
	term:  term.PARSER_TOK_IFF term 
	term:  PARSER_TOK_EVENTUALLY term.    (114)
	term:  term.PARSER_TOK_WHENNEXT term 
	term:  term.PARSER_TOK_WHENPREV term 
	term:  term.PARSER_TOK_WHENFIRST term 
	term:  term.PARSER_TOK_WHENLAST term 
	term:  term.PARSER_TOK_ISA atype 
	term:  term.PARSER_TOK_COLON atype 

	PARSER_TOK_COLON  shift 218
	PARSER_TOK_DOT  shift 196
	PARSER_TOK_PLUS  shift 197
	PARSER_TOK_MINUS  shift 198
	PARSER_TOK_TIMES  shift 199
	PARSER_TOK_DIV  shift 200
	PARSER_TOK_EQ  shift 202
	PARSER_TOK_TILDAEQ  shift 208
	PARSER_TOK_LE  shift 203
	PARSER_TOK_LT  shift 204
	PARSER_TOK_GE  shift 205
	PARSER_TOK_GT  shift 206
	PARSER_TOK_AND  shift 209
	PARSER_TOK_OR  shift 210
	PARSER_TOK_ARROW  shift 211
	PARSER_TOK_IFF  shift 212
	PARSER_TOK_PTO  shift 207
	PARSER_TOK_ISA  shift 217
	PARSER_TOK_IF  shift 201
	PARSER_TOK_WHENNEXT  shift 213
	PARSER_TOK_WHENPREV  shift 214
	PARSER_TOK_WHENFIRST  shift 215
	PARSER_TOK_WHENLAST  shift 216
	.  reduce 114 (src line 2132)


state 232
	SYMBOLx:  SYMBOLx.PARSER_TOK_LB SYMsubscr PARSER_TOK_RB 
	term:  PARSER_TOK_DOLLAR SYMBOLx.PARSER_TOK_DOT fmla 
	term:  PARSER_TOK_DOLLAR SYMBOLx.PARSER_TOK_DOLLAR fmla 

	PARSER_TOK_LB  shift 189
	PARSER_TOK_DOT  shift 373
	PARSER_TOK_DOLLAR  shift 374
	.  error


state 233
	appelem:  SYMBOLx PARSER_TOK_LPAREN.terms PARSER_TOK_RPAREN 
	terms: .    (82)

	PARSER_TOK_PRESYMBOL  shift 63
	PARSER_TOK_VARIABLE  shift 88
	PARSER_TOK_LPAREN  shift 78
	PARSER_TOK_TILDA  shift 81
	PARSER_TOK_DOLLAR  shift 86
	PARSER_TOK_FORALL  shift 82
	PARSER_TOK_EXISTS  shift 83
	PARSER_TOK_TRUE  shift 79
	PARSER_TOK_FALSE  shift 80
	PARSER_TOK_OLD  shift 77
	PARSER_TOK_GLOBALLY  shift 84
	PARSER_TOK_EVENTUALLY  shift 85
	.  reduce 82 (src line 1867)

	term  goto 376
	appelem  goto 75
	var  goto 76
	terms  goto 375
	SYMBOLx  goto 87

state 234
	var:  PARSER_TOK_VARIABLE PARSER_TOK_COLON.atype 

	PARSER_TOK_PRESYMBOL  shift 63
	PARSER_TOK_THIS  shift 142
	.  error

	atype  goto 377
	SYMBOLx  goto 141

235: shift/reduce conflict (shift 253(0), red'n 144(0)) on PARSER_TOK_PROOF
state 235
	top:  top PARSER_TOK_UNPROVABLE PARSER_TOK_INVARIANT labeledfmla.optproof 
	optproof: .    (144)

	PARSER_TOK_PROOF  shift 253
	.  reduce 144 (src line 2398)

	optproof  goto 378

state 236
	top:  top PARSER_TOK_MODULE modulestart modcat.atom optwith PARSER_TOK_EQ PARSER_TOK_LCB top PARSER_TOK_RCB moduleend 

	PARSER_TOK_PRESYMBOL  shift 63
	.  error

	SYMBOLx  goto 123
	atom  goto 379

state 237
	modcat:  PARSER_TOK_OBJECT.    (273)

	.  reduce 273 (src line 3343)


state 238
	modcat:  PARSER_TOK_ISOLATE.    (274)

	.  reduce 274 (src line 3348)


state 239
	top:  top PARSER_TOK_OBJECT objsym objectargs.PARSER_TOK_EQ PARSER_TOK_LCB optdotdotdot top PARSER_TOK_RCB objectend 

	PARSER_TOK_EQ  shift 380
	.  error


state 240
	objectargs:  optargs.    (279)

	.  reduce 279 (src line 3384)


state 241
	optargs:  PARSER_TOK_LPAREN.lparams PARSER_TOK_RPAREN 

	PARSER_TOK_PRESYMBOL  shift 63
	PARSER_TOK_CARET  shift 251
	.  error

	SYMBOLx  goto 250
	lparam  goto 382
	lparams  goto 381

state 242
	top:  top PARSER_TOK_CLASS objsym objectargs.PARSER_TOK_EQ PARSER_TOK_LCB optdotdotdot top PARSER_TOK_RCB objectend 

	PARSER_TOK_EQ  shift 383
	.  error


state 243
	top:  top PARSER_TOK_SUBCLASS objsym PARSER_TOK_OF.atype PARSER_TOK_EQ PARSER_TOK_LCB optdotdotdot top PARSER_TOK_RCB objectend 

	PARSER_TOK_PRESYMBOL  shift 63
	PARSER_TOK_THIS  shift 142
	.  error

	atype  goto 384
	SYMBOLx  goto 141

state 244
	schdefn:  defnlhs PARSER_TOK_EQ.schdefnrhs 

	PARSER_TOK_PRESYMBOL  shift 63
	PARSER_TOK_VARIABLE  shift 88
	PARSER_TOK_LPAREN  shift 78
	PARSER_TOK_LCB  shift 256
	PARSER_TOK_TILDA  shift 81
	PARSER_TOK_DOLLAR  shift 86
	PARSER_TOK_FORALL  shift 82
	PARSER_TOK_EXISTS  shift 83
	PARSER_TOK_TRUE  shift 79
	PARSER_TOK_FALSE  shift 80
	PARSER_TOK_OLD  shift 77
	PARSER_TOK_GLOBALLY  shift 84
	PARSER_TOK_EVENTUALLY  shift 85
	.  error

	term  goto 72
	fmla  goto 255
	appelem  goto 75
	var  goto 76
	SYMBOLx  goto 87
	schdefnrhs  goto 385

state 245
	dotsym:  dotsym PARSER_TOK_DOT.SYMBOLx 

	PARSER_TOK_PRESYMBOL  shift 63
	.  error

	SYMBOLx  goto 386

state 246
	defnlhs:  dotsym PARSER_TOK_LPAREN.defargs PARSER_TOK_RPAREN 

	PARSER_TOK_PRESYMBOL  shift 63
	PARSER_TOK_VARIABLE  shift 88
	PARSER_TOK_CARET  shift 251
	.  error

	var  goto 249
	SYMBOLx  goto 250
	defarg  goto 388
	defargs  goto 387
	lparam  goto 248

state 247
	defnlhs:  PARSER_TOK_LPAREN defarg.relop defarg PARSER_TOK_RPAREN 
	defnlhs:  PARSER_TOK_LPAREN defarg.infix defarg PARSER_TOK_RPAREN 

	PARSER_TOK_PLUS  shift 165
	PARSER_TOK_MINUS  shift 166
	PARSER_TOK_TIMES  shift 167
	PARSER_TOK_DIV  shift 168
	PARSER_TOK_EQ  shift 159
	PARSER_TOK_LE  shift 160
	PARSER_TOK_LT  shift 161
	PARSER_TOK_GE  shift 162
	PARSER_TOK_GT  shift 163
	PARSER_TOK_PTO  shift 164
	.  error

	relop  goto 389
	infix  goto 390

state 248
	defarg:  lparam.    (155)

	.  reduce 155 (src line 2483)


state 249
	defarg:  var.    (156)

	.  reduce 156 (src line 2489)


state 250
	SYMBOLx:  SYMBOLx.PARSER_TOK_LB SYMsubscr PARSER_TOK_RB 
	lparam:  SYMBOLx.PARSER_TOK_COLON atype 

	PARSER_TOK_LB  shift 189
	PARSER_TOK_COLON  shift 391
	.  error


state 251
	lparam:  PARSER_TOK_CARET.SYMBOLx PARSER_TOK_COLON atype 

	PARSER_TOK_PRESYMBOL  shift 63
	.  error

	SYMBOLx  goto 392

state 252
	top:  top PARSER_TOK_THEOREM schdefn optproof.    (15)

	.  reduce 15 (src line 1001)


state 253
	optproof:  PARSER_TOK_PROOF.proofstep 
	optproof:  PARSER_TOK_PROOF.labelname proofstep 
	opttemporal: .    (132)

	PARSER_TOK_LABEL  shift 74
	PARSER_TOK_LB  shift 73
	PARSER_TOK_LCB  shift 274
	PARSER_TOK_IF  shift 270
	PARSER_TOK_ASSUME  shift 259
	PARSER_TOK_LET  shift 269
	PARSER_TOK_PROOF  shift 268
	PARSER_TOK_INSTANTIATE  shift 260
	PARSER_TOK_FUNCTION  shift 266
	PARSER_TOK_THEOREM  shift 267
	PARSER_TOK_TEMPORAL  shift 68
	PARSER_TOK_TACTIC  shift 264
	PARSER_TOK_SHOWGOALS  shift 261
	PARSER_TOK_DEFERGOAL  shift 262
	PARSER_TOK_SPOIL  shift 263
	PARSER_TOK_UNFOLD  shift 271
	PARSER_TOK_FORGET  shift 272
	PARSER_TOK_APPLY  shift 258
	.  reduce 132 (src line 2318)

	labelname  goto 394
	opttemporal  goto 265
	proofstep  goto 393
	proofgroup  goto 273

254: shift/reduce conflict (shift 253(0), red'n 144(0)) on PARSER_TOK_PROOF
state 254
	top:  top PARSER_TOK_THEOREM labelname schdefnrhs.optproof 
	optproof: .    (144)

	PARSER_TOK_PROOF  shift 253
	.  reduce 144 (src line 2398)

	optproof  goto 395

state 255
	schdefnrhs:  fmla.    (174)

	.  reduce 174 (src line 2629)


state 256
	schdefnrhs:  PARSER_TOK_LCB.schdecls schconc PARSER_TOK_RCB 
	schdecls: .    (186)

	.  reduce 186 (src line 2717)

	schdecls  goto 396

state 257
	top:  top PARSER_TOK_PROOF labelname proofstep.    (17)

	.  reduce 17 (src line 1029)


state 258
	proofstep:  PARSER_TOK_APPLY.atype optrenaming 
	proofstep:  PARSER_TOK_APPLY.atype optrenaming PARSER_TOK_WITH matches 

	PARSER_TOK_PRESYMBOL  shift 63
	PARSER_TOK_THIS  shift 142
	.  error

	atype  goto 397
	SYMBOLx  goto 141

state 259
	proofstep:  PARSER_TOK_ASSUME.atype optrenaming 
	proofstep:  PARSER_TOK_ASSUME.atype optrenaming PARSER_TOK_WITH matches 

	PARSER_TOK_PRESYMBOL  shift 63
	PARSER_TOK_THIS  shift 142
	.  error

	atype  goto 398
	SYMBOLx  goto 141

state 260
	proofstep:  PARSER_TOK_INSTANTIATE.atype optrenaming 
	proofstep:  PARSER_TOK_INSTANTIATE.labelname atype optrenaming 
	proofstep:  PARSER_TOK_INSTANTIATE.labelname atype optrenaming PARSER_TOK_WITH matches 
	proofstep:  PARSER_TOK_INSTANTIATE.atype optrenaming PARSER_TOK_WITH matches 
	proofstep:  PARSER_TOK_INSTANTIATE.PARSER_TOK_WITH pflets 

	PARSER_TOK_PRESYMBOL  shift 63
	PARSER_TOK_LABEL  shift 74
	PARSER_TOK_LB  shift 73
	PARSER_TOK_THIS  shift 142
	PARSER_TOK_WITH  shift 401
	.  error

	atype  goto 399
	SYMBOLx  goto 141
	labelname  goto 400

state 261
	proofstep:  PARSER_TOK_SHOWGOALS.    (455)

	.  reduce 455 (src line 5018)


state 262
	proofstep:  PARSER_TOK_DEFERGOAL.    (456)

	.  reduce 456 (src line 5025)


state 263
	proofstep:  PARSER_TOK_SPOIL.atype 

	PARSER_TOK_PRESYMBOL  shift 63
	PARSER_TOK_THIS  shift 142
	.  error

	atype  goto 402
	SYMBOLx  goto 141

state 264
	proofstep:  PARSER_TOK_TACTIC.SYMBOLx opttacticwith optproofgroup 

	PARSER_TOK_PRESYMBOL  shift 63
	.  error

	SYMBOLx  goto 403

state 265
	proofstep:  opttemporal.PARSER_TOK_PROPERTY labeledfmla optskolem optproofgroup 

	PARSER_TOK_PROPERTY  shift 404
	.  error


state 266
	proofstep:  PARSER_TOK_FUNCTION.funs 

	PARSER_TOK_PRESYMBOL  shift 63
	PARSER_TOK_LPAREN  shift 98
	.  error

	SYMBOLx  goto 99
	defnlhs  goto 116
	typeddefn  goto 115
	fun  goto 114
	funs  goto 405
	dotsym  goto 97

state 267
	proofstep:  PARSER_TOK_THEOREM.lgprop optproofgroup 
	optlabel: .    (138)

	PARSER_TOK_LABEL  shift 74
	PARSER_TOK_LB  shift 73
	.  reduce 138 (src line 2357)

	labelname  goto 194
	lgprop  goto 406
	optlabel  goto 334

state 268
	proofstep:  PARSER_TOK_PROOF.labelname proofgroup 

	PARSER_TOK_LABEL  shift 74
	PARSER_TOK_LB  shift 73
	.  error

	labelname  goto 407

state 269
	proofstep:  PARSER_TOK_LET.pflets 

	PARSER_TOK_VARIABLE  shift 88
	.  error

	var  goto 410
	pflets  goto 408
	pflet  goto 409

state 270
	proofstep:  PARSER_TOK_IF.fmla proofgroup PARSER_TOK_ELSE proofgroup 

	PARSER_TOK_PRESYMBOL  shift 63
	PARSER_TOK_VARIABLE  shift 88
	PARSER_TOK_LPAREN  shift 78
	PARSER_TOK_TILDA  shift 81
	PARSER_TOK_DOLLAR  shift 86
	PARSER_TOK_FORALL  shift 82
	PARSER_TOK_EXISTS  shift 83
	PARSER_TOK_TRUE  shift 79
	PARSER_TOK_FALSE  shift 80
	PARSER_TOK_OLD  shift 77
	PARSER_TOK_GLOBALLY  shift 84
	PARSER_TOK_EVENTUALLY  shift 85
	.  error

	term  goto 72
	fmla  goto 411
	appelem  goto 75
	var  goto 76
	SYMBOLx  goto 87

state 271
	proofstep:  PARSER_TOK_UNFOLD.atype PARSER_TOK_WITH unfspecs 
	proofstep:  PARSER_TOK_UNFOLD.PARSER_TOK_WITH unfspecs 

	PARSER_TOK_PRESYMBOL  shift 63
	PARSER_TOK_THIS  shift 142
	PARSER_TOK_WITH  shift 413
	.  error

	atype  goto 412
	SYMBOLx  goto 141

state 272
	proofstep:  PARSER_TOK_FORGET.callatoms 

	PARSER_TOK_PRESYMBOL  shift 63
	PARSER_TOK_THIS  shift 126
	PARSER_TOK_METHOD  shift 127
	.  error

	SYMBOLx  goto 123
	atom  goto 125
	callatom  goto 153
	callatoms  goto 414

state 273
	proofstep:  proofgroup.    (468)

	.  reduce 468 (src line 5139)


state 274
	proofgroup:  PARSER_TOK_LCB.proofseq PARSER_TOK_RCB 
	proofgroup:  PARSER_TOK_LCB.PARSER_TOK_RCB 
	opttemporal: .    (132)

	PARSER_TOK_LCB  shift 274
	PARSER_TOK_RCB  shift 416
	PARSER_TOK_IF  shift 270
	PARSER_TOK_ASSUME  shift 259
	PARSER_TOK_LET  shift 269
	PARSER_TOK_PROOF  shift 268
	PARSER_TOK_INSTANTIATE  shift 260
	PARSER_TOK_FUNCTION  shift 266
	PARSER_TOK_THEOREM  shift 267
	PARSER_TOK_TEMPORAL  shift 68
	PARSER_TOK_TACTIC  shift 264
	PARSER_TOK_SHOWGOALS  shift 261
	PARSER_TOK_DEFERGOAL  shift 262
	PARSER_TOK_SPOIL  shift 263
	PARSER_TOK_UNFOLD  shift 271
	PARSER_TOK_FORGET  shift 272
	PARSER_TOK_APPLY  shift 258
	.  reduce 132 (src line 2318)

	opttemporal  goto 265
	proofstep  goto 417
	proofseq  goto 415
	proofgroup  goto 273

state 275
	insts:  insts PARSER_TOK_COMMA.inst 

	PARSER_TOK_PRESYMBOL  shift 63
	.  error

	SYMBOLx  goto 99
	dotsym  goto 106
	inst  goto 418
	modinst  goto 105

state 276
	inst:  modinst PARSER_TOK_COLON.modinst 

	PARSER_TOK_PRESYMBOL  shift 63
	.  error

	SYMBOLx  goto 99
	dotsym  goto 106
	modinst  goto 419

state 277
	modinst:  dotsym PARSER_TOK_LPAREN.pnames PARSER_TOK_RPAREN 
	pnames: .    (326)

	PARSER_TOK_PRESYMBOL  shift 63
	PARSER_TOK_VARIABLE  shift 88
	PARSER_TOK_PLUS  shift 165
	PARSER_TOK_MINUS  shift 166
	PARSER_TOK_TIMES  shift 167
	PARSER_TOK_DIV  shift 168
	PARSER_TOK_EQ  shift 159
	PARSER_TOK_LE  shift 160
	PARSER_TOK_LT  shift 161
	PARSER_TOK_GE  shift 162
	PARSER_TOK_GT  shift 163
	PARSER_TOK_PTO  shift 164
	PARSER_TOK_TRUE  shift 427
	PARSER_TOK_FALSE  shift 428
	PARSER_TOK_THIS  shift 426
	.  reduce 326 (src line 3747)

	var  goto 423
	atype  goto 422
	SYMBOLx  goto 141
	pname  goto 421
	pnames  goto 420
	relop  goto 425
	infix  goto 424

state 278
	rels:  rels PARSER_TOK_COMMA.rel 

	PARSER_TOK_PRESYMBOL  shift 63
	PARSER_TOK_LPAREN  shift 98
	.  error

	SYMBOLx  goto 99
	defn  goto 111
	defnlhs  goto 110
	typeddefn  goto 112
	rel  goto 429
	dotsym  goto 97

state 279
	typeddefn:  defnlhs PARSER_TOK_COLON.atype 

	PARSER_TOK_PRESYMBOL  shift 63
	PARSER_TOK_THIS  shift 142
	.  error

	atype  goto 430
	SYMBOLx  goto 141

state 280
	defn:  typeddefn PARSER_TOK_EQ.defnrhs 

	PARSER_TOK_PRESYMBOL  shift 63
	PARSER_TOK_VARIABLE  shift 88
	PARSER_TOK_NATIVEQUOTE  shift 434
	PARSER_TOK_LPAREN  shift 78
	PARSER_TOK_TILDA  shift 81
	PARSER_TOK_DOLLAR  shift 86
	PARSER_TOK_FORALL  shift 82
	PARSER_TOK_EXISTS  shift 83
	PARSER_TOK_TRUE  shift 79
	PARSER_TOK_FALSE  shift 80
	PARSER_TOK_OLD  shift 77
	PARSER_TOK_GLOBALLY  shift 84
	PARSER_TOK_EVENTUALLY  shift 85
	PARSER_TOK_SOME  shift 435
	.  error

	term  goto 72
	fmla  goto 432
	appelem  goto 75
	var  goto 76
	SYMBOLx  goto 87
	defnrhs  goto 431
	somevarfmla  goto 433

state 281
	funs:  funs PARSER_TOK_COMMA.fun 

	PARSER_TOK_PRESYMBOL  shift 63
	PARSER_TOK_LPAREN  shift 98
	.  error

	SYMBOLx  goto 99
	defnlhs  goto 116
	typeddefn  goto 115
	fun  goto 436
	dotsym  goto 97

state 282
	fun:  typeddefn PARSER_TOK_EQ.defnrhs 

	PARSER_TOK_PRESYMBOL  shift 63
	PARSER_TOK_VARIABLE  shift 88
	PARSER_TOK_NATIVEQUOTE  shift 434
	PARSER_TOK_LPAREN  shift 78
	PARSER_TOK_TILDA  shift 81
	PARSER_TOK_DOLLAR  shift 86
	PARSER_TOK_FORALL  shift 82
	PARSER_TOK_EXISTS  shift 83
	PARSER_TOK_TRUE  shift 79
	PARSER_TOK_FALSE  shift 80
	PARSER_TOK_OLD  shift 77
	PARSER_TOK_GLOBALLY  shift 84
	PARSER_TOK_EVENTUALLY  shift 85
	PARSER_TOK_SOME  shift 435
	.  error

	term  goto 72
	fmla  goto 432
	appelem  goto 75
	var  goto 76
	SYMBOLx  goto 87
	defnrhs  goto 437
	somevarfmla  goto 433

state 283
	defns:  defns PARSER_TOK_COMMA.defn 

	PARSER_TOK_PRESYMBOL  shift 63
	PARSER_TOK_LPAREN  shift 98
	.  error

	SYMBOLx  goto 99
	defn  goto 438
	defnlhs  goto 116
	typeddefn  goto 112
	dotsym  goto 97

state 284
	top:  top optfinite optghost PARSER_TOK_TYPE.typesymbol 
	top:  top optfinite optghost PARSER_TOK_TYPE.typesymbol PARSER_TOK_EQ sort 

	PARSER_TOK_PRESYMBOL  shift 63
	PARSER_TOK_THIS  shift 173
	.  error

	SYMBOLx  goto 172
	typesymbol  goto 439

state 285
	top:  top PARSER_TOK_RELY atom PARSER_TOK_ARROW.atom 

	PARSER_TOK_PRESYMBOL  shift 63
	.  error

	SYMBOLx  goto 123
	atom  goto 440

state 286
	atom:  SYMBOLx PARSER_TOK_LPAREN.terms PARSER_TOK_RPAREN 
	terms: .    (82)

	PARSER_TOK_PRESYMBOL  shift 63
	PARSER_TOK_VARIABLE  shift 88
	PARSER_TOK_LPAREN  shift 78
	PARSER_TOK_TILDA  shift 81
	PARSER_TOK_DOLLAR  shift 86
	PARSER_TOK_FORALL  shift 82
	PARSER_TOK_EXISTS  shift 83
	PARSER_TOK_TRUE  shift 79
	PARSER_TOK_FALSE  shift 80
	PARSER_TOK_OLD  shift 77
	PARSER_TOK_GLOBALLY  shift 84
	PARSER_TOK_EVENTUALLY  shift 85
	.  reduce 82 (src line 1867)

	term  goto 376
	appelem  goto 75
	var  goto 76
	terms  goto 441
	SYMBOLx  goto 87

state 287
	top:  top PARSER_TOK_MIXORD callatom PARSER_TOK_ARROW.callatom 

	PARSER_TOK_PRESYMBOL  shift 63
	PARSER_TOK_THIS  shift 126
	PARSER_TOK_METHOD  shift 127
	.  error

	SYMBOLx  goto 123
	atom  goto 125
	callatom  goto 442

state 288
	callatom:  callatom PARSER_TOK_DOT.callatom 

	PARSER_TOK_PRESYMBOL  shift 63
	PARSER_TOK_THIS  shift 126
	PARSER_TOK_METHOD  shift 127
	.  error

	SYMBOLx  goto 123
	atom  goto 125
	callatom  goto 443

state 289
	cdefns:  cdefns PARSER_TOK_COMMA.cdefn 

	PARSER_TOK_PRESYMBOL  shift 63
	.  error

	SYMBOLx  goto 123
	atom  goto 130
	cdefn  goto 444

state 290
	cdefn:  atom PARSER_TOK_EQ.expr 

	PARSER_TOK_PRESYMBOL  shift 63
	PARSER_TOK_VARIABLE  shift 88
	PARSER_TOK_LPAREN  shift 449
	PARSER_TOK_LCB  shift 446
	PARSER_TOK_TILDA  shift 448
	.  error

	appelem  goto 454
	aterm  goto 452
	var  goto 453
	SYMBOLx  goto 87
	expr  goto 445
	exprterm  goto 447
	prod  goto 450
	sum  goto 451

state 291
	top:  top PARSER_TOK_UPDATE apps PARSER_TOK_FROM.apps upaxes 

	PARSER_TOK_PRESYMBOL  shift 63
	PARSER_TOK_VARIABLE  shift 88
	PARSER_TOK_LPAREN  shift 78
	PARSER_TOK_TILDA  shift 81
	PARSER_TOK_DOLLAR  shift 86
	PARSER_TOK_FORALL  shift 82
	PARSER_TOK_EXISTS  shift 83
	PARSER_TOK_TRUE  shift 79
	PARSER_TOK_FALSE  shift 80
	PARSER_TOK_OLD  shift 77
	PARSER_TOK_GLOBALLY  shift 84
	PARSER_TOK_EVENTUALLY  shift 85
	.  error

	term  goto 134
	appelem  goto 75
	var  goto 76
	SYMBOLx  goto 133
	app  goto 132
	apps  goto 455

state 292
	apps:  apps PARSER_TOK_COMMA.app 

	PARSER_TOK_PRESYMBOL  shift 63
	PARSER_TOK_VARIABLE  shift 88
	PARSER_TOK_LPAREN  shift 78
	PARSER_TOK_TILDA  shift 81
	PARSER_TOK_DOLLAR  shift 86
	PARSER_TOK_FORALL  shift 82
	PARSER_TOK_EXISTS  shift 83
	PARSER_TOK_TRUE  shift 79
	PARSER_TOK_FALSE  shift 80
	PARSER_TOK_OLD  shift 77
	PARSER_TOK_GLOBALLY  shift 84
	PARSER_TOK_EVENTUALLY  shift 85
	.  error

	term  goto 134
	appelem  goto 75
	var  goto 76
	SYMBOLx  goto 133
	app  goto 456

state 293
	appelem:  SYMBOLx PARSER_TOK_LPAREN.terms PARSER_TOK_RPAREN 
	app:  SYMBOLx PARSER_TOK_LPAREN.terms PARSER_TOK_RPAREN 
	terms: .    (82)

	PARSER_TOK_PRESYMBOL  shift 63
	PARSER_TOK_VARIABLE  shift 88
	PARSER_TOK_LPAREN  shift 78
	PARSER_TOK_TILDA  shift 81
	PARSER_TOK_DOLLAR  shift 86
	PARSER_TOK_FORALL  shift 82
	PARSER_TOK_EXISTS  shift 83
	PARSER_TOK_TRUE  shift 79
	PARSER_TOK_FALSE  shift 80
	PARSER_TOK_OLD  shift 77
	PARSER_TOK_GLOBALLY  shift 84
	PARSER_TOK_EVENTUALLY  shift 85
	.  reduce 82 (src line 1867)

	term  goto 376
	appelem  goto 75
	var  goto 76
	terms  goto 457
	SYMBOLx  goto 87

294: shift/reduce conflict (shift 63(0), red'n 246(12)) on PARSER_TOK_PRESYMBOL
294: shift/reduce conflict (shift 88(0), red'n 246(12)) on PARSER_TOK_VARIABLE
294: shift/reduce conflict (shift 78(0), red'n 246(12)) on PARSER_TOK_LPAREN
294: shift/reduce conflict (shift 82(0), red'n 246(12)) on PARSER_TOK_FORALL
294: shift/reduce conflict (shift 83(0), red'n 246(12)) on PARSER_TOK_EXISTS
294: shift/reduce conflict (shift 79(0), red'n 246(12)) on PARSER_TOK_TRUE
294: shift/reduce conflict (shift 80(0), red'n 246(12)) on PARSER_TOK_FALSE
state 294
	term:  term PARSER_TOK_PLUS.term 
	infix:  PARSER_TOK_PLUS.    (246)

	PARSER_TOK_PRESYMBOL  shift 63
	PARSER_TOK_VARIABLE  shift 88
	PARSER_TOK_LPAREN  shift 78
	PARSER_TOK_DOLLAR  shift 86
	PARSER_TOK_FORALL  shift 82
	PARSER_TOK_EXISTS  shift 83
	PARSER_TOK_TRUE  shift 79
	PARSER_TOK_FALSE  shift 80
	PARSER_TOK_OLD  shift 77
	.  reduce 246 (src line 3151)

	term  goto 341
	appelem  goto 75
	var  goto 76
	SYMBOLx  goto 87

295: shift/reduce conflict (shift 63(0), red'n 247(12)) on PARSER_TOK_PRESYMBOL
295: shift/reduce conflict (shift 88(0), red'n 247(12)) on PARSER_TOK_VARIABLE
295: shift/reduce conflict (shift 78(0), red'n 247(12)) on PARSER_TOK_LPAREN
295: shift/reduce conflict (shift 82(0), red'n 247(12)) on PARSER_TOK_FORALL
295: shift/reduce conflict (shift 83(0), red'n 247(12)) on PARSER_TOK_EXISTS
295: shift/reduce conflict (shift 79(0), red'n 247(12)) on PARSER_TOK_TRUE
295: shift/reduce conflict (shift 80(0), red'n 247(12)) on PARSER_TOK_FALSE
state 295
	term:  term PARSER_TOK_MINUS.term 
	infix:  PARSER_TOK_MINUS.    (247)

	PARSER_TOK_PRESYMBOL  shift 63
	PARSER_TOK_VARIABLE  shift 88
	PARSER_TOK_LPAREN  shift 78
	PARSER_TOK_DOLLAR  shift 86
	PARSER_TOK_FORALL  shift 82
	PARSER_TOK_EXISTS  shift 83
	PARSER_TOK_TRUE  shift 79
	PARSER_TOK_FALSE  shift 80
	PARSER_TOK_OLD  shift 77
	.  reduce 247 (src line 3153)

	term  goto 342
	appelem  goto 75
	var  goto 76
	SYMBOLx  goto 87

296: shift/reduce conflict (shift 63(0), red'n 248(13)) on PARSER_TOK_PRESYMBOL
296: shift/reduce conflict (shift 88(0), red'n 248(13)) on PARSER_TOK_VARIABLE
296: shift/reduce conflict (shift 78(0), red'n 248(13)) on PARSER_TOK_LPAREN
296: shift/reduce conflict (shift 82(0), red'n 248(13)) on PARSER_TOK_FORALL
296: shift/reduce conflict (shift 83(0), red'n 248(13)) on PARSER_TOK_EXISTS
296: shift/reduce conflict (shift 79(0), red'n 248(13)) on PARSER_TOK_TRUE
296: shift/reduce conflict (shift 80(0), red'n 248(13)) on PARSER_TOK_FALSE
state 296
	term:  term PARSER_TOK_TIMES.term 
	infix:  PARSER_TOK_TIMES.    (248)

	PARSER_TOK_PRESYMBOL  shift 63
	PARSER_TOK_VARIABLE  shift 88
	PARSER_TOK_LPAREN  shift 78
	PARSER_TOK_DOLLAR  shift 86
	PARSER_TOK_FORALL  shift 82
	PARSER_TOK_EXISTS  shift 83
	PARSER_TOK_TRUE  shift 79
	PARSER_TOK_FALSE  shift 80
	PARSER_TOK_OLD  shift 77
	.  reduce 248 (src line 3154)

	term  goto 343
	appelem  goto 75
	var  goto 76
	SYMBOLx  goto 87

297: shift/reduce conflict (shift 63(0), red'n 249(13)) on PARSER_TOK_PRESYMBOL
297: shift/reduce conflict (shift 88(0), red'n 249(13)) on PARSER_TOK_VARIABLE
297: shift/reduce conflict (shift 78(0), red'n 249(13)) on PARSER_TOK_LPAREN
297: shift/reduce conflict (shift 82(0), red'n 249(13)) on PARSER_TOK_FORALL
297: shift/reduce conflict (shift 83(0), red'n 249(13)) on PARSER_TOK_EXISTS
297: shift/reduce conflict (shift 79(0), red'n 249(13)) on PARSER_TOK_TRUE
297: shift/reduce conflict (shift 80(0), red'n 249(13)) on PARSER_TOK_FALSE
state 297
	term:  term PARSER_TOK_DIV.term 
	infix:  PARSER_TOK_DIV.    (249)

	PARSER_TOK_PRESYMBOL  shift 63
	PARSER_TOK_VARIABLE  shift 88
	PARSER_TOK_LPAREN  shift 78
	PARSER_TOK_DOLLAR  shift 86
	PARSER_TOK_FORALL  shift 82
	PARSER_TOK_EXISTS  shift 83
	PARSER_TOK_TRUE  shift 79
	PARSER_TOK_FALSE  shift 80
	PARSER_TOK_OLD  shift 77
	.  reduce 249 (src line 3155)

	term  goto 344
	appelem  goto 75
	var  goto 76
	SYMBOLx  goto 87

state 298
	app:  term infix.term 

	PARSER_TOK_PRESYMBOL  shift 63
	PARSER_TOK_VARIABLE  shift 88
	PARSER_TOK_LPAREN  shift 78
	PARSER_TOK_TILDA  shift 81
	PARSER_TOK_DOLLAR  shift 86
	PARSER_TOK_FORALL  shift 82
	PARSER_TOK_EXISTS  shift 83
	PARSER_TOK_TRUE  shift 79
	PARSER_TOK_FALSE  shift 80
	PARSER_TOK_OLD  shift 77
	PARSER_TOK_GLOBALLY  shift 84
	PARSER_TOK_EVENTUALLY  shift 85
	.  error

	term  goto 458
	appelem  goto 75
	var  goto 76
	SYMBOLx  goto 87

state 299
	top:  top PARSER_TOK_MACRO atom PARSER_TOK_EQ.sequence 

	PARSER_TOK_LCB  shift 460
	.  error

	sequence  goto 459

state 300
	top:  top optimpex actmeth SYMBOLx.optargs optreturns optactiondef 
	SYMBOLx:  SYMBOLx.PARSER_TOK_LB SYMsubscr PARSER_TOK_RB 
	optargs: .    (283)

	PARSER_TOK_LPAREN  shift 241
	PARSER_TOK_LB  shift 189
	.  reduce 283 (src line 3418)

	optargs  goto 461

state 301
	top:  top PARSER_TOK_MIXIN callatom PARSER_TOK_BEFORE.callatom 

	PARSER_TOK_PRESYMBOL  shift 63
	PARSER_TOK_THIS  shift 126
	PARSER_TOK_METHOD  shift 127
	.  error

	SYMBOLx  goto 123
	atom  goto 125
	callatom  goto 462

state 302
	top:  top PARSER_TOK_MIXIN callatom PARSER_TOK_AFTER.callatom 

	PARSER_TOK_PRESYMBOL  shift 63
	PARSER_TOK_THIS  shift 126
	PARSER_TOK_METHOD  shift 127
	.  error

	SYMBOLx  goto 123
	atom  goto 125
	callatom  goto 463

state 303
	top:  top PARSER_TOK_BEFORE atype optargs.optreturns sequence 
	optreturns: .    (285)

	PARSER_TOK_RETURNS  shift 465
	.  reduce 285 (src line 3431)

	optreturns  goto 464

state 304
	atype:  atype PARSER_TOK_DOT.SYMBOLx 

	PARSER_TOK_PRESYMBOL  shift 63
	.  error

	SYMBOLx  goto 466

state 305
	top:  top PARSER_TOK_AFTER atype optargs.optreturns topseq 
	optreturns: .    (285)

	PARSER_TOK_RETURNS  shift 465
	.  reduce 285 (src line 3431)

	optreturns  goto 467

state 306
	top:  top PARSER_TOK_AFTER PARSER_TOK_INIT optargs.topseq 

	PARSER_TOK_LCB  shift 470
	.  error

	sequence  goto 469
	topseq  goto 468

state 307
	top:  top PARSER_TOK_AROUND atype optargs.optreturns PARSER_TOK_LCB actseq optsemi PARSER_TOK_DOTDOTDOT actseq optsemi PARSER_TOK_RCB 
	optreturns: .    (285)

	PARSER_TOK_RETURNS  shift 465
	.  reduce 285 (src line 3431)

	optreturns  goto 471

state 308
	top:  top PARSER_TOK_IMPLEMENT atype optargs.optreturns topseq 
	optreturns: .    (285)

	PARSER_TOK_RETURNS  shift 465
	.  reduce 285 (src line 3431)

	optreturns  goto 472

state 309
	top:  top PARSER_TOK_IMPLEMENT PARSER_TOK_TYPE SYMBOLx.PARSER_TOK_WITH SYMBOLx 
	SYMBOLx:  SYMBOLx.PARSER_TOK_LB SYMsubscr PARSER_TOK_RB 

	PARSER_TOK_LB  shift 189
	PARSER_TOK_WITH  shift 473
	.  error


state 310
	top:  top opttrusted PARSER_TOK_ISOLATE SYMBOLx.optargs PARSER_TOK_EQ callatoms 
	top:  top opttrusted PARSER_TOK_ISOLATE SYMBOLx.optargs PARSER_TOK_EQ callatoms PARSER_TOK_WITH callatoms 
	top:  top opttrusted PARSER_TOK_ISOLATE SYMBOLx.optargs PARSER_TOK_EQ PARSER_TOK_LCB top PARSER_TOK_RCB optwith 
	SYMBOLx:  SYMBOLx.PARSER_TOK_LB SYMsubscr PARSER_TOK_RB 
	optargs: .    (283)

	PARSER_TOK_LPAREN  shift 241
	PARSER_TOK_LB  shift 189
	.  reduce 283 (src line 3418)

	optargs  goto 474

state 311
	top:  top PARSER_TOK_EXTRACT objsym objectargs.PARSER_TOK_EQ PARSER_TOK_LCB top PARSER_TOK_RCB optwith 
	top:  top PARSER_TOK_EXTRACT objsym objectargs.PARSER_TOK_EQ callatoms 

	PARSER_TOK_EQ  shift 475
	.  error


state 312
	top:  top PARSER_TOK_DELEGATE callatoms optdelegee.    (49)

	.  reduce 49 (src line 1505)


state 313
	callatoms:  callatoms PARSER_TOK_COMMA.callatom 

	PARSER_TOK_PRESYMBOL  shift 63
	PARSER_TOK_THIS  shift 126
	PARSER_TOK_METHOD  shift 127
	.  error

	SYMBOLx  goto 123
	atom  goto 125
	callatom  goto 476

state 314
	optdelegee:  PARSER_TOK_ARROW.callatom 

	PARSER_TOK_PRESYMBOL  shift 63
	PARSER_TOK_THIS  shift 126
	PARSER_TOK_METHOD  shift 127
	.  error

	SYMBOLx  goto 123
	atom  goto 125
	callatom  goto 477

state 315
	top:  top PARSER_TOK_INTERPRET oper PARSER_TOK_ARROW.oper 
	top:  top PARSER_TOK_INTERPRET oper PARSER_TOK_ARROW.PARSER_TOK_LCB term PARSER_TOK_DOTS term PARSER_TOK_RCB 
	top:  top PARSER_TOK_INTERPRET oper PARSER_TOK_ARROW.PARSER_TOK_LCB SYMBOLx moresymbols PARSER_TOK_RCB 

	PARSER_TOK_PRESYMBOL  shift 63
	PARSER_TOK_NATIVEQUOTE  shift 158
	PARSER_TOK_LCB  shift 479
	PARSER_TOK_PLUS  shift 165
	PARSER_TOK_MINUS  shift 166
	PARSER_TOK_TIMES  shift 167
	PARSER_TOK_DIV  shift 168
	PARSER_TOK_EQ  shift 159
	PARSER_TOK_LE  shift 160
	PARSER_TOK_LT  shift 161
	PARSER_TOK_GE  shift 162
	PARSER_TOK_GT  shift 163
	PARSER_TOK_PTO  shift 164
	PARSER_TOK_THIS  shift 142
	.  error

	atype  goto 155
	SYMBOLx  goto 141
	oper  goto 478
	relop  goto 156
	infix  goto 157

state 316
	top:  top PARSER_TOK_ALIAS SYMBOLx PARSER_TOK_EQ.callatom 

	PARSER_TOK_PRESYMBOL  shift 63
	PARSER_TOK_THIS  shift 126
	PARSER_TOK_METHOD  shift 127
	.  error

	SYMBOLx  goto 123
	atom  goto 125
	callatom  goto 480

state 317
	top:  top PARSER_TOK_ATTRIBUTE callatom PARSER_TOK_EQ.attributeval 

	PARSER_TOK_PRESYMBOL  shift 63
	PARSER_TOK_TRUE  shift 483
	PARSER_TOK_FALSE  shift 484
	PARSER_TOK_THIS  shift 126
	PARSER_TOK_METHOD  shift 127
	.  error

	SYMBOLx  goto 123
	atom  goto 125
	callatom  goto 482
	attributeval  goto 481

state 318
	top:  top PARSER_TOK_VARIANT typesymbol PARSER_TOK_OF.atype 
	top:  top PARSER_TOK_VARIANT typesymbol PARSER_TOK_OF.atype PARSER_TOK_EQ sort 

	PARSER_TOK_PRESYMBOL  shift 63
	PARSER_TOK_THIS  shift 142
	.  error

	atype  goto 485
	SYMBOLx  goto 141

state 319
	top:  top PARSER_TOK_SCENARIO PARSER_TOK_LCB sceninit.PARSER_TOK_SEMI scentranss PARSER_TOK_RCB 

	PARSER_TOK_SEMI  shift 486
	.  error


state 320
	sceninit:  PARSER_TOK_ARROW.places 

	PARSER_TOK_PRESYMBOL  shift 63
	.  error

	SYMBOLx  goto 488
	places  goto 487

state 321
	top:  top.PARSER_TOK_USING SYMBOLx 
	top:  top.PARSER_TOK_INCLUDE SYMBOLx 
	top:  top.optexplicit opttemporal PARSER_TOK_AXIOM lgprop 
	top:  top.optexplicit opttemporal PARSER_TOK_PROPERTY labeledfmla optskolem optproof 
	top:  top.PARSER_TOK_CONJECTURE labeledfmla 
	top:  top.optexplicit PARSER_TOK_INVARIANT labeledfmla optproof 
	top:  top.PARSER_TOK_UNPROVABLE PARSER_TOK_INVARIANT labeledfmla optproof 
	top:  top.PARSER_TOK_MODULE modulestart modcat atom optwith PARSER_TOK_EQ PARSER_TOK_LCB top PARSER_TOK_RCB moduleend 
	top:  top.PARSER_TOK_OBJECT objsym objectargs PARSER_TOK_EQ PARSER_TOK_LCB optdotdotdot top PARSER_TOK_RCB objectend 
	top:  top.PARSER_TOK_CLASS objsym objectargs PARSER_TOK_EQ PARSER_TOK_LCB optdotdotdot top PARSER_TOK_RCB objectend 
	top:  top.PARSER_TOK_SUBCLASS objsym PARSER_TOK_OF atype PARSER_TOK_EQ PARSER_TOK_LCB optdotdotdot top PARSER_TOK_RCB objectend 
	top:  top.optexplicit PARSER_TOK_DEFINITION optlabel gdefn optproof 
	top:  top.PARSER_TOK_SCHEMA schdefn 
	top:  top.PARSER_TOK_THEOREM schdefn optproof 
	top:  top.PARSER_TOK_THEOREM labelname schdefnrhs optproof 
	top:  top.PARSER_TOK_PROOF labelname proofstep 
	top:  top.PARSER_TOK_INSTANTIATE insts 
	top:  top.PARSER_TOK_AUTOINSTANCE insts 
	top:  top.symdecl 
	top:  top.PARSER_TOK_RELATION rels 
	top:  top.PARSER_TOK_FUNCTION funs 
	top:  top.PARSER_TOK_DERIVED defns 
	top:  top.optfinite optghost PARSER_TOK_TYPE typesymbol 
	top:  top.optfinite optghost PARSER_TOK_TYPE typesymbol PARSER_TOK_EQ sort 
	top:  top.PARSER_TOK_PROGRESS defns 
	top:  top.PARSER_TOK_RELY atom PARSER_TOK_ARROW atom 
	top:  top.PARSER_TOK_RELY atom 
	top:  top.PARSER_TOK_MIXORD callatom PARSER_TOK_ARROW callatom 
	top:  top.PARSER_TOK_CONCEPT cdefns 
	top:  top.PARSER_TOK_UPDATE apps PARSER_TOK_FROM apps upaxes 
	top:  top.PARSER_TOK_MACRO atom PARSER_TOK_EQ sequence 
	top:  top.optimpex actmeth SYMBOLx optargs optreturns optactiondef 
	top:  top.PARSER_TOK_MIXIN callatom PARSER_TOK_BEFORE callatom 
	top:  top.PARSER_TOK_MIXIN callatom PARSER_TOK_AFTER callatom 
	top:  top.PARSER_TOK_BEFORE atype optargs optreturns sequence 
	top:  top.PARSER_TOK_AFTER atype optargs optreturns topseq 
	top:  top.PARSER_TOK_AROUND atype optargs optreturns PARSER_TOK_LCB actseq optsemi PARSER_TOK_DOTDOTDOT actseq optsemi PARSER_TOK_RCB 
	top:  top.PARSER_TOK_AFTER PARSER_TOK_INIT optargs topseq 
	top:  top.PARSER_TOK_IMPLEMENT atype optargs optreturns topseq 
	top:  top.PARSER_TOK_IMPLEMENT PARSER_TOK_TYPE SYMBOLx PARSER_TOK_WITH SYMBOLx 
	top:  top.opttrusted PARSER_TOK_ISOLATE SYMBOLx optargs PARSER_TOK_EQ callatoms 
	top:  top.opttrusted PARSER_TOK_ISOLATE SYMBOLx optargs PARSER_TOK_EQ callatoms PARSER_TOK_WITH callatoms 
	top:  top.opttrusted PARSER_TOK_ISOLATE SYMBOLx optargs PARSER_TOK_EQ PARSER_TOK_LCB top PARSER_TOK_RCB optwith 
	top:  top.PARSER_TOK_EXTRACT objsym objectargs PARSER_TOK_EQ PARSER_TOK_LCB top PARSER_TOK_RCB optwith 
	top:  top.PARSER_TOK_EXTRACT objsym objectargs PARSER_TOK_EQ callatoms 
	top:  top.PARSER_TOK_EXPORT callatom 
	top:  top.PARSER_TOK_IMPORT callatom 
	top:  top.PARSER_TOK_DELEGATE callatoms optdelegee 
	top:  top.PARSER_TOK_INTERPRET oper PARSER_TOK_ARROW oper 
	top:  top.PARSER_TOK_INTERPRET oper PARSER_TOK_ARROW PARSER_TOK_LCB term PARSER_TOK_DOTS term PARSER_TOK_RCB 
	top:  top.PARSER_TOK_INTERPRET oper PARSER_TOK_ARROW PARSER_TOK_LCB SYMBOLx moresymbols PARSER_TOK_RCB 
	top:  top.PARSER_TOK_ALIAS SYMBOLx PARSER_TOK_EQ callatom 
	top:  top.PARSER_TOK_ATTRIBUTE callatom PARSER_TOK_EQ attributeval 
	top:  top.PARSER_TOK_VARIANT typesymbol PARSER_TOK_OF atype 
	top:  top.PARSER_TOK_VARIANT typesymbol PARSER_TOK_OF atype PARSER_TOK_EQ sort 
	top:  top.PARSER_TOK_NATIVEQUOTE 
	top:  top.PARSER_TOK_SCENARIO PARSER_TOK_LCB sceninit PARSER_TOK_SEMI scentranss PARSER_TOK_RCB 
	top:  top.specimpl PARSER_TOK_LCB top PARSER_TOK_RCB 
	top:  top specimpl PARSER_TOK_LCB top.PARSER_TOK_RCB 
	top:  top.PARSER_TOK_STATE SYMBOLx PARSER_TOK_EQ state_expr 
	top:  top.PARSER_TOK_ASSERT SYMBOLx PARSER_TOK_ARROW assert_rhs 
	optexplicit: .    (136)
	optfinite: .    (229)
	optimpex: .    (303)
	opttrusted: .    (281)

	PARSER_TOK_NATIVEQUOTE  shift 42
	PARSER_TOK_RCB  shift 489
	PARSER_TOK_ASSERT  shift 46
	PARSER_TOK_VAR  shift 60
	PARSER_TOK_UNPROVABLE  shift 6
	PARSER_TOK_PROOF  shift 13
	PARSER_TOK_INSTANTIATE  shift 14
	PARSER_TOK_RELATION  shift 17
	PARSER_TOK_INDIV  shift 59
	PARSER_TOK_FUNCTION  shift 18
	PARSER_TOK_DERIVED  shift 19
	PARSER_TOK_CONJECTURE  shift 5
	PARSER_TOK_SCHEMA  shift 11
	PARSER_TOK_THEOREM  shift 12
	PARSER_TOK_TYPE  reduce 229 (src line 3066)
	PARSER_TOK_MODULE  shift 7
	PARSER_TOK_OBJECT  shift 8
	PARSER_TOK_CLASS  shift 9
	PARSER_TOK_SUBCLASS  shift 10
	PARSER_TOK_ACTION  reduce 303 (src line 3571)
	PARSER_TOK_METHOD  reduce 303 (src line 3571)
	PARSER_TOK_BEFORE  shift 29
	PARSER_TOK_AFTER  shift 30
	PARSER_TOK_AROUND  shift 31
	PARSER_TOK_MIXIN  shift 28
	PARSER_TOK_IMPLEMENT  shift 32
	PARSER_TOK_ISOLATE  reduce 281 (src line 3405)
	PARSER_TOK_EXTRACT  shift 34
	PARSER_TOK_TRUSTED  shift 53
	PARSER_TOK_EXPORT  shift 35
	PARSER_TOK_IMPORT  shift 36
	PARSER_TOK_DELEGATE  shift 37
	PARSER_TOK_USING  shift 2
	PARSER_TOK_INCLUDE  shift 3
	PARSER_TOK_INTERPRET  shift 38
	PARSER_TOK_MACRO  shift 26
	PARSER_TOK_ALIAS  shift 39
	PARSER_TOK_ATTRIBUTE  shift 40
	PARSER_TOK_VARIANT  shift 41
	PARSER_TOK_SCENARIO  shift 43
	PARSER_TOK_PROGRESS  shift 21
	PARSER_TOK_RELY  shift 22
	PARSER_TOK_MIXORD  shift 23
	PARSER_TOK_CONCEPT  shift 24
	PARSER_TOK_STATE  shift 45
	PARSER_TOK_UPDATE  shift 25
	PARSER_TOK_EXPLICIT  shift 47
	PARSER_TOK_SPECIFICATION  shift 54
	PARSER_TOK_IMPLEMENTATION  shift 55
	PARSER_TOK_PRIVATE  shift 56
	PARSER_TOK_GLOBAL  shift 57
	PARSER_TOK_COMMON  shift 58
	PARSER_TOK_GHOST  reduce 229 (src line 3066)
	PARSER_TOK_FINITE  shift 52
	PARSER_TOK_PARAMETER  shift 61
	PARSER_TOK_DESTRUCTOR  shift 49
	PARSER_TOK_CONSTRUCTOR  shift 51
	PARSER_TOK_FIELD  shift 50
	PARSER_TOK_AUTOINSTANCE  shift 15
	.  reduce 136 (src line 2344)

	optexplicit  goto 4
	symdecl  goto 16
	constantdecl  goto 48
	optfinite  goto 20
	optimpex  goto 27
	opttrusted  goto 33
	specimpl  goto 44

state 322
	top:  top PARSER_TOK_STATE SYMBOLx PARSER_TOK_EQ.state_expr 

	PARSER_TOK_PRESYMBOL  shift 63
	PARSER_TOK_LCB  shift 494
	PARSER_TOK_TRUE  shift 491
	PARSER_TOK_FALSE  shift 492
	PARSER_TOK_ENTRY  shift 495
	.  error

	SYMBOLx  goto 493
	state_expr  goto 490

state 323
	top:  top PARSER_TOK_ASSERT SYMBOLx PARSER_TOK_ARROW.assert_rhs 

	PARSER_TOK_PRESYMBOL  shift 63
	PARSER_TOK_VARIABLE  shift 88
	PARSER_TOK_LPAREN  shift 78
	PARSER_TOK_LCB  shift 497
	PARSER_TOK_TILDA  shift 81
	PARSER_TOK_DOLLAR  shift 86
	PARSER_TOK_FORALL  shift 82
	PARSER_TOK_EXISTS  shift 83
	PARSER_TOK_TRUE  shift 79
	PARSER_TOK_FALSE  shift 80
	PARSER_TOK_OLD  shift 77
	PARSER_TOK_GLOBALLY  shift 84
	PARSER_TOK_EVENTUALLY  shift 85
	.  error

	term  goto 72
	fmla  goto 498
	appelem  goto 75
	var  goto 76
	SYMBOLx  goto 87
	assert_rhs  goto 496

state 324
	tterms:  tterms PARSER_TOK_COMMA.tterm 

	PARSER_TOK_PRESYMBOL  shift 63
	PARSER_TOK_LPAREN  shift 182
	.  error

	SYMBOLx  goto 181
	tapp  goto 180
	tterm  goto 499

state 325
	tterm:  tapp PARSER_TOK_COLON.atype 

	PARSER_TOK_PRESYMBOL  shift 63
	PARSER_TOK_THIS  shift 142
	.  error

	atype  goto 500
	SYMBOLx  goto 141

state 326
	tapp:  SYMBOLx targs.    (204)

	.  reduce 204 (src line 2876)


state 327
	targs:  PARSER_TOK_LPAREN.PARSER_TOK_RPAREN 
	targs:  PARSER_TOK_LPAREN.tsyms PARSER_TOK_RPAREN 

	PARSER_TOK_VARIABLE  shift 88
	PARSER_TOK_RPAREN  shift 501
	.  error

	var  goto 503
	tsyms  goto 502

state 328
	tapp:  PARSER_TOK_LPAREN var.infix var PARSER_TOK_RPAREN 

	PARSER_TOK_PLUS  shift 165
	PARSER_TOK_MINUS  shift 166
	PARSER_TOK_TIMES  shift 167
	PARSER_TOK_DIV  shift 168
	.  error

	infix  goto 504

state 329
	parameter:  tterm PARSER_TOK_EQ.paramval 

	PARSER_TOK_PRESYMBOL  shift 63
	PARSER_TOK_TRUE  shift 506
	PARSER_TOK_FALSE  shift 507
	.  error

	SYMBOLx  goto 508
	paramval  goto 505

state 330
	SYMBOLx:  SYMBOLx PARSER_TOK_LB SYMsubscr.PARSER_TOK_RB 
	SYMsubscr:  SYMsubscr.PARSER_TOK_DOT SYMBOLx 

	PARSER_TOK_RB  shift 509
	PARSER_TOK_DOT  shift 510
	.  error


state 331
	SYMBOLx:  SYMBOLx.PARSER_TOK_LB SYMsubscr PARSER_TOK_RB 
	SYMsubscr:  SYMBOLx.    (64)

	PARSER_TOK_LB  shift 189
	.  reduce 64 (src line 1706)


state 332
	SYMsubscr:  PARSER_TOK_THIS.    (65)

	.  reduce 65 (src line 1712)


state 333
	top:  top optexplicit opttemporal PARSER_TOK_AXIOM lgprop.    (4)

	.  reduce 4 (src line 761)


state 334
	lgprop:  optlabel.gprop 

	PARSER_TOK_PRESYMBOL  shift 63
	PARSER_TOK_VARIABLE  shift 88
	PARSER_TOK_LPAREN  shift 78
	PARSER_TOK_LCB  shift 256
	PARSER_TOK_TILDA  shift 81
	PARSER_TOK_DOLLAR  shift 86
	PARSER_TOK_FORALL  shift 82
	PARSER_TOK_EXISTS  shift 83
	PARSER_TOK_TRUE  shift 79
	PARSER_TOK_FALSE  shift 80
	PARSER_TOK_OLD  shift 77
	PARSER_TOK_GLOBALLY  shift 84
	PARSER_TOK_EVENTUALLY  shift 85
	.  error

	term  goto 72
	fmla  goto 512
	appelem  goto 75
	var  goto 76
	SYMBOLx  goto 87
	gprop  goto 511
	schdefnrhs  goto 513

state 335
	top:  top optexplicit opttemporal PARSER_TOK_PROPERTY labeledfmla.optskolem optproof 
	optskolem: .    (140)

	PARSER_TOK_NAMED  shift 515
	.  reduce 140 (src line 2371)

	optskolem  goto 514

state 336
	top:  top optexplicit PARSER_TOK_INVARIANT labeledfmla optproof.    (7)

	.  reduce 7 (src line 817)


337: shift/reduce conflict (shift 253(0), red'n 144(0)) on PARSER_TOK_PROOF
state 337
	top:  top optexplicit PARSER_TOK_DEFINITION optlabel gdefn.optproof 
	optproof: .    (144)

	PARSER_TOK_PROOF  shift 253
	.  reduce 144 (src line 2398)

	optproof  goto 516

state 338
	gdefn:  defn.    (167)

	.  reduce 167 (src line 2573)


state 339
	gdefn:  PARSER_TOK_LCB.defn PARSER_TOK_RCB 

	PARSER_TOK_PRESYMBOL  shift 63
	PARSER_TOK_LPAREN  shift 98
	.  error

	SYMBOLx  goto 99
	defn  goto 517
	defnlhs  goto 116
	typeddefn  goto 112
	dotsym  goto 97

state 340
	term:  term PARSER_TOK_DOT appelem.    (88)

	.  reduce 88 (src line 1907)


341: shift/reduce conflict (shift 217(0), red'n 90(12)) on PARSER_TOK_ISA
341: shift/reduce conflict (shift 213(0), red'n 90(12)) on PARSER_TOK_WHENNEXT
341: shift/reduce conflict (shift 214(0), red'n 90(12)) on PARSER_TOK_WHENPREV
341: shift/reduce conflict (shift 215(0), red'n 90(12)) on PARSER_TOK_WHENFIRST
341: shift/reduce conflict (shift 216(0), red'n 90(12)) on PARSER_TOK_WHENLAST
state 341
	term:  term.PARSER_TOK_DOT appelem 
	term:  term.PARSER_TOK_PLUS term 
	term:  term PARSER_TOK_PLUS term.    (90)
	term:  term.PARSER_TOK_MINUS term 
	term:  term.PARSER_TOK_TIMES term 
	term:  term.PARSER_TOK_DIV term 
	term:  term.PARSER_TOK_IF fmla PARSER_TOK_ELSE term 
	term:  term.PARSER_TOK_EQ term 
	term:  term.PARSER_TOK_LE term 
	term:  term.PARSER_TOK_LT term 
	term:  term.PARSER_TOK_GE term 
	term:  term.PARSER_TOK_GT term 
	term:  term.PARSER_TOK_PTO term 
	term:  term.PARSER_TOK_TILDAEQ term 
	term:  term.PARSER_TOK_AND term 
	term:  term.PARSER_TOK_OR term 
	term:  term.PARSER_TOK_ARROW term 
	term:  term.PARSER_TOK_IFF term 
	term:  term.PARSER_TOK_WHENNEXT term 
	term:  term.PARSER_TOK_WHENPREV term 
	term:  term.PARSER_TOK_WHENFIRST term 
	term:  term.PARSER_TOK_WHENLAST term 
	term:  term.PARSER_TOK_ISA atype 
	term:  term.PARSER_TOK_COLON atype 

	PARSER_TOK_DOT  shift 196
	PARSER_TOK_TIMES  shift 199
	PARSER_TOK_DIV  shift 200
	PARSER_TOK_ISA  shift 217
	PARSER_TOK_WHENNEXT  shift 213
	PARSER_TOK_WHENPREV  shift 214
	PARSER_TOK_WHENFIRST  shift 215
	PARSER_TOK_WHENLAST  shift 216
	.  reduce 90 (src line 1947)


342: shift/reduce conflict (shift 217(0), red'n 91(12)) on PARSER_TOK_ISA
342: shift/reduce conflict (shift 213(0), red'n 91(12)) on PARSER_TOK_WHENNEXT
342: shift/reduce conflict (shift 214(0), red'n 91(12)) on PARSER_TOK_WHENPREV
342: shift/reduce conflict (shift 215(0), red'n 91(12)) on PARSER_TOK_WHENFIRST
342: shift/reduce conflict (shift 216(0), red'n 91(12)) on PARSER_TOK_WHENLAST
state 342
	term:  term.PARSER_TOK_DOT appelem 
	term:  term.PARSER_TOK_PLUS term 
	term:  term.PARSER_TOK_MINUS term 
	term:  term PARSER_TOK_MINUS term.    (91)
	term:  term.PARSER_TOK_TIMES term 
	term:  term.PARSER_TOK_DIV term 
	term:  term.PARSER_TOK_IF fmla PARSER_TOK_ELSE term 
	term:  term.PARSER_TOK_EQ term 
	term:  term.PARSER_TOK_LE term 
	term:  term.PARSER_TOK_LT term 
	term:  term.PARSER_TOK_GE term 
	term:  term.PARSER_TOK_GT term 
	term:  term.PARSER_TOK_PTO term 
	term:  term.PARSER_TOK_TILDAEQ term 
	term:  term.PARSER_TOK_AND term 
	term:  term.PARSER_TOK_OR term 
	term:  term.PARSER_TOK_ARROW term 
	term:  term.PARSER_TOK_IFF term 
	term:  term.PARSER_TOK_WHENNEXT term 
	term:  term.PARSER_TOK_WHENPREV term 
	term:  term.PARSER_TOK_WHENFIRST term 
	term:  term.PARSER_TOK_WHENLAST term 
	term:  term.PARSER_TOK_ISA atype 
	term:  term.PARSER_TOK_COLON atype 

	PARSER_TOK_DOT  shift 196
	PARSER_TOK_TIMES  shift 199
	PARSER_TOK_DIV  shift 200
	PARSER_TOK_ISA  shift 217
	PARSER_TOK_WHENNEXT  shift 213
	PARSER_TOK_WHENPREV  shift 214
	PARSER_TOK_WHENFIRST  shift 215
	PARSER_TOK_WHENLAST  shift 216
	.  reduce 91 (src line 1954)


343: shift/reduce conflict (shift 217(0), red'n 92(13)) on PARSER_TOK_ISA
343: shift/reduce conflict (shift 213(0), red'n 92(13)) on PARSER_TOK_WHENNEXT
343: shift/reduce conflict (shift 214(0), red'n 92(13)) on PARSER_TOK_WHENPREV
343: shift/reduce conflict (shift 215(0), red'n 92(13)) on PARSER_TOK_WHENFIRST
343: shift/reduce conflict (shift 216(0), red'n 92(13)) on PARSER_TOK_WHENLAST
state 343
	term:  term.PARSER_TOK_DOT appelem 
	term:  term.PARSER_TOK_PLUS term 
	term:  term.PARSER_TOK_MINUS term 
	term:  term.PARSER_TOK_TIMES term 
	term:  term PARSER_TOK_TIMES term.    (92)
	term:  term.PARSER_TOK_DIV term 
	term:  term.PARSER_TOK_IF fmla PARSER_TOK_ELSE term 
	term:  term.PARSER_TOK_EQ term 
	term:  term.PARSER_TOK_LE term 
	term:  term.PARSER_TOK_LT term 
	term:  term.PARSER_TOK_GE term 
	term:  term.PARSER_TOK_GT term 
	term:  term.PARSER_TOK_PTO term 
	term:  term.PARSER_TOK_TILDAEQ term 
	term:  term.PARSER_TOK_AND term 
	term:  term.PARSER_TOK_OR term 
	term:  term.PARSER_TOK_ARROW term 
	term:  term.PARSER_TOK_IFF term 
	term:  term.PARSER_TOK_WHENNEXT term 
	term:  term.PARSER_TOK_WHENPREV term 
	term:  term.PARSER_TOK_WHENFIRST term 
	term:  term.PARSER_TOK_WHENLAST term 
	term:  term.PARSER_TOK_ISA atype 
	term:  term.PARSER_TOK_COLON atype 

	PARSER_TOK_DOT  shift 196
	PARSER_TOK_ISA  shift 217
	PARSER_TOK_WHENNEXT  shift 213
	PARSER_TOK_WHENPREV  shift 214
	PARSER_TOK_WHENFIRST  shift 215
	PARSER_TOK_WHENLAST  shift 216
	.  reduce 92 (src line 1961)


344: shift/reduce conflict (shift 217(0), red'n 93(13)) on PARSER_TOK_ISA
344: shift/reduce conflict (shift 213(0), red'n 93(13)) on PARSER_TOK_WHENNEXT
344: shift/reduce conflict (shift 214(0), red'n 93(13)) on PARSER_TOK_WHENPREV
344: shift/reduce conflict (shift 215(0), red'n 93(13)) on PARSER_TOK_WHENFIRST
344: shift/reduce conflict (shift 216(0), red'n 93(13)) on PARSER_TOK_WHENLAST
state 344
	term:  term.PARSER_TOK_DOT appelem 
	term:  term.PARSER_TOK_PLUS term 
	term:  term.PARSER_TOK_MINUS term 
	term:  term.PARSER_TOK_TIMES term 
	term:  term.PARSER_TOK_DIV term 
	term:  term PARSER_TOK_DIV term.    (93)
	term:  term.PARSER_TOK_IF fmla PARSER_TOK_ELSE term 
	term:  term.PARSER_TOK_EQ term 
	term:  term.PARSER_TOK_LE term 
	term:  term.PARSER_TOK_LT term 
	term:  term.PARSER_TOK_GE term 
	term:  term.PARSER_TOK_GT term 
	term:  term.PARSER_TOK_PTO term 
	term:  term.PARSER_TOK_TILDAEQ term 
	term:  term.PARSER_TOK_AND term 
	term:  term.PARSER_TOK_OR term 
	term:  term.PARSER_TOK_ARROW term 
	term:  term.PARSER_TOK_IFF term 
	term:  term.PARSER_TOK_WHENNEXT term 
	term:  term.PARSER_TOK_WHENPREV term 
	term:  term.PARSER_TOK_WHENFIRST term 
	term:  term.PARSER_TOK_WHENLAST term 
	term:  term.PARSER_TOK_ISA atype 
	term:  term.PARSER_TOK_COLON atype 

	PARSER_TOK_DOT  shift 196
	PARSER_TOK_ISA  shift 217
	PARSER_TOK_WHENNEXT  shift 213
	PARSER_TOK_WHENPREV  shift 214
	PARSER_TOK_WHENFIRST  shift 215
	PARSER_TOK_WHENLAST  shift 216
	.  reduce 93 (src line 1968)


state 345
	term:  term PARSER_TOK_IF fmla.PARSER_TOK_ELSE term 

	PARSER_TOK_ELSE  shift 518
	.  error


346: shift/reduce conflict (shift 217(0), red'n 95(7)) on PARSER_TOK_ISA
346: shift/reduce conflict (shift 213(0), red'n 95(7)) on PARSER_TOK_WHENNEXT
346: shift/reduce conflict (shift 214(0), red'n 95(7)) on PARSER_TOK_WHENPREV
346: shift/reduce conflict (shift 215(0), red'n 95(7)) on PARSER_TOK_WHENFIRST
346: shift/reduce conflict (shift 216(0), red'n 95(7)) on PARSER_TOK_WHENLAST
state 346
	term:  term.PARSER_TOK_DOT appelem 
	term:  term.PARSER_TOK_PLUS term 
	term:  term.PARSER_TOK_MINUS term 
	term:  term.PARSER_TOK_TIMES term 
	term:  term.PARSER_TOK_DIV term 
	term:  term.PARSER_TOK_IF fmla PARSER_TOK_ELSE term 
	term:  term.PARSER_TOK_EQ term 
	term:  term PARSER_TOK_EQ term.    (95)
	term:  term.PARSER_TOK_LE term 
	term:  term.PARSER_TOK_LT term 
	term:  term.PARSER_TOK_GE term 
	term:  term.PARSER_TOK_GT term 
	term:  term.PARSER_TOK_PTO term 
	term:  term.PARSER_TOK_TILDAEQ term 
	term:  term.PARSER_TOK_AND term 
	term:  term.PARSER_TOK_OR term 
	term:  term.PARSER_TOK_ARROW term 
	term:  term.PARSER_TOK_IFF term 
	term:  term.PARSER_TOK_WHENNEXT term 
	term:  term.PARSER_TOK_WHENPREV term 
	term:  term.PARSER_TOK_WHENFIRST term 
	term:  term.PARSER_TOK_WHENLAST term 
	term:  term.PARSER_TOK_ISA atype 
	term:  term.PARSER_TOK_COLON atype 

	PARSER_TOK_COLON  shift 218
	PARSER_TOK_DOT  shift 196
	PARSER_TOK_PLUS  shift 197
	PARSER_TOK_MINUS  shift 198
	PARSER_TOK_TIMES  shift 199
	PARSER_TOK_DIV  shift 200
	PARSER_TOK_TILDAEQ  shift 208
	PARSER_TOK_ISA  shift 217
	PARSER_TOK_IF  shift 201
	PARSER_TOK_WHENNEXT  shift 213
	PARSER_TOK_WHENPREV  shift 214
	PARSER_TOK_WHENFIRST  shift 215
	PARSER_TOK_WHENLAST  shift 216
	.  reduce 95 (src line 1984)


347: shift/reduce conflict (shift 217(0), red'n 96(7)) on PARSER_TOK_ISA
347: shift/reduce conflict (shift 213(0), red'n 96(7)) on PARSER_TOK_WHENNEXT
347: shift/reduce conflict (shift 214(0), red'n 96(7)) on PARSER_TOK_WHENPREV
347: shift/reduce conflict (shift 215(0), red'n 96(7)) on PARSER_TOK_WHENFIRST
347: shift/reduce conflict (shift 216(0), red'n 96(7)) on PARSER_TOK_WHENLAST
state 347
	term:  term.PARSER_TOK_DOT appelem 
	term:  term.PARSER_TOK_PLUS term 
	term:  term.PARSER_TOK_MINUS term 
	term:  term.PARSER_TOK_TIMES term 
	term:  term.PARSER_TOK_DIV term 
	term:  term.PARSER_TOK_IF fmla PARSER_TOK_ELSE term 
	term:  term.PARSER_TOK_EQ term 
	term:  term.PARSER_TOK_LE term 
	term:  term PARSER_TOK_LE term.    (96)
	term:  term.PARSER_TOK_LT term 
	term:  term.PARSER_TOK_GE term 
	term:  term.PARSER_TOK_GT term 
	term:  term.PARSER_TOK_PTO term 
	term:  term.PARSER_TOK_TILDAEQ term 
	term:  term.PARSER_TOK_AND term 
	term:  term.PARSER_TOK_OR term 
	term:  term.PARSER_TOK_ARROW term 
	term:  term.PARSER_TOK_IFF term 
	term:  term.PARSER_TOK_WHENNEXT term 
	term:  term.PARSER_TOK_WHENPREV term 
	term:  term.PARSER_TOK_WHENFIRST term 
	term:  term.PARSER_TOK_WHENLAST term 
	term:  term.PARSER_TOK_ISA atype 
	term:  term.PARSER_TOK_COLON atype 

	PARSER_TOK_COLON  shift 218
	PARSER_TOK_DOT  shift 196
	PARSER_TOK_PLUS  shift 197
	PARSER_TOK_MINUS  shift 198
	PARSER_TOK_TIMES  shift 199
	PARSER_TOK_DIV  shift 200
	PARSER_TOK_TILDAEQ  shift 208
	PARSER_TOK_ISA  shift 217
	PARSER_TOK_IF  shift 201
	PARSER_TOK_WHENNEXT  shift 213
	PARSER_TOK_WHENPREV  shift 214
	PARSER_TOK_WHENFIRST  shift 215
	PARSER_TOK_WHENLAST  shift 216
	.  reduce 96 (src line 1991)


348: shift/reduce conflict (shift 217(0), red'n 97(7)) on PARSER_TOK_ISA
348: shift/reduce conflict (shift 213(0), red'n 97(7)) on PARSER_TOK_WHENNEXT
348: shift/reduce conflict (shift 214(0), red'n 97(7)) on PARSER_TOK_WHENPREV
348: shift/reduce conflict (shift 215(0), red'n 97(7)) on PARSER_TOK_WHENFIRST
348: shift/reduce conflict (shift 216(0), red'n 97(7)) on PARSER_TOK_WHENLAST
state 348
	term:  term.PARSER_TOK_DOT appelem 
	term:  term.PARSER_TOK_PLUS term 
	term:  term.PARSER_TOK_MINUS term 
	term:  term.PARSER_TOK_TIMES term 
	term:  term.PARSER_TOK_DIV term 
	term:  term.PARSER_TOK_IF fmla PARSER_TOK_ELSE term 
	term:  term.PARSER_TOK_EQ term 
	term:  term.PARSER_TOK_LE term 
	term:  term.PARSER_TOK_LT term 
	term:  term PARSER_TOK_LT term.    (97)
	term:  term.PARSER_TOK_GE term 
	term:  term.PARSER_TOK_GT term 
	term:  term.PARSER_TOK_PTO term 
	term:  term.PARSER_TOK_TILDAEQ term 
	term:  term.PARSER_TOK_AND term 
	term:  term.PARSER_TOK_OR term 
	term:  term.PARSER_TOK_ARROW term 
	term:  term.PARSER_TOK_IFF term 
	term:  term.PARSER_TOK_WHENNEXT term 
	term:  term.PARSER_TOK_WHENPREV term 
	term:  term.PARSER_TOK_WHENFIRST term 
	term:  term.PARSER_TOK_WHENLAST term 
	term:  term.PARSER_TOK_ISA atype 
	term:  term.PARSER_TOK_COLON atype 

	PARSER_TOK_COLON  shift 218
	PARSER_TOK_DOT  shift 196
	PARSER_TOK_PLUS  shift 197
	PARSER_TOK_MINUS  shift 198
	PARSER_TOK_TIMES  shift 199
	PARSER_TOK_DIV  shift 200
	PARSER_TOK_TILDAEQ  shift 208
	PARSER_TOK_ISA  shift 217
	PARSER_TOK_IF  shift 201
	PARSER_TOK_WHENNEXT  shift 213
	PARSER_TOK_WHENPREV  shift 214
	PARSER_TOK_WHENFIRST  shift 215
	PARSER_TOK_WHENLAST  shift 216
	.  reduce 97 (src line 1998)


349: shift/reduce conflict (shift 217(0), red'n 98(7)) on PARSER_TOK_ISA
349: shift/reduce conflict (shift 213(0), red'n 98(7)) on PARSER_TOK_WHENNEXT
349: shift/reduce conflict (shift 214(0), red'n 98(7)) on PARSER_TOK_WHENPREV
349: shift/reduce conflict (shift 215(0), red'n 98(7)) on PARSER_TOK_WHENFIRST
349: shift/reduce conflict (shift 216(0), red'n 98(7)) on PARSER_TOK_WHENLAST
state 349
	term:  term.PARSER_TOK_DOT appelem 
	term:  term.PARSER_TOK_PLUS term 
	term:  term.PARSER_TOK_MINUS term 
	term:  term.PARSER_TOK_TIMES term 
	term:  term.PARSER_TOK_DIV term 
	term:  term.PARSER_TOK_IF fmla PARSER_TOK_ELSE term 
	term:  term.PARSER_TOK_EQ term 
	term:  term.PARSER_TOK_LE term 
	term:  term.PARSER_TOK_LT term 
	term:  term.PARSER_TOK_GE term 
	term:  term PARSER_TOK_GE term.    (98)
	term:  term.PARSER_TOK_GT term 
	term:  term.PARSER_TOK_PTO term 
	term:  term.PARSER_TOK_TILDAEQ term 
	term:  term.PARSER_TOK_AND term 
	term:  term.PARSER_TOK_OR term 
	term:  term.PARSER_TOK_ARROW term 
	term:  term.PARSER_TOK_IFF term 
	term:  term.PARSER_TOK_WHENNEXT term 
	term:  term.PARSER_TOK_WHENPREV term 
	term:  term.PARSER_TOK_WHENFIRST term 
	term:  term.PARSER_TOK_WHENLAST term 
	term:  term.PARSER_TOK_ISA atype 
	term:  term.PARSER_TOK_COLON atype 

	PARSER_TOK_COLON  shift 218
	PARSER_TOK_DOT  shift 196
	PARSER_TOK_PLUS  shift 197
	PARSER_TOK_MINUS  shift 198
	PARSER_TOK_TIMES  shift 199
	PARSER_TOK_DIV  shift 200
	PARSER_TOK_TILDAEQ  shift 208
	PARSER_TOK_ISA  shift 217
	PARSER_TOK_IF  shift 201
	PARSER_TOK_WHENNEXT  shift 213
	PARSER_TOK_WHENPREV  shift 214
	PARSER_TOK_WHENFIRST  shift 215
	PARSER_TOK_WHENLAST  shift 216
	.  reduce 98 (src line 2005)


350: shift/reduce conflict (shift 217(0), red'n 99(7)) on PARSER_TOK_ISA
350: shift/reduce conflict (shift 213(0), red'n 99(7)) on PARSER_TOK_WHENNEXT
350: shift/reduce conflict (shift 214(0), red'n 99(7)) on PARSER_TOK_WHENPREV
350: shift/reduce conflict (shift 215(0), red'n 99(7)) on PARSER_TOK_WHENFIRST
350: shift/reduce conflict (shift 216(0), red'n 99(7)) on PARSER_TOK_WHENLAST
state 350
	term:  term.PARSER_TOK_DOT appelem 
	term:  term.PARSER_TOK_PLUS term 
	term:  term.PARSER_TOK_MINUS term 
	term:  term.PARSER_TOK_TIMES term 
	term:  term.PARSER_TOK_DIV term 
	term:  term.PARSER_TOK_IF fmla PARSER_TOK_ELSE term 
	term:  term.PARSER_TOK_EQ term 
	term:  term.PARSER_TOK_LE term 
	term:  term.PARSER_TOK_LT term 
	term:  term.PARSER_TOK_GE term 
	term:  term.PARSER_TOK_GT term 
	term:  term PARSER_TOK_GT term.    (99)
	term:  term.PARSER_TOK_PTO term 
	term:  term.PARSER_TOK_TILDAEQ term 
	term:  term.PARSER_TOK_AND term 
	term:  term.PARSER_TOK_OR term 
	term:  term.PARSER_TOK_ARROW term 
	term:  term.PARSER_TOK_IFF term 
	term:  term.PARSER_TOK_WHENNEXT term 
	term:  term.PARSER_TOK_WHENPREV term 
	term:  term.PARSER_TOK_WHENFIRST term 
	term:  term.PARSER_TOK_WHENLAST term 
	term:  term.PARSER_TOK_ISA atype 
	term:  term.PARSER_TOK_COLON atype 

	PARSER_TOK_COLON  shift 218
	PARSER_TOK_DOT  shift 196
	PARSER_TOK_PLUS  shift 197
	PARSER_TOK_MINUS  shift 198
	PARSER_TOK_TIMES  shift 199
	PARSER_TOK_DIV  shift 200
	PARSER_TOK_TILDAEQ  shift 208
	PARSER_TOK_ISA  shift 217
	PARSER_TOK_IF  shift 201
	PARSER_TOK_WHENNEXT  shift 213
	PARSER_TOK_WHENPREV  shift 214
	PARSER_TOK_WHENFIRST  shift 215
	PARSER_TOK_WHENLAST  shift 216
	.  reduce 99 (src line 2012)


351: shift/reduce conflict (shift 217(0), red'n 100(7)) on PARSER_TOK_ISA
351: shift/reduce conflict (shift 213(0), red'n 100(7)) on PARSER_TOK_WHENNEXT
351: shift/reduce conflict (shift 214(0), red'n 100(7)) on PARSER_TOK_WHENPREV
351: shift/reduce conflict (shift 215(0), red'n 100(7)) on PARSER_TOK_WHENFIRST
351: shift/reduce conflict (shift 216(0), red'n 100(7)) on PARSER_TOK_WHENLAST
state 351
	term:  term.PARSER_TOK_DOT appelem 
	term:  term.PARSER_TOK_PLUS term 
	term:  term.PARSER_TOK_MINUS term 
	term:  term.PARSER_TOK_TIMES term 
	term:  term.PARSER_TOK_DIV term 
	term:  term.PARSER_TOK_IF fmla PARSER_TOK_ELSE term 
	term:  term.PARSER_TOK_EQ term 
	term:  term.PARSER_TOK_LE term 
	term:  term.PARSER_TOK_LT term 
	term:  term.PARSER_TOK_GE term 
	term:  term.PARSER_TOK_GT term 
	term:  term.PARSER_TOK_PTO term 
	term:  term PARSER_TOK_PTO term.    (100)
	term:  term.PARSER_TOK_TILDAEQ term 
	term:  term.PARSER_TOK_AND term 
	term:  term.PARSER_TOK_OR term 
	term:  term.PARSER_TOK_ARROW term 
	term:  term.PARSER_TOK_IFF term 
	term:  term.PARSER_TOK_WHENNEXT term 
	term:  term.PARSER_TOK_WHENPREV term 
	term:  term.PARSER_TOK_WHENFIRST term 
	term:  term.PARSER_TOK_WHENLAST term 
	term:  term.PARSER_TOK_ISA atype 
	term:  term.PARSER_TOK_COLON atype 

	PARSER_TOK_COLON  shift 218
	PARSER_TOK_DOT  shift 196
	PARSER_TOK_PLUS  shift 197
	PARSER_TOK_MINUS  shift 198
	PARSER_TOK_TIMES  shift 199
	PARSER_TOK_DIV  shift 200
	PARSER_TOK_TILDAEQ  shift 208
	PARSER_TOK_ISA  shift 217
	PARSER_TOK_IF  shift 201
	PARSER_TOK_WHENNEXT  shift 213
	PARSER_TOK_WHENPREV  shift 214
	PARSER_TOK_WHENFIRST  shift 215
	PARSER_TOK_WHENLAST  shift 216
	.  reduce 100 (src line 2019)


352: shift/reduce conflict (shift 217(0), red'n 101(8)) on PARSER_TOK_ISA
352: shift/reduce conflict (shift 213(0), red'n 101(8)) on PARSER_TOK_WHENNEXT
352: shift/reduce conflict (shift 214(0), red'n 101(8)) on PARSER_TOK_WHENPREV
352: shift/reduce conflict (shift 215(0), red'n 101(8)) on PARSER_TOK_WHENFIRST
352: shift/reduce conflict (shift 216(0), red'n 101(8)) on PARSER_TOK_WHENLAST
state 352
	term:  term.PARSER_TOK_DOT appelem 
	term:  term.PARSER_TOK_PLUS term 
	term:  term.PARSER_TOK_MINUS term 
	term:  term.PARSER_TOK_TIMES term 
	term:  term.PARSER_TOK_DIV term 
	term:  term.PARSER_TOK_IF fmla PARSER_TOK_ELSE term 
	term:  term.PARSER_TOK_EQ term 
	term:  term.PARSER_TOK_LE term 
	term:  term.PARSER_TOK_LT term 
	term:  term.PARSER_TOK_GE term 
	term:  term.PARSER_TOK_GT term 
	term:  term.PARSER_TOK_PTO term 
	term:  term.PARSER_TOK_TILDAEQ term 
	term:  term PARSER_TOK_TILDAEQ term.    (101)
	term:  term.PARSER_TOK_AND term 
	term:  term.PARSER_TOK_OR term 
	term:  term.PARSER_TOK_ARROW term 
	term:  term.PARSER_TOK_IFF term 
	term:  term.PARSER_TOK_WHENNEXT term 
	term:  term.PARSER_TOK_WHENPREV term 
	term:  term.PARSER_TOK_WHENFIRST term 
	term:  term.PARSER_TOK_WHENLAST term 
	term:  term.PARSER_TOK_ISA atype 
	term:  term.PARSER_TOK_COLON atype 

	PARSER_TOK_COLON  shift 218
	PARSER_TOK_DOT  shift 196
	PARSER_TOK_PLUS  shift 197
	PARSER_TOK_MINUS  shift 198
	PARSER_TOK_TIMES  shift 199
	PARSER_TOK_DIV  shift 200
	PARSER_TOK_ISA  shift 217
	PARSER_TOK_IF  shift 201
	PARSER_TOK_WHENNEXT  shift 213
	PARSER_TOK_WHENPREV  shift 214
	PARSER_TOK_WHENFIRST  shift 215
	PARSER_TOK_WHENLAST  shift 216
	.  reduce 101 (src line 2026)


353: shift/reduce conflict (shift 217(0), red'n 105(5)) on PARSER_TOK_ISA
353: shift/reduce conflict (shift 213(0), red'n 105(5)) on PARSER_TOK_WHENNEXT
353: shift/reduce conflict (shift 214(0), red'n 105(5)) on PARSER_TOK_WHENPREV
353: shift/reduce conflict (shift 215(0), red'n 105(5)) on PARSER_TOK_WHENFIRST
353: shift/reduce conflict (shift 216(0), red'n 105(5)) on PARSER_TOK_WHENLAST
state 353
	term:  term.PARSER_TOK_DOT appelem 
	term:  term.PARSER_TOK_PLUS term 
	term:  term.PARSER_TOK_MINUS term 
	term:  term.PARSER_TOK_TIMES term 
	term:  term.PARSER_TOK_DIV term 
	term:  term.PARSER_TOK_IF fmla PARSER_TOK_ELSE term 
	term:  term.PARSER_TOK_EQ term 
	term:  term.PARSER_TOK_LE term 
	term:  term.PARSER_TOK_LT term 
	term:  term.PARSER_TOK_GE term 
	term:  term.PARSER_TOK_GT term 
	term:  term.PARSER_TOK_PTO term 
	term:  term.PARSER_TOK_TILDAEQ term 
	term:  term.PARSER_TOK_AND term 
	term:  term PARSER_TOK_AND term.    (105)
	term:  term.PARSER_TOK_OR term 
	term:  term.PARSER_TOK_ARROW term 
	term:  term.PARSER_TOK_IFF term 
	term:  term.PARSER_TOK_WHENNEXT term 
	term:  term.PARSER_TOK_WHENPREV term 
	term:  term.PARSER_TOK_WHENFIRST term 
	term:  term.PARSER_TOK_WHENLAST term 
	term:  term.PARSER_TOK_ISA atype 
	term:  term.PARSER_TOK_COLON atype 

	PARSER_TOK_COLON  shift 218
	PARSER_TOK_DOT  shift 196
	PARSER_TOK_PLUS  shift 197
	PARSER_TOK_MINUS  shift 198
	PARSER_TOK_TIMES  shift 199
	PARSER_TOK_DIV  shift 200
	PARSER_TOK_EQ  shift 202
	PARSER_TOK_TILDAEQ  shift 208
	PARSER_TOK_LE  shift 203
	PARSER_TOK_LT  shift 204
	PARSER_TOK_GE  shift 205
	PARSER_TOK_GT  shift 206
	PARSER_TOK_PTO  shift 207
	PARSER_TOK_ISA  shift 217
	PARSER_TOK_IF  shift 201
	PARSER_TOK_WHENNEXT  shift 213
	PARSER_TOK_WHENPREV  shift 214
	PARSER_TOK_WHENFIRST  shift 215
	PARSER_TOK_WHENLAST  shift 216
	.  reduce 105 (src line 2055)


354: shift/reduce conflict (shift 217(0), red'n 106(4)) on PARSER_TOK_ISA
354: shift/reduce conflict (shift 213(0), red'n 106(4)) on PARSER_TOK_WHENNEXT
354: shift/reduce conflict (shift 214(0), red'n 106(4)) on PARSER_TOK_WHENPREV
354: shift/reduce conflict (shift 215(0), red'n 106(4)) on PARSER_TOK_WHENFIRST
354: shift/reduce conflict (shift 216(0), red'n 106(4)) on PARSER_TOK_WHENLAST
state 354
	term:  term.PARSER_TOK_DOT appelem 
	term:  term.PARSER_TOK_PLUS term 
	term:  term.PARSER_TOK_MINUS term 
	term:  term.PARSER_TOK_TIMES term 
	term:  term.PARSER_TOK_DIV term 
	term:  term.PARSER_TOK_IF fmla PARSER_TOK_ELSE term 
	term:  term.PARSER_TOK_EQ term 
	term:  term.PARSER_TOK_LE term 
	term:  term.PARSER_TOK_LT term 
	term:  term.PARSER_TOK_GE term 
	term:  term.PARSER_TOK_GT term 
	term:  term.PARSER_TOK_PTO term 
	term:  term.PARSER_TOK_TILDAEQ term 
	term:  term.PARSER_TOK_AND term 
	term:  term.PARSER_TOK_OR term 
	term:  term PARSER_TOK_OR term.    (106)
	term:  term.PARSER_TOK_ARROW term 
	term:  term.PARSER_TOK_IFF term 
	term:  term.PARSER_TOK_WHENNEXT term 
	term:  term.PARSER_TOK_WHENPREV term 
	term:  term.PARSER_TOK_WHENFIRST term 
	term:  term.PARSER_TOK_WHENLAST term 
	term:  term.PARSER_TOK_ISA atype 
	term:  term.PARSER_TOK_COLON atype 

	PARSER_TOK_COLON  shift 218
	PARSER_TOK_DOT  shift 196
	PARSER_TOK_PLUS  shift 197
	PARSER_TOK_MINUS  shift 198
	PARSER_TOK_TIMES  shift 199
	PARSER_TOK_DIV  shift 200
	PARSER_TOK_EQ  shift 202
	PARSER_TOK_TILDAEQ  shift 208
	PARSER_TOK_LE  shift 203
	PARSER_TOK_LT  shift 204
	PARSER_TOK_GE  shift 205
	PARSER_TOK_GT  shift 206
	PARSER_TOK_AND  shift 209
	PARSER_TOK_PTO  shift 207
	PARSER_TOK_ISA  shift 217
	PARSER_TOK_IF  shift 201
	PARSER_TOK_WHENNEXT  shift 213
	PARSER_TOK_WHENPREV  shift 214
	PARSER_TOK_WHENFIRST  shift 215
	PARSER_TOK_WHENLAST  shift 216
	.  reduce 106 (src line 2068)


355: shift/reduce conflict (shift 217(0), red'n 107(3)) on PARSER_TOK_ISA
355: shift/reduce conflict (shift 213(0), red'n 107(3)) on PARSER_TOK_WHENNEXT
355: shift/reduce conflict (shift 214(0), red'n 107(3)) on PARSER_TOK_WHENPREV
355: shift/reduce conflict (shift 215(0), red'n 107(3)) on PARSER_TOK_WHENFIRST
355: shift/reduce conflict (shift 216(0), red'n 107(3)) on PARSER_TOK_WHENLAST
state 355
	term:  term.PARSER_TOK_DOT appelem 
	term:  term.PARSER_TOK_PLUS term 
	term:  term.PARSER_TOK_MINUS term 
	term:  term.PARSER_TOK_TIMES term 
	term:  term.PARSER_TOK_DIV term 
	term:  term.PARSER_TOK_IF fmla PARSER_TOK_ELSE term 
	term:  term.PARSER_TOK_EQ term 
	term:  term.PARSER_TOK_LE term 
	term:  term.PARSER_TOK_LT term 
	term:  term.PARSER_TOK_GE term 
	term:  term.PARSER_TOK_GT term 
	term:  term.PARSER_TOK_PTO term 
	term:  term.PARSER_TOK_TILDAEQ term 
	term:  term.PARSER_TOK_AND term 
	term:  term.PARSER_TOK_OR term 
	term:  term.PARSER_TOK_ARROW term 
	term:  term PARSER_TOK_ARROW term.    (107)
	term:  term.PARSER_TOK_IFF term 
	term:  term.PARSER_TOK_WHENNEXT term 
	term:  term.PARSER_TOK_WHENPREV term 
	term:  term.PARSER_TOK_WHENFIRST term 
	term:  term.PARSER_TOK_WHENLAST term 
	term:  term.PARSER_TOK_ISA atype 
	term:  term.PARSER_TOK_COLON atype 

	PARSER_TOK_COLON  shift 218
	PARSER_TOK_DOT  shift 196
	PARSER_TOK_PLUS  shift 197
	PARSER_TOK_MINUS  shift 198
	PARSER_TOK_TIMES  shift 199
	PARSER_TOK_DIV  shift 200
	PARSER_TOK_EQ  shift 202
	PARSER_TOK_TILDAEQ  shift 208
	PARSER_TOK_LE  shift 203
	PARSER_TOK_LT  shift 204
	PARSER_TOK_GE  shift 205
	PARSER_TOK_GT  shift 206
	PARSER_TOK_AND  shift 209
	PARSER_TOK_OR  shift 210
	PARSER_TOK_PTO  shift 207
	PARSER_TOK_ISA  shift 217
	PARSER_TOK_IF  shift 201
	PARSER_TOK_WHENNEXT  shift 213
	PARSER_TOK_WHENPREV  shift 214
	PARSER_TOK_WHENFIRST  shift 215
	PARSER_TOK_WHENLAST  shift 216
	.  reduce 107 (src line 2081)


356: shift/reduce conflict (shift 217(0), red'n 108(3)) on PARSER_TOK_ISA
356: shift/reduce conflict (shift 213(0), red'n 108(3)) on PARSER_TOK_WHENNEXT
356: shift/reduce conflict (shift 214(0), red'n 108(3)) on PARSER_TOK_WHENPREV
356: shift/reduce conflict (shift 215(0), red'n 108(3)) on PARSER_TOK_WHENFIRST
356: shift/reduce conflict (shift 216(0), red'n 108(3)) on PARSER_TOK_WHENLAST
state 356
	term:  term.PARSER_TOK_DOT appelem 
	term:  term.PARSER_TOK_PLUS term 
	term:  term.PARSER_TOK_MINUS term 
	term:  term.PARSER_TOK_TIMES term 
	term:  term.PARSER_TOK_DIV term 
	term:  term.PARSER_TOK_IF fmla PARSER_TOK_ELSE term 
	term:  term.PARSER_TOK_EQ term 
	term:  term.PARSER_TOK_LE term 
	term:  term.PARSER_TOK_LT term 
	term:  term.PARSER_TOK_GE term 
	term:  term.PARSER_TOK_GT term 
	term:  term.PARSER_TOK_PTO term 
	term:  term.PARSER_TOK_TILDAEQ term 
	term:  term.PARSER_TOK_AND term 
	term:  term.PARSER_TOK_OR term 
	term:  term.PARSER_TOK_ARROW term 
	term:  term.PARSER_TOK_IFF term 
	term:  term PARSER_TOK_IFF term.    (108)
	term:  term.PARSER_TOK_WHENNEXT term 
	term:  term.PARSER_TOK_WHENPREV term 
	term:  term.PARSER_TOK_WHENFIRST term 
	term:  term.PARSER_TOK_WHENLAST term 
	term:  term.PARSER_TOK_ISA atype 
	term:  term.PARSER_TOK_COLON atype 

	PARSER_TOK_COLON  shift 218
	PARSER_TOK_DOT  shift 196
	PARSER_TOK_PLUS  shift 197
	PARSER_TOK_MINUS  shift 198
	PARSER_TOK_TIMES  shift 199
	PARSER_TOK_DIV  shift 200
	PARSER_TOK_EQ  shift 202
	PARSER_TOK_TILDAEQ  shift 208
	PARSER_TOK_LE  shift 203
	PARSER_TOK_LT  shift 204
	PARSER_TOK_GE  shift 205
	PARSER_TOK_GT  shift 206
	PARSER_TOK_AND  shift 209
	PARSER_TOK_OR  shift 210
	PARSER_TOK_PTO  shift 207
	PARSER_TOK_ISA  shift 217
	PARSER_TOK_IF  shift 201
	PARSER_TOK_WHENNEXT  shift 213
	PARSER_TOK_WHENPREV  shift 214
	PARSER_TOK_WHENFIRST  shift 215
	PARSER_TOK_WHENLAST  shift 216
	.  reduce 108 (src line 2088)


357: shift/reduce conflict (shift 218(11), red'n 115(0)) on PARSER_TOK_COLON
357: shift/reduce conflict (shift 196(16), red'n 115(0)) on PARSER_TOK_DOT
357: shift/reduce conflict (shift 197(12), red'n 115(0)) on PARSER_TOK_PLUS
357: shift/reduce conflict (shift 198(12), red'n 115(0)) on PARSER_TOK_MINUS
357: shift/reduce conflict (shift 199(13), red'n 115(0)) on PARSER_TOK_TIMES
357: shift/reduce conflict (shift 200(13), red'n 115(0)) on PARSER_TOK_DIV
357: shift/reduce conflict (shift 202(7), red'n 115(0)) on PARSER_TOK_EQ
357: shift/reduce conflict (shift 208(8), red'n 115(0)) on PARSER_TOK_TILDAEQ
357: shift/reduce conflict (shift 203(7), red'n 115(0)) on PARSER_TOK_LE
357: shift/reduce conflict (shift 204(7), red'n 115(0)) on PARSER_TOK_LT
357: shift/reduce conflict (shift 205(7), red'n 115(0)) on PARSER_TOK_GE
357: shift/reduce conflict (shift 206(7), red'n 115(0)) on PARSER_TOK_GT
357: shift/reduce conflict (shift 209(5), red'n 115(0)) on PARSER_TOK_AND
357: shift/reduce conflict (shift 210(4), red'n 115(0)) on PARSER_TOK_OR
357: shift/reduce conflict (shift 211(3), red'n 115(0)) on PARSER_TOK_ARROW
357: shift/reduce conflict (shift 212(3), red'n 115(0)) on PARSER_TOK_IFF
357: shift/reduce conflict (shift 207(7), red'n 115(0)) on PARSER_TOK_PTO
357: shift/reduce conflict (shift 217(0), red'n 115(0)) on PARSER_TOK_ISA
357: shift/reduce conflict (shift 201(9), red'n 115(0)) on PARSER_TOK_IF
357: shift/reduce conflict (shift 213(0), red'n 115(0)) on PARSER_TOK_WHENNEXT
357: shift/reduce conflict (shift 214(0), red'n 115(0)) on PARSER_TOK_WHENPREV
357: shift/reduce conflict (shift 215(0), red'n 115(0)) on PARSER_TOK_WHENFIRST
357: shift/reduce conflict (shift 216(0), red'n 115(0)) on PARSER_TOK_WHENLAST
state 357
	term:  term.PARSER_TOK_DOT appelem 
	term:  term.PARSER_TOK_PLUS term 
	term:  term.PARSER_TOK_MINUS term 
	term:  term.PARSER_TOK_TIMES term 
	term:  term.PARSER_TOK_DIV term 
	term:  term.PARSER_TOK_IF fmla PARSER_TOK_ELSE term 
	term:  term.PARSER_TOK_EQ term 
	term:  term.PARSER_TOK_LE term 
	term:  term.PARSER_TOK_LT term 
	term:  term.PARSER_TOK_GE term 
	term:  term.PARSER_TOK_GT term 
	term:  term.PARSER_TOK_PTO term 
	term:  term.PARSER_TOK_TILDAEQ term 
	term:  term.PARSER_TOK_AND term 
	term:  term.PARSER_TOK_OR term 
	term:  term.PARSER_TOK_ARROW term 
	term:  term.PARSER_TOK_IFF term 
	term:  term.PARSER_TOK_WHENNEXT term 
	term:  term PARSER_TOK_WHENNEXT term.    (115)
	term:  term.PARSER_TOK_WHENPREV term 
	term:  term.PARSER_TOK_WHENFIRST term 
	term:  term.PARSER_TOK_WHENLAST term 
	term:  term.PARSER_TOK_ISA atype 
	term:  term.PARSER_TOK_COLON atype 

	PARSER_TOK_COLON  shift 218
	PARSER_TOK_DOT  shift 196
	PARSER_TOK_PLUS  shift 197
	PARSER_TOK_MINUS  shift 198
	PARSER_TOK_TIMES  shift 199
	PARSER_TOK_DIV  shift 200
	PARSER_TOK_EQ  shift 202
	PARSER_TOK_TILDAEQ  shift 208
	PARSER_TOK_LE  shift 203
	PARSER_TOK_LT  shift 204
	PARSER_TOK_GE  shift 205
	PARSER_TOK_GT  shift 206
	PARSER_TOK_AND  shift 209
	PARSER_TOK_OR  shift 210
	PARSER_TOK_ARROW  shift 211
	PARSER_TOK_IFF  shift 212
	PARSER_TOK_PTO  shift 207
	PARSER_TOK_ISA  shift 217
	PARSER_TOK_IF  shift 201
	PARSER_TOK_WHENNEXT  shift 213
	PARSER_TOK_WHENPREV  shift 214
	PARSER_TOK_WHENFIRST  shift 215
	PARSER_TOK_WHENLAST  shift 216
	.  reduce 115 (src line 2139)


358: shift/reduce conflict (shift 218(11), red'n 116(0)) on PARSER_TOK_COLON
358: shift/reduce conflict (shift 196(16), red'n 116(0)) on PARSER_TOK_DOT
358: shift/reduce conflict (shift 197(12), red'n 116(0)) on PARSER_TOK_PLUS
358: shift/reduce conflict (shift 198(12), red'n 116(0)) on PARSER_TOK_MINUS
358: shift/reduce conflict (shift 199(13), red'n 116(0)) on PARSER_TOK_TIMES
358: shift/reduce conflict (shift 200(13), red'n 116(0)) on PARSER_TOK_DIV
358: shift/reduce conflict (shift 202(7), red'n 116(0)) on PARSER_TOK_EQ
358: shift/reduce conflict (shift 208(8), red'n 116(0)) on PARSER_TOK_TILDAEQ
358: shift/reduce conflict (shift 203(7), red'n 116(0)) on PARSER_TOK_LE
358: shift/reduce conflict (shift 204(7), red'n 116(0)) on PARSER_TOK_LT
358: shift/reduce conflict (shift 205(7), red'n 116(0)) on PARSER_TOK_GE
358: shift/reduce conflict (shift 206(7), red'n 116(0)) on PARSER_TOK_GT
358: shift/reduce conflict (shift 209(5), red'n 116(0)) on PARSER_TOK_AND
358: shift/reduce conflict (shift 210(4), red'n 116(0)) on PARSER_TOK_OR
358: shift/reduce conflict (shift 211(3), red'n 116(0)) on PARSER_TOK_ARROW
358: shift/reduce conflict (shift 212(3), red'n 116(0)) on PARSER_TOK_IFF
358: shift/reduce conflict (shift 207(7), red'n 116(0)) on PARSER_TOK_PTO
358: shift/reduce conflict (shift 217(0), red'n 116(0)) on PARSER_TOK_ISA
358: shift/reduce conflict (shift 201(9), red'n 116(0)) on PARSER_TOK_IF
358: shift/reduce conflict (shift 213(0), red'n 116(0)) on PARSER_TOK_WHENNEXT
358: shift/reduce conflict (shift 214(0), red'n 116(0)) on PARSER_TOK_WHENPREV
358: shift/reduce conflict (shift 215(0), red'n 116(0)) on PARSER_TOK_WHENFIRST
358: shift/reduce conflict (shift 216(0), red'n 116(0)) on PARSER_TOK_WHENLAST
state 358
	term:  term.PARSER_TOK_DOT appelem 
	term:  term.PARSER_TOK_PLUS term 
	term:  term.PARSER_TOK_MINUS term 
	term:  term.PARSER_TOK_TIMES term 
	term:  term.PARSER_TOK_DIV term 
	term:  term.PARSER_TOK_IF fmla PARSER_TOK_ELSE term 
	term:  term.PARSER_TOK_EQ term 
	term:  term.PARSER_TOK_LE term 
	term:  term.PARSER_TOK_LT term 
	term:  term.PARSER_TOK_GE term 
	term:  term.PARSER_TOK_GT term 
	term:  term.PARSER_TOK_PTO term 
	term:  term.PARSER_TOK_TILDAEQ term 
	term:  term.PARSER_TOK_AND term 
	term:  term.PARSER_TOK_OR term 
	term:  term.PARSER_TOK_ARROW term 
	term:  term.PARSER_TOK_IFF term 
	term:  term.PARSER_TOK_WHENNEXT term 
	term:  term.PARSER_TOK_WHENPREV term 
	term:  term PARSER_TOK_WHENPREV term.    (116)
	term:  term.PARSER_TOK_WHENFIRST term 
	term:  term.PARSER_TOK_WHENLAST term 
	term:  term.PARSER_TOK_ISA atype 
	term:  term.PARSER_TOK_COLON atype 

	PARSER_TOK_COLON  shift 218
	PARSER_TOK_DOT  shift 196
	PARSER_TOK_PLUS  shift 197
	PARSER_TOK_MINUS  shift 198
	PARSER_TOK_TIMES  shift 199
	PARSER_TOK_DIV  shift 200
	PARSER_TOK_EQ  shift 202
	PARSER_TOK_TILDAEQ  shift 208
	PARSER_TOK_LE  shift 203
	PARSER_TOK_LT  shift 204
	PARSER_TOK_GE  shift 205
	PARSER_TOK_GT  shift 206
	PARSER_TOK_AND  shift 209
	PARSER_TOK_OR  shift 210
	PARSER_TOK_ARROW  shift 211
	PARSER_TOK_IFF  shift 212
	PARSER_TOK_PTO  shift 207
	PARSER_TOK_ISA  shift 217
	PARSER_TOK_IF  shift 201
	PARSER_TOK_WHENNEXT  shift 213
	PARSER_TOK_WHENPREV  shift 214
	PARSER_TOK_WHENFIRST  shift 215
	PARSER_TOK_WHENLAST  shift 216
	.  reduce 116 (src line 2146)


359: shift/reduce conflict (shift 218(11), red'n 117(0)) on PARSER_TOK_COLON
359: shift/reduce conflict (shift 196(16), red'n 117(0)) on PARSER_TOK_DOT
359: shift/reduce conflict (shift 197(12), red'n 117(0)) on PARSER_TOK_PLUS
359: shift/reduce conflict (shift 198(12), red'n 117(0)) on PARSER_TOK_MINUS
359: shift/reduce conflict (shift 199(13), red'n 117(0)) on PARSER_TOK_TIMES
359: shift/reduce conflict (shift 200(13), red'n 117(0)) on PARSER_TOK_DIV
359: shift/reduce conflict (shift 202(7), red'n 117(0)) on PARSER_TOK_EQ
359: shift/reduce conflict (shift 208(8), red'n 117(0)) on PARSER_TOK_TILDAEQ
359: shift/reduce conflict (shift 203(7), red'n 117(0)) on PARSER_TOK_LE
359: shift/reduce conflict (shift 204(7), red'n 117(0)) on PARSER_TOK_LT
359: shift/reduce conflict (shift 205(7), red'n 117(0)) on PARSER_TOK_GE
359: shift/reduce conflict (shift 206(7), red'n 117(0)) on PARSER_TOK_GT
359: shift/reduce conflict (shift 209(5), red'n 117(0)) on PARSER_TOK_AND
359: shift/reduce conflict (shift 210(4), red'n 117(0)) on PARSER_TOK_OR
359: shift/reduce conflict (shift 211(3), red'n 117(0)) on PARSER_TOK_ARROW
359: shift/reduce conflict (shift 212(3), red'n 117(0)) on PARSER_TOK_IFF
359: shift/reduce conflict (shift 207(7), red'n 117(0)) on PARSER_TOK_PTO
359: shift/reduce conflict (shift 217(0), red'n 117(0)) on PARSER_TOK_ISA
359: shift/reduce conflict (shift 201(9), red'n 117(0)) on PARSER_TOK_IF
359: shift/reduce conflict (shift 213(0), red'n 117(0)) on PARSER_TOK_WHENNEXT
359: shift/reduce conflict (shift 214(0), red'n 117(0)) on PARSER_TOK_WHENPREV
359: shift/reduce conflict (shift 215(0), red'n 117(0)) on PARSER_TOK_WHENFIRST
359: shift/reduce conflict (shift 216(0), red'n 117(0)) on PARSER_TOK_WHENLAST
state 359
	term:  term.PARSER_TOK_DOT appelem 
	term:  term.PARSER_TOK_PLUS term 
	term:  term.PARSER_TOK_MINUS term 
	term:  term.PARSER_TOK_TIMES term 
	term:  term.PARSER_TOK_DIV term 
	term:  term.PARSER_TOK_IF fmla PARSER_TOK_ELSE term 
	term:  term.PARSER_TOK_EQ term 
	term:  term.PARSER_TOK_LE term 
	term:  term.PARSER_TOK_LT term 
	term:  term.PARSER_TOK_GE term 
	term:  term.PARSER_TOK_GT term 
	term:  term.PARSER_TOK_PTO term 
	term:  term.PARSER_TOK_TILDAEQ term 
	term:  term.PARSER_TOK_AND term 
	term:  term.PARSER_TOK_OR term 
	term:  term.PARSER_TOK_ARROW term 
	term:  term.PARSER_TOK_IFF term 
	term:  term.PARSER_TOK_WHENNEXT term 
	term:  term.PARSER_TOK_WHENPREV term 
	term:  term.PARSER_TOK_WHENFIRST term 
	term:  term PARSER_TOK_WHENFIRST term.    (117)
	term:  term.PARSER_TOK_WHENLAST term 
	term:  term.PARSER_TOK_ISA atype 
	term:  term.PARSER_TOK_COLON atype 

	PARSER_TOK_COLON  shift 218
	PARSER_TOK_DOT  shift 196
	PARSER_TOK_PLUS  shift 197
	PARSER_TOK_MINUS  shift 198
	PARSER_TOK_TIMES  shift 199
	PARSER_TOK_DIV  shift 200
	PARSER_TOK_EQ  shift 202
	PARSER_TOK_TILDAEQ  shift 208
	PARSER_TOK_LE  shift 203
	PARSER_TOK_LT  shift 204
	PARSER_TOK_GE  shift 205
	PARSER_TOK_GT  shift 206
	PARSER_TOK_AND  shift 209
	PARSER_TOK_OR  shift 210
	PARSER_TOK_ARROW  shift 211
	PARSER_TOK_IFF  shift 212
	PARSER_TOK_PTO  shift 207
	PARSER_TOK_ISA  shift 217
	PARSER_TOK_IF  shift 201
	PARSER_TOK_WHENNEXT  shift 213
	PARSER_TOK_WHENPREV  shift 214
	PARSER_TOK_WHENFIRST  shift 215
	PARSER_TOK_WHENLAST  shift 216
	.  reduce 117 (src line 2153)


360: shift/reduce conflict (shift 218(11), red'n 118(0)) on PARSER_TOK_COLON
360: shift/reduce conflict (shift 196(16), red'n 118(0)) on PARSER_TOK_DOT
360: shift/reduce conflict (shift 197(12), red'n 118(0)) on PARSER_TOK_PLUS
360: shift/reduce conflict (shift 198(12), red'n 118(0)) on PARSER_TOK_MINUS
360: shift/reduce conflict (shift 199(13), red'n 118(0)) on PARSER_TOK_TIMES
360: shift/reduce conflict (shift 200(13), red'n 118(0)) on PARSER_TOK_DIV
360: shift/reduce conflict (shift 202(7), red'n 118(0)) on PARSER_TOK_EQ
360: shift/reduce conflict (shift 208(8), red'n 118(0)) on PARSER_TOK_TILDAEQ
360: shift/reduce conflict (shift 203(7), red'n 118(0)) on PARSER_TOK_LE
360: shift/reduce conflict (shift 204(7), red'n 118(0)) on PARSER_TOK_LT
360: shift/reduce conflict (shift 205(7), red'n 118(0)) on PARSER_TOK_GE
360: shift/reduce conflict (shift 206(7), red'n 118(0)) on PARSER_TOK_GT
360: shift/reduce conflict (shift 209(5), red'n 118(0)) on PARSER_TOK_AND
360: shift/reduce conflict (shift 210(4), red'n 118(0)) on PARSER_TOK_OR
360: shift/reduce conflict (shift 211(3), red'n 118(0)) on PARSER_TOK_ARROW
360: shift/reduce conflict (shift 212(3), red'n 118(0)) on PARSER_TOK_IFF
360: shift/reduce conflict (shift 207(7), red'n 118(0)) on PARSER_TOK_PTO
360: shift/reduce conflict (shift 217(0), red'n 118(0)) on PARSER_TOK_ISA
360: shift/reduce conflict (shift 201(9), red'n 118(0)) on PARSER_TOK_IF
360: shift/reduce conflict (shift 213(0), red'n 118(0)) on PARSER_TOK_WHENNEXT
360: shift/reduce conflict (shift 214(0), red'n 118(0)) on PARSER_TOK_WHENPREV
360: shift/reduce conflict (shift 215(0), red'n 118(0)) on PARSER_TOK_WHENFIRST
360: shift/reduce conflict (shift 216(0), red'n 118(0)) on PARSER_TOK_WHENLAST
state 360
	term:  term.PARSER_TOK_DOT appelem 
	term:  term.PARSER_TOK_PLUS term 
	term:  term.PARSER_TOK_MINUS term 
	term:  term.PARSER_TOK_TIMES term 
	term:  term.PARSER_TOK_DIV term 
	term:  term.PARSER_TOK_IF fmla PARSER_TOK_ELSE term 
	term:  term.PARSER_TOK_EQ term 
	term:  term.PARSER_TOK_LE term 
	term:  term.PARSER_TOK_LT term 
	term:  term.PARSER_TOK_GE term 
	term:  term.PARSER_TOK_GT term 
	term:  term.PARSER_TOK_PTO term 
	term:  term.PARSER_TOK_TILDAEQ term 
	term:  term.PARSER_TOK_AND term 
	term:  term.PARSER_TOK_OR term 
	term:  term.PARSER_TOK_ARROW term 
	term:  term.PARSER_TOK_IFF term 
	term:  term.PARSER_TOK_WHENNEXT term 
	term:  term.PARSER_TOK_WHENPREV term 
	term:  term.PARSER_TOK_WHENFIRST term 
	term:  term.PARSER_TOK_WHENLAST term 
	term:  term PARSER_TOK_WHENLAST term.    (118)
	term:  term.PARSER_TOK_ISA atype 
	term:  term.PARSER_TOK_COLON atype 

	PARSER_TOK_COLON  shift 218
	PARSER_TOK_DOT  shift 196
	PARSER_TOK_PLUS  shift 197
	PARSER_TOK_MINUS  shift 198
	PARSER_TOK_TIMES  shift 199
	PARSER_TOK_DIV  shift 200
	PARSER_TOK_EQ  shift 202
	PARSER_TOK_TILDAEQ  shift 208
	PARSER_TOK_LE  shift 203
	PARSER_TOK_LT  shift 204
	PARSER_TOK_GE  shift 205
	PARSER_TOK_GT  shift 206
	PARSER_TOK_AND  shift 209
	PARSER_TOK_OR  shift 210
	PARSER_TOK_ARROW  shift 211
	PARSER_TOK_IFF  shift 212
	PARSER_TOK_PTO  shift 207
	PARSER_TOK_ISA  shift 217
	PARSER_TOK_IF  shift 201
	PARSER_TOK_WHENNEXT  shift 213
	PARSER_TOK_WHENPREV  shift 214
	PARSER_TOK_WHENFIRST  shift 215
	PARSER_TOK_WHENLAST  shift 216
	.  reduce 118 (src line 2160)


361: shift/reduce conflict (shift 304(16), red'n 119(0)) on PARSER_TOK_DOT
state 361
	atype:  atype.PARSER_TOK_DOT SYMBOLx 
	term:  term PARSER_TOK_ISA atype.    (119)

	PARSER_TOK_DOT  shift 304
	.  reduce 119 (src line 2168)


state 362
	atype:  atype.PARSER_TOK_DOT SYMBOLx 
	term:  term PARSER_TOK_COLON atype.    (120)

	PARSER_TOK_DOT  shift 304
	.  reduce 120 (src line 2180)


state 363
	labelname:  PARSER_TOK_LB SYMBOLx PARSER_TOK_RB.    (127)

	.  reduce 127 (src line 2266)


state 364
	term:  PARSER_TOK_LPAREN term PARSER_TOK_RPAREN.    (89)

	.  reduce 89 (src line 1941)


state 365
	SYMBOLx:  SYMBOLx.PARSER_TOK_LB SYMsubscr PARSER_TOK_RB 
	term:  PARSER_TOK_LPAREN PARSER_TOK_DOLLAR SYMBOLx.simplevars PARSER_TOK_DOT fmla PARSER_TOK_RPAREN PARSER_TOK_LPAREN terms PARSER_TOK_RPAREN 
	term:  PARSER_TOK_DOLLAR SYMBOLx.PARSER_TOK_DOT fmla 
	term:  PARSER_TOK_DOLLAR SYMBOLx.PARSER_TOK_DOLLAR fmla 

	PARSER_TOK_VARIABLE  shift 227
	PARSER_TOK_LB  shift 189
	PARSER_TOK_DOT  shift 373
	PARSER_TOK_DOLLAR  shift 374
	.  error

	simplevar  goto 226
	simplevars  goto 519

state 366
	simplevars:  simplevars PARSER_TOK_COMMA.simplevar 

	PARSER_TOK_VARIABLE  shift 227
	.  error

	simplevar  goto 520

state 367
	term:  PARSER_TOK_FORALL simplevars PARSER_TOK_DOT.term 

	PARSER_TOK_PRESYMBOL  shift 63
	PARSER_TOK_VARIABLE  shift 88
	PARSER_TOK_LPAREN  shift 78
	PARSER_TOK_TILDA  shift 81
	PARSER_TOK_DOLLAR  shift 86
	PARSER_TOK_FORALL  shift 82
	PARSER_TOK_EXISTS  shift 83
	PARSER_TOK_TRUE  shift 79
	PARSER_TOK_FALSE  shift 80
	PARSER_TOK_OLD  shift 77
	PARSER_TOK_GLOBALLY  shift 84
	PARSER_TOK_EVENTUALLY  shift 85
	.  error

	term  goto 521
	appelem  goto 75
	var  goto 76
	SYMBOLx  goto 87

state 368
	vars:  vars.PARSER_TOK_COMMA var 
	term:  PARSER_TOK_FORALL PARSER_TOK_LPAREN vars.PARSER_TOK_RPAREN term 

	PARSER_TOK_RPAREN  shift 523
	PARSER_TOK_COMMA  shift 522
	.  error


state 369
	vars:  var.    (78)

	.  reduce 78 (src line 1837)


state 370
	simplevar:  PARSER_TOK_VARIABLE PARSER_TOK_COLON.SYMBOLx 

	PARSER_TOK_PRESYMBOL  shift 63
	.  error

	SYMBOLx  goto 524

state 371
	term:  PARSER_TOK_EXISTS simplevars PARSER_TOK_DOT.term 

	PARSER_TOK_PRESYMBOL  shift 63
	PARSER_TOK_VARIABLE  shift 88
	PARSER_TOK_LPAREN  shift 78
	PARSER_TOK_TILDA  shift 81
	PARSER_TOK_DOLLAR  shift 86
	PARSER_TOK_FORALL  shift 82
	PARSER_TOK_EXISTS  shift 83
	PARSER_TOK_TRUE  shift 79
	PARSER_TOK_FALSE  shift 80
	PARSER_TOK_OLD  shift 77
	PARSER_TOK_GLOBALLY  shift 84
	PARSER_TOK_EVENTUALLY  shift 85
	.  error

	term  goto 525
	appelem  goto 75
	var  goto 76
	SYMBOLx  goto 87

state 372
	vars:  vars.PARSER_TOK_COMMA var 
	term:  PARSER_TOK_EXISTS PARSER_TOK_LPAREN vars.PARSER_TOK_RPAREN term 

	PARSER_TOK_RPAREN  shift 526
	PARSER_TOK_COMMA  shift 522
	.  error


state 373
	term:  PARSER_TOK_DOLLAR SYMBOLx PARSER_TOK_DOT.fmla 

	PARSER_TOK_PRESYMBOL  shift 63
	PARSER_TOK_VARIABLE  shift 88
	PARSER_TOK_LPAREN  shift 78
	PARSER_TOK_TILDA  shift 81
	PARSER_TOK_DOLLAR  shift 86
	PARSER_TOK_FORALL  shift 82
	PARSER_TOK_EXISTS  shift 83
	PARSER_TOK_TRUE  shift 79
	PARSER_TOK_FALSE  shift 80
	PARSER_TOK_OLD  shift 77
	PARSER_TOK_GLOBALLY  shift 84
	PARSER_TOK_EVENTUALLY  shift 85
	.  error

	term  goto 72
	fmla  goto 527
	appelem  goto 75
	var  goto 76
	SYMBOLx  goto 87

state 374
	term:  PARSER_TOK_DOLLAR SYMBOLx PARSER_TOK_DOLLAR.fmla 

	PARSER_TOK_PRESYMBOL  shift 63
	PARSER_TOK_VARIABLE  shift 88
	PARSER_TOK_LPAREN  shift 78
	PARSER_TOK_TILDA  shift 81
	PARSER_TOK_DOLLAR  shift 86
	PARSER_TOK_FORALL  shift 82
	PARSER_TOK_EXISTS  shift 83
	PARSER_TOK_TRUE  shift 79
	PARSER_TOK_FALSE  shift 80
	PARSER_TOK_OLD  shift 77
	PARSER_TOK_GLOBALLY  shift 84
	PARSER_TOK_EVENTUALLY  shift 85
	.  error

	term  goto 72
	fmla  goto 528
	appelem  goto 75
	var  goto 76
	SYMBOLx  goto 87

state 375
	appelem:  SYMBOLx PARSER_TOK_LPAREN terms.PARSER_TOK_RPAREN 
	terms:  terms.PARSER_TOK_COMMA term 

	PARSER_TOK_RPAREN  shift 529
	PARSER_TOK_COMMA  shift 530
	.  error


376: shift/reduce conflict (shift 211(3), red'n 83(0)) on PARSER_TOK_ARROW
376: shift/reduce conflict (shift 201(9), red'n 83(0)) on PARSER_TOK_IF
state 376
	terms:  term.    (83)
	term:  term.PARSER_TOK_DOT appelem 
	term:  term.PARSER_TOK_PLUS term 
	term:  term.PARSER_TOK_MINUS term 
	term:  term.PARSER_TOK_TIMES term 
	term:  term.PARSER_TOK_DIV term 
	term:  term.PARSER_TOK_IF fmla PARSER_TOK_ELSE term 
	term:  term.PARSER_TOK_EQ term 
	term:  term.PARSER_TOK_LE term 
	term:  term.PARSER_TOK_LT term 
	term:  term.PARSER_TOK_GE term 
	term:  term.PARSER_TOK_GT term 
	term:  term.PARSER_TOK_PTO term 
	term:  term.PARSER_TOK_TILDAEQ term 
	term:  term.PARSER_TOK_AND term 
	term:  term.PARSER_TOK_OR term 
	term:  term.PARSER_TOK_ARROW term 
	term:  term.PARSER_TOK_IFF term 
	term:  term.PARSER_TOK_WHENNEXT term 
	term:  term.PARSER_TOK_WHENPREV term 
	term:  term.PARSER_TOK_WHENFIRST term 
	term:  term.PARSER_TOK_WHENLAST term 
	term:  term.PARSER_TOK_ISA atype 
	term:  term.PARSER_TOK_COLON atype 

	PARSER_TOK_COLON  shift 218
	PARSER_TOK_DOT  shift 196
	PARSER_TOK_PLUS  shift 197
	PARSER_TOK_MINUS  shift 198
	PARSER_TOK_TIMES  shift 199
	PARSER_TOK_DIV  shift 200
	PARSER_TOK_EQ  shift 202
	PARSER_TOK_TILDAEQ  shift 208
	PARSER_TOK_LE  shift 203
	PARSER_TOK_LT  shift 204
	PARSER_TOK_GE  shift 205
	PARSER_TOK_GT  shift 206
	PARSER_TOK_AND  shift 209
	PARSER_TOK_OR  shift 210
	PARSER_TOK_ARROW  shift 211
	PARSER_TOK_IFF  shift 212
	PARSER_TOK_PTO  shift 207
	PARSER_TOK_ISA  shift 217
	PARSER_TOK_IF  shift 201
	PARSER_TOK_WHENNEXT  shift 213
	PARSER_TOK_WHENPREV  shift 214
	PARSER_TOK_WHENFIRST  shift 215
	PARSER_TOK_WHENLAST  shift 216
	.  reduce 83 (src line 1873)


state 377
	atype:  atype.PARSER_TOK_DOT SYMBOLx 
	var:  PARSER_TOK_VARIABLE PARSER_TOK_COLON atype.    (75)

	PARSER_TOK_DOT  shift 304
	.  reduce 75 (src line 1808)


state 378
	top:  top PARSER_TOK_UNPROVABLE PARSER_TOK_INVARIANT labeledfmla optproof.    (8)

	.  reduce 8 (src line 834)


state 379
	top:  top PARSER_TOK_MODULE modulestart modcat atom.optwith PARSER_TOK_EQ PARSER_TOK_LCB top PARSER_TOK_RCB moduleend 
	optwith: .    (292)

	PARSER_TOK_WITH  shift 532
	.  reduce 292 (src line 3481)

	optwith  goto 531

state 380
	top:  top PARSER_TOK_OBJECT objsym objectargs PARSER_TOK_EQ.PARSER_TOK_LCB optdotdotdot top PARSER_TOK_RCB objectend 

	PARSER_TOK_LCB  shift 533
	.  error


state 381
	optargs:  PARSER_TOK_LPAREN lparams.PARSER_TOK_RPAREN 
	lparams:  lparams.PARSER_TOK_COMMA lparam 

	PARSER_TOK_RPAREN  shift 534
	PARSER_TOK_COMMA  shift 535
	.  error


state 382
	lparams:  lparam.    (296)

	.  reduce 296 (src line 3518)


state 383
	top:  top PARSER_TOK_CLASS objsym objectargs PARSER_TOK_EQ.PARSER_TOK_LCB optdotdotdot top PARSER_TOK_RCB objectend 

	PARSER_TOK_LCB  shift 536
	.  error


state 384
	top:  top PARSER_TOK_SUBCLASS objsym PARSER_TOK_OF atype.PARSER_TOK_EQ PARSER_TOK_LCB optdotdotdot top PARSER_TOK_RCB objectend 
	atype:  atype.PARSER_TOK_DOT SYMBOLx 

	PARSER_TOK_DOT  shift 304
	PARSER_TOK_EQ  shift 537
	.  error


state 385
	schdefn:  defnlhs PARSER_TOK_EQ schdefnrhs.    (190)

	.  reduce 190 (src line 2745)


state 386
	SYMBOLx:  SYMBOLx.PARSER_TOK_LB SYMsubscr PARSER_TOK_RB 
	dotsym:  dotsym PARSER_TOK_DOT SYMBOLx.    (150)

	PARSER_TOK_LB  shift 189
	.  reduce 150 (src line 2447)


state 387
	defnlhs:  dotsym PARSER_TOK_LPAREN defargs.PARSER_TOK_RPAREN 
	defargs:  defargs.PARSER_TOK_COMMA defarg 

	PARSER_TOK_RPAREN  shift 538
	PARSER_TOK_COMMA  shift 539
	.  error


state 388
	defargs:  defarg.    (157)

	.  reduce 157 (src line 2496)


state 389
	defnlhs:  PARSER_TOK_LPAREN defarg relop.defarg PARSER_TOK_RPAREN 

	PARSER_TOK_PRESYMBOL  shift 63
	PARSER_TOK_VARIABLE  shift 88
	PARSER_TOK_CARET  shift 251
	.  error

	var  goto 249
	SYMBOLx  goto 250
	defarg  goto 540
	lparam  goto 248

state 390
	defnlhs:  PARSER_TOK_LPAREN defarg infix.defarg PARSER_TOK_RPAREN 

	PARSER_TOK_PRESYMBOL  shift 63
	PARSER_TOK_VARIABLE  shift 88
	PARSER_TOK_CARET  shift 251
	.  error

	var  goto 249
	SYMBOLx  goto 250
	defarg  goto 541
	lparam  goto 248

state 391
	lparam:  SYMBOLx PARSER_TOK_COLON.atype 

	PARSER_TOK_PRESYMBOL  shift 63
	PARSER_TOK_THIS  shift 142
	.  error

	atype  goto 542
	SYMBOLx  goto 141

state 392
	SYMBOLx:  SYMBOLx.PARSER_TOK_LB SYMsubscr PARSER_TOK_RB 
	lparam:  PARSER_TOK_CARET SYMBOLx.PARSER_TOK_COLON atype 

	PARSER_TOK_LB  shift 189
	PARSER_TOK_COLON  shift 543
	.  error


state 393
	optproof:  PARSER_TOK_PROOF proofstep.    (145)

	.  reduce 145 (src line 2404)


state 394
	optproof:  PARSER_TOK_PROOF labelname.proofstep 
	opttemporal: .    (132)

	PARSER_TOK_LCB  shift 274
	PARSER_TOK_IF  shift 270
	PARSER_TOK_ASSUME  shift 259
	PARSER_TOK_LET  shift 269
	PARSER_TOK_PROOF  shift 268
	PARSER_TOK_INSTANTIATE  shift 260
	PARSER_TOK_FUNCTION  shift 266
	PARSER_TOK_THEOREM  shift 267
	PARSER_TOK_TEMPORAL  shift 68
	PARSER_TOK_TACTIC  shift 264
	PARSER_TOK_SHOWGOALS  shift 261
	PARSER_TOK_DEFERGOAL  shift 262
	PARSER_TOK_SPOIL  shift 263
	PARSER_TOK_UNFOLD  shift 271
	PARSER_TOK_FORGET  shift 272
	PARSER_TOK_APPLY  shift 258
	.  reduce 132 (src line 2318)

	opttemporal  goto 265
	proofstep  goto 544
	proofgroup  goto 273

state 395
	top:  top PARSER_TOK_THEOREM labelname schdefnrhs optproof.    (16)

	.  reduce 16 (src line 1013)


state 396
	schdefnrhs:  PARSER_TOK_LCB schdecls.schconc PARSER_TOK_RCB 
	schdecls:  schdecls.schdecl 
	optexplicit: .    (136)

	PARSER_TOK_PRESYMBOL  shift 63
	PARSER_TOK_VARIABLE  shift 88
	PARSER_TOK_LPAREN  shift 78
	PARSER_TOK_LCB  shift 256
	PARSER_TOK_TILDA  shift 81
	PARSER_TOK_DOLLAR  shift 86
	PARSER_TOK_FORALL  shift 82
	PARSER_TOK_EXISTS  shift 83
	PARSER_TOK_TRUE  shift 79
	PARSER_TOK_FALSE  shift 80
	PARSER_TOK_OLD  shift 77
	PARSER_TOK_GLOBALLY  shift 84
	PARSER_TOK_EVENTUALLY  shift 85
	PARSER_TOK_RELATION  shift 552
	PARSER_TOK_INDIV  shift 551
	PARSER_TOK_FUNCTION  shift 549
	PARSER_TOK_THEOREM  shift 554
	PARSER_TOK_DEFINITION  shift 547
	PARSER_TOK_TYPE  shift 553
	PARSER_TOK_FRESH  shift 550
	PARSER_TOK_EXPLICIT  shift 47
	.  reduce 136 (src line 2344)

	term  goto 72
	fmla  goto 255
	appelem  goto 75
	var  goto 76
	SYMBOLx  goto 87
	optexplicit  goto 548
	schdefnrhs  goto 555
	schconc  goto 545
	schdecl  goto 546

state 397
	atype:  atype.PARSER_TOK_DOT SYMBOLx 
	proofstep:  PARSER_TOK_APPLY atype.optrenaming 
	proofstep:  PARSER_TOK_APPLY atype.optrenaming PARSER_TOK_WITH matches 
	optrenaming: .    (438)

	PARSER_TOK_DOT  shift 304
	PARSER_TOK_LT  shift 558
	.  reduce 438 (src line 4858)

	renaming  goto 557
	optrenaming  goto 556

state 398
	atype:  atype.PARSER_TOK_DOT SYMBOLx 
	proofstep:  PARSER_TOK_ASSUME atype.optrenaming 
	proofstep:  PARSER_TOK_ASSUME atype.optrenaming PARSER_TOK_WITH matches 
	optrenaming: .    (438)

	PARSER_TOK_DOT  shift 304
	PARSER_TOK_LT  shift 558
	.  reduce 438 (src line 4858)

	renaming  goto 557
	optrenaming  goto 559

state 399
	atype:  atype.PARSER_TOK_DOT SYMBOLx 
	proofstep:  PARSER_TOK_INSTANTIATE atype.optrenaming 
	proofstep:  PARSER_TOK_INSTANTIATE atype.optrenaming PARSER_TOK_WITH matches 
	optrenaming: .    (438)

	PARSER_TOK_DOT  shift 304
	PARSER_TOK_LT  shift 558
	.  reduce 438 (src line 4858)

	renaming  goto 557
	optrenaming  goto 560

state 400
	proofstep:  PARSER_TOK_INSTANTIATE labelname.atype optrenaming 
	proofstep:  PARSER_TOK_INSTANTIATE labelname.atype optrenaming PARSER_TOK_WITH matches 

	PARSER_TOK_PRESYMBOL  shift 63
	PARSER_TOK_THIS  shift 142
	.  error

	atype  goto 561
	SYMBOLx  goto 141

state 401
	proofstep:  PARSER_TOK_INSTANTIATE PARSER_TOK_WITH.pflets 

	PARSER_TOK_VARIABLE  shift 88
	.  error

	var  goto 410
	pflets  goto 562
	pflet  goto 409

state 402
	atype:  atype.PARSER_TOK_DOT SYMBOLx 
	proofstep:  PARSER_TOK_SPOIL atype.    (457)

	PARSER_TOK_DOT  shift 304
	.  reduce 457 (src line 5032)


state 403
	SYMBOLx:  SYMBOLx.PARSER_TOK_LB SYMsubscr PARSER_TOK_RB 
	proofstep:  PARSER_TOK_TACTIC SYMBOLx.opttacticwith optproofgroup 
	opttacticwith: .    (421)

	PARSER_TOK_LB  shift 189
	PARSER_TOK_WITH  shift 564
	.  reduce 421 (src line 4739)

	opttacticwith  goto 563

state 404
	proofstep:  opttemporal PARSER_TOK_PROPERTY.labeledfmla optskolem optproofgroup 

	PARSER_TOK_PRESYMBOL  shift 63
	PARSER_TOK_VARIABLE  shift 88
	PARSER_TOK_LABEL  shift 74
	PARSER_TOK_LPAREN  shift 78
	PARSER_TOK_LB  shift 73
	PARSER_TOK_TILDA  shift 81
	PARSER_TOK_DOLLAR  shift 86
	PARSER_TOK_FORALL  shift 82
	PARSER_TOK_EXISTS  shift 83
	PARSER_TOK_TRUE  shift 79
	PARSER_TOK_FALSE  shift 80
	PARSER_TOK_OLD  shift 77
	PARSER_TOK_GLOBALLY  shift 84
	PARSER_TOK_EVENTUALLY  shift 85
	.  error

	term  goto 72
	fmla  goto 70
	appelem  goto 75
	var  goto 76
	SYMBOLx  goto 87
	labelname  goto 71
	labeledfmla  goto 565

state 405
	funs:  funs.PARSER_TOK_COMMA fun 
	proofstep:  PARSER_TOK_FUNCTION funs.    (460)

	PARSER_TOK_COMMA  shift 281
	.  reduce 460 (src line 5073)


406: shift/reduce conflict (shift 567(0), red'n 426(0)) on PARSER_TOK_PROOF
state 406
	proofstep:  PARSER_TOK_THEOREM lgprop.optproofgroup 
	optproofgroup: .    (426)

	PARSER_TOK_PROOF  shift 567
	.  reduce 426 (src line 4774)

	optproofgroup  goto 566

state 407
	proofstep:  PARSER_TOK_PROOF labelname.proofgroup 

	PARSER_TOK_LCB  shift 274
	.  error

	proofgroup  goto 568

state 408
	pflets:  pflets.PARSER_TOK_COMMA pflet 
	proofstep:  PARSER_TOK_LET pflets.    (463)

	PARSER_TOK_COMMA  shift 569
	.  reduce 463 (src line 5100)


state 409
	pflets:  pflet.    (412)

	.  reduce 412 (src line 4674)


state 410
	pflet:  var.PARSER_TOK_EQ fmla 

	PARSER_TOK_EQ  shift 570
	.  error


state 411
	proofstep:  PARSER_TOK_IF fmla.proofgroup PARSER_TOK_ELSE proofgroup 

	PARSER_TOK_LCB  shift 274
	.  error

	proofgroup  goto 571

state 412
	atype:  atype.PARSER_TOK_DOT SYMBOLx 
	proofstep:  PARSER_TOK_UNFOLD atype.PARSER_TOK_WITH unfspecs 

	PARSER_TOK_DOT  shift 304
	PARSER_TOK_WITH  shift 572
	.  error


state 413
	proofstep:  PARSER_TOK_UNFOLD PARSER_TOK_WITH.unfspecs 

	PARSER_TOK_PRESYMBOL  shift 63
	PARSER_TOK_THIS  shift 126
	PARSER_TOK_METHOD  shift 127
	.  error

	SYMBOLx  goto 123
	atom  goto 125
	callatom  goto 575
	unfspec  goto 574
	unfspecs  goto 573

state 414
	callatoms:  callatoms.PARSER_TOK_COMMA callatom 
	proofstep:  PARSER_TOK_FORGET callatoms.    (467)

	PARSER_TOK_COMMA  shift 313
	.  reduce 467 (src line 5132)


state 415
	proofgroup:  PARSER_TOK_LCB proofseq.PARSER_TOK_RCB 
	proofseq:  proofseq.optsemi proofstep 
	optsemi: .    (147)

	PARSER_TOK_RCB  shift 576
	PARSER_TOK_SEMI  shift 578
	.  reduce 147 (src line 2422)

	optsemi  goto 577

state 416
	proofgroup:  PARSER_TOK_LCB PARSER_TOK_RCB.    (425)

	.  reduce 425 (src line 4766)


state 417
	proofseq:  proofstep.    (428)

	.  reduce 428 (src line 4787)


state 418
	insts:  insts PARSER_TOK_COMMA inst.    (314)

	.  reduce 314 (src line 3654)


state 419
	inst:  modinst PARSER_TOK_COLON modinst.    (316)

	.  reduce 316 (src line 3669)


state 420
	modinst:  dotsym PARSER_TOK_LPAREN pnames.PARSER_TOK_RPAREN 
	pnames:  pnames.PARSER_TOK_COMMA pname 

	PARSER_TOK_RPAREN  shift 579
	PARSER_TOK_COMMA  shift 580
	.  error


state 421
	pnames:  pname.    (327)

	.  reduce 327 (src line 3753)


state 422
	atype:  atype.PARSER_TOK_DOT SYMBOLx 
	pname:  atype.    (319)

	PARSER_TOK_DOT  shift 304
	.  reduce 319 (src line 3693)


state 423
	pname:  var.    (320)

	.  reduce 320 (src line 3710)


state 424
	pname:  infix.    (321)

	.  reduce 321 (src line 3715)


state 425
	pname:  relop.    (322)

	.  reduce 322 (src line 3721)


 426: reduce/reduce conflict  (red'ns 69 and 323) on PARSER_TOK_RPAREN
 426: reduce/reduce conflict  (red'ns 69 and 323) on PARSER_TOK_COMMA
state 426
	atype:  PARSER_TOK_THIS.    (69)
	pname:  PARSER_TOK_THIS.    (323)

	.  reduce 69 (src line 1745)


state 427
	pname:  PARSER_TOK_TRUE.    (324)

	.  reduce 324 (src line 3733)


state 428
	pname:  PARSER_TOK_FALSE.    (325)

	.  reduce 325 (src line 3739)


state 429
	rels:  rels PARSER_TOK_COMMA rel.    (222)

	.  reduce 222 (src line 3011)


state 430
	atype:  atype.PARSER_TOK_DOT SYMBOLx 
	typeddefn:  defnlhs PARSER_TOK_COLON atype.    (160)

	PARSER_TOK_DOT  shift 304
	.  reduce 160 (src line 2515)


state 431
	defn:  typeddefn PARSER_TOK_EQ defnrhs.    (164)

	.  reduce 164 (src line 2550)


state 432
	defnrhs:  fmla.    (161)

	.  reduce 161 (src line 2528)


state 433
	defnrhs:  somevarfmla.    (162)

	.  reduce 162 (src line 2534)


state 434
	defnrhs:  PARSER_TOK_NATIVEQUOTE.    (163)

	.  reduce 163 (src line 2539)


state 435
	somevarfmla:  PARSER_TOK_SOME.simplevar PARSER_TOK_DOT fmla optin optelse 

	PARSER_TOK_VARIABLE  shift 227
	.  error

	simplevar  goto 581

state 436
	funs:  funs PARSER_TOK_COMMA fun.    (226)

	.  reduce 226 (src line 3042)


state 437
	fun:  typeddefn PARSER_TOK_EQ defnrhs.    (224)

	.  reduce 224 (src line 3025)


state 438
	defns:  defns PARSER_TOK_COMMA defn.    (166)

	.  reduce 166 (src line 2566)


state 439
	top:  top optfinite optghost PARSER_TOK_TYPE typesymbol.    (24)
	top:  top optfinite optghost PARSER_TOK_TYPE typesymbol.PARSER_TOK_EQ sort 

	PARSER_TOK_EQ  shift 582
	.  reduce 24 (src line 1092)


state 440
	top:  top PARSER_TOK_RELY atom PARSER_TOK_ARROW atom.    (27)

	.  reduce 27 (src line 1163)


state 441
	terms:  terms.PARSER_TOK_COMMA term 
	atom:  SYMBOLx PARSER_TOK_LPAREN terms.PARSER_TOK_RPAREN 

	PARSER_TOK_RPAREN  shift 583
	PARSER_TOK_COMMA  shift 530
	.  error


state 442
	top:  top PARSER_TOK_MIXORD callatom PARSER_TOK_ARROW callatom.    (29)
	callatom:  callatom.PARSER_TOK_DOT callatom 

	PARSER_TOK_DOT  shift 288
	.  reduce 29 (src line 1179)


state 443
	callatom:  callatom.PARSER_TOK_DOT callatom 
	callatom:  callatom PARSER_TOK_DOT callatom.    (266)

	.  reduce 266 (src line 3282)


state 444
	cdefns:  cdefns PARSER_TOK_COMMA cdefn.    (490)

	.  reduce 490 (src line 5287)


state 445
	cdefn:  atom PARSER_TOK_EQ expr.    (488)
	prod:  expr.PARSER_TOK_TIMES expr 
	sum:  expr.PARSER_TOK_PLUS expr 

	PARSER_TOK_PLUS  shift 585
	PARSER_TOK_TIMES  shift 584
	.  reduce 488 (src line 5272)


state 446
	expr:  PARSER_TOK_LCB.fmla PARSER_TOK_RCB 

	PARSER_TOK_PRESYMBOL  shift 63
	PARSER_TOK_VARIABLE  shift 88
	PARSER_TOK_LPAREN  shift 78
	PARSER_TOK_TILDA  shift 81
	PARSER_TOK_DOLLAR  shift 86
	PARSER_TOK_FORALL  shift 82
	PARSER_TOK_EXISTS  shift 83
	PARSER_TOK_TRUE  shift 79
	PARSER_TOK_FALSE  shift 80
	PARSER_TOK_OLD  shift 77
	PARSER_TOK_GLOBALLY  shift 84
	PARSER_TOK_EVENTUALLY  shift 85
	.  error

	term  goto 72
	fmla  goto 586
	appelem  goto 75
	var  goto 76
	SYMBOLx  goto 87

state 447
	expr:  exprterm.    (492)
	expr:  exprterm.relop exprterm 
	expr:  exprterm.PARSER_TOK_TILDAEQ exprterm 

	PARSER_TOK_EQ  shift 159
	PARSER_TOK_TILDAEQ  shift 588
	PARSER_TOK_LE  shift 160
	PARSER_TOK_LT  shift 161
	PARSER_TOK_GE  shift 162
	PARSER_TOK_GT  shift 163
	PARSER_TOK_PTO  shift 164
	.  reduce 492 (src line 5300)

	relop  goto 587

state 448
	expr:  PARSER_TOK_TILDA.expr 

	PARSER_TOK_PRESYMBOL  shift 63
	PARSER_TOK_VARIABLE  shift 88
	PARSER_TOK_LPAREN  shift 449
	PARSER_TOK_LCB  shift 446
	PARSER_TOK_TILDA  shift 448
	.  error

	appelem  goto 454
	aterm  goto 452
	var  goto 453
	SYMBOLx  goto 87
	expr  goto 589
	exprterm  goto 447
	prod  goto 450
	sum  goto 451

state 449
	expr:  PARSER_TOK_LPAREN.expr PARSER_TOK_RPAREN 

	PARSER_TOK_PRESYMBOL  shift 63
	PARSER_TOK_VARIABLE  shift 88
	PARSER_TOK_LPAREN  shift 449
	PARSER_TOK_LCB  shift 446
	PARSER_TOK_TILDA  shift 448
	.  error

	appelem  goto 454
	aterm  goto 452
	var  goto 453
	SYMBOLx  goto 87
	expr  goto 590
	exprterm  goto 447
	prod  goto 450
	sum  goto 451

450: shift/reduce conflict (shift 591(13), red'n 497(0)) on PARSER_TOK_TIMES
state 450
	expr:  prod.    (497)
	prod:  prod.PARSER_TOK_TIMES expr 

	PARSER_TOK_TIMES  shift 591
	.  reduce 497 (src line 5328)


451: shift/reduce conflict (shift 592(12), red'n 498(0)) on PARSER_TOK_PLUS
state 451
	expr:  sum.    (498)
	sum:  sum.PARSER_TOK_PLUS expr 

	PARSER_TOK_PLUS  shift 592
	.  reduce 498 (src line 5333)


state 452
	aterm:  aterm.PARSER_TOK_DOT appelem 
	exprterm:  aterm.    (499)

	PARSER_TOK_DOT  shift 593
	.  reduce 499 (src line 5340)


state 453
	exprterm:  var.    (500)

	.  reduce 500 (src line 5346)


state 454
	aterm:  appelem.    (72)

	.  reduce 72 (src line 1782)


state 455
	top:  top PARSER_TOK_UPDATE apps PARSER_TOK_FROM apps.upaxes 
	apps:  apps.PARSER_TOK_COMMA app 
	upaxes: .    (476)

	PARSER_TOK_COMMA  shift 292
	.  reduce 476 (src line 5194)

	upaxes  goto 594

state 456
	apps:  apps PARSER_TOK_COMMA app.    (258)

	.  reduce 258 (src line 3216)


state 457
	appelem:  SYMBOLx PARSER_TOK_LPAREN terms.PARSER_TOK_RPAREN 
	terms:  terms.PARSER_TOK_COMMA term 
	app:  SYMBOLx PARSER_TOK_LPAREN terms.PARSER_TOK_RPAREN 

	PARSER_TOK_RPAREN  shift 595
	PARSER_TOK_COMMA  shift 530
	.  error


state 458
	term:  term.PARSER_TOK_DOT appelem 
	term:  term.PARSER_TOK_PLUS term 
	term:  term.PARSER_TOK_MINUS term 
	term:  term.PARSER_TOK_TIMES term 
	term:  term.PARSER_TOK_DIV term 
	term:  term.PARSER_TOK_IF fmla PARSER_TOK_ELSE term 
	term:  term.PARSER_TOK_EQ term 
	term:  term.PARSER_TOK_LE term 
	term:  term.PARSER_TOK_LT term 
	term:  term.PARSER_TOK_GE term 
	term:  term.PARSER_TOK_GT term 
	term:  term.PARSER_TOK_PTO term 
	term:  term.PARSER_TOK_TILDAEQ term 
	term:  term.PARSER_TOK_AND term 
	term:  term.PARSER_TOK_OR term 
	term:  term.PARSER_TOK_ARROW term 
	term:  term.PARSER_TOK_IFF term 
	term:  term.PARSER_TOK_WHENNEXT term 
	term:  term.PARSER_TOK_WHENPREV term 
	term:  term.PARSER_TOK_WHENFIRST term 
	term:  term.PARSER_TOK_WHENLAST term 
	term:  term.PARSER_TOK_ISA atype 
	term:  term.PARSER_TOK_COLON atype 
	app:  term infix term.    (256)

	PARSER_TOK_COLON  shift 218
	PARSER_TOK_DOT  shift 196
	PARSER_TOK_PLUS  shift 197
	PARSER_TOK_MINUS  shift 198
	PARSER_TOK_TIMES  shift 199
	PARSER_TOK_DIV  shift 200
	PARSER_TOK_EQ  shift 202
	PARSER_TOK_TILDAEQ  shift 208
	PARSER_TOK_LE  shift 203
	PARSER_TOK_LT  shift 204
	PARSER_TOK_GE  shift 205
	PARSER_TOK_GT  shift 206
	PARSER_TOK_AND  shift 209
	PARSER_TOK_OR  shift 210
	PARSER_TOK_ARROW  shift 211
	PARSER_TOK_IFF  shift 212
	PARSER_TOK_PTO  shift 207
	PARSER_TOK_ISA  shift 217
	PARSER_TOK_IF  shift 201
	PARSER_TOK_WHENNEXT  shift 213
	PARSER_TOK_WHENPREV  shift 214
	PARSER_TOK_WHENFIRST  shift 215
	PARSER_TOK_WHENLAST  shift 216
	.  reduce 256 (src line 3203)


state 459
	top:  top PARSER_TOK_MACRO atom PARSER_TOK_EQ sequence.    (32)

	.  reduce 32 (src line 1215)


state 460
	sequence:  PARSER_TOK_LCB.PARSER_TOK_RCB 
	sequence:  PARSER_TOK_LCB.actseq PARSER_TOK_RCB 
	sequence:  PARSER_TOK_LCB.actseq PARSER_TOK_SEMI PARSER_TOK_RCB 
	optunprovable: .    (134)

	PARSER_TOK_PRESYMBOL  shift 63
	PARSER_TOK_VARIABLE  shift 88
	PARSER_TOK_LPAREN  shift 618
	PARSER_TOK_LCB  shift 460
	PARSER_TOK_RCB  shift 596
	PARSER_TOK_TILDA  shift 81
	PARSER_TOK_DOLLAR  shift 86
	PARSER_TOK_FORALL  shift 82
	PARSER_TOK_EXISTS  shift 83
	PARSER_TOK_TRUE  shift 79
	PARSER_TOK_FALSE  shift 80
	PARSER_TOK_OLD  shift 77
	PARSER_TOK_IF  shift 611
	PARSER_TOK_GLOBALLY  shift 84
	PARSER_TOK_EVENTUALLY  shift 85
	PARSER_TOK_ASSUME  shift 601
	PARSER_TOK_VAR  shift 605
	PARSER_TOK_LOCAL  shift 614
	PARSER_TOK_LET  shift 615
	PARSER_TOK_CALL  shift 606
	PARSER_TOK_WHILE  shift 612
	PARSER_TOK_FOR  shift 613
	PARSER_TOK_DEBUG  shift 609
	PARSER_TOK_THUNK  shift 616
	PARSER_TOK_UNPROVABLE  shift 617
	PARSER_TOK_INSTANTIATE  shift 608
	PARSER_TOK_SET  shift 607
	.  reduce 134 (src line 2331)

	term  goto 603
	appelem  goto 75
	var  goto 76
	SYMBOLx  goto 87
	optunprovable  goto 602
	simpleact  goto 599
	complexact  goto 600
	sequence  goto 610
	actseq  goto 597
	actseqrev  goto 598
	termtuple  goto 604

state 461
	top:  top optimpex actmeth SYMBOLx optargs.optreturns optactiondef 
	optreturns: .    (285)

	PARSER_TOK_RETURNS  shift 465
	.  reduce 285 (src line 3431)

	optreturns  goto 619

state 462
	top:  top PARSER_TOK_MIXIN callatom PARSER_TOK_BEFORE callatom.    (34)
	callatom:  callatom.PARSER_TOK_DOT callatom 

	PARSER_TOK_DOT  shift 288
	.  reduce 34 (src line 1279)


state 463
	top:  top PARSER_TOK_MIXIN callatom PARSER_TOK_AFTER callatom.    (35)
	callatom:  callatom.PARSER_TOK_DOT callatom 

	PARSER_TOK_DOT  shift 288
	.  reduce 35 (src line 1288)


state 464
	top:  top PARSER_TOK_BEFORE atype optargs optreturns.sequence 

	PARSER_TOK_LCB  shift 460
	.  error

	sequence  goto 620

state 465
	optreturns:  PARSER_TOK_RETURNS.PARSER_TOK_LPAREN lparams PARSER_TOK_RPAREN 

	PARSER_TOK_LPAREN  shift 621
	.  error


state 466
	SYMBOLx:  SYMBOLx.PARSER_TOK_LB SYMsubscr PARSER_TOK_RB 
	atype:  atype PARSER_TOK_DOT SYMBOLx.    (68)

	PARSER_TOK_LB  shift 189
	.  reduce 68 (src line 1734)


state 467
	top:  top PARSER_TOK_AFTER atype optargs optreturns.topseq 

	PARSER_TOK_LCB  shift 470
	.  error

	sequence  goto 469
	topseq  goto 622

state 468
	top:  top PARSER_TOK_AFTER PARSER_TOK_INIT optargs topseq.    (39)

	.  reduce 39 (src line 1345)


state 469
	topseq:  sequence.    (301)

	.  reduce 301 (src line 3553)


state 470
	topseq:  PARSER_TOK_LCB.PARSER_TOK_NATIVEQUOTE PARSER_TOK_RCB 
	sequence:  PARSER_TOK_LCB.PARSER_TOK_RCB 
	sequence:  PARSER_TOK_LCB.actseq PARSER_TOK_RCB 
	sequence:  PARSER_TOK_LCB.actseq PARSER_TOK_SEMI PARSER_TOK_RCB 
	optunprovable: .    (134)

	PARSER_TOK_PRESYMBOL  shift 63
	PARSER_TOK_VARIABLE  shift 88
	PARSER_TOK_NATIVEQUOTE  shift 623
	PARSER_TOK_LPAREN  shift 618
	PARSER_TOK_LCB  shift 460
	PARSER_TOK_RCB  shift 596
	PARSER_TOK_TILDA  shift 81
	PARSER_TOK_DOLLAR  shift 86
	PARSER_TOK_FORALL  shift 82
	PARSER_TOK_EXISTS  shift 83
	PARSER_TOK_TRUE  shift 79
	PARSER_TOK_FALSE  shift 80
	PARSER_TOK_OLD  shift 77
	PARSER_TOK_IF  shift 611
	PARSER_TOK_GLOBALLY  shift 84
	PARSER_TOK_EVENTUALLY  shift 85
	PARSER_TOK_ASSUME  shift 601
	PARSER_TOK_VAR  shift 605
	PARSER_TOK_LOCAL  shift 614
	PARSER_TOK_LET  shift 615
	PARSER_TOK_CALL  shift 606
	PARSER_TOK_WHILE  shift 612
	PARSER_TOK_FOR  shift 613
	PARSER_TOK_DEBUG  shift 609
	PARSER_TOK_THUNK  shift 616
	PARSER_TOK_UNPROVABLE  shift 617
	PARSER_TOK_INSTANTIATE  shift 608
	PARSER_TOK_SET  shift 607
	.  reduce 134 (src line 2331)

	term  goto 603
	appelem  goto 75
	var  goto 76
	SYMBOLx  goto 87
	optunprovable  goto 602
	simpleact  goto 599
	complexact  goto 600
	sequence  goto 610
	actseq  goto 597
	actseqrev  goto 598
	termtuple  goto 604

state 471
	top:  top PARSER_TOK_AROUND atype optargs optreturns.PARSER_TOK_LCB actseq optsemi PARSER_TOK_DOTDOTDOT actseq optsemi PARSER_TOK_RCB 

	PARSER_TOK_LCB  shift 624
	.  error


state 472
	top:  top PARSER_TOK_IMPLEMENT atype optargs optreturns.topseq 

	PARSER_TOK_LCB  shift 470
	.  error

	sequence  goto 469
	topseq  goto 625

state 473
	top:  top PARSER_TOK_IMPLEMENT PARSER_TOK_TYPE SYMBOLx PARSER_TOK_WITH.SYMBOLx 

	PARSER_TOK_PRESYMBOL  shift 63
	.  error

	SYMBOLx  goto 626

state 474
	top:  top opttrusted PARSER_TOK_ISOLATE SYMBOLx optargs.PARSER_TOK_EQ callatoms 
	top:  top opttrusted PARSER_TOK_ISOLATE SYMBOLx optargs.PARSER_TOK_EQ callatoms PARSER_TOK_WITH callatoms 
	top:  top opttrusted PARSER_TOK_ISOLATE SYMBOLx optargs.PARSER_TOK_EQ PARSER_TOK_LCB top PARSER_TOK_RCB optwith 

	PARSER_TOK_EQ  shift 627
	.  error


state 475
	top:  top PARSER_TOK_EXTRACT objsym objectargs PARSER_TOK_EQ.PARSER_TOK_LCB top PARSER_TOK_RCB optwith 
	top:  top PARSER_TOK_EXTRACT objsym objectargs PARSER_TOK_EQ.callatoms 

	PARSER_TOK_PRESYMBOL  shift 63
	PARSER_TOK_LCB  shift 628
	PARSER_TOK_THIS  shift 126
	PARSER_TOK_METHOD  shift 127
	.  error

	SYMBOLx  goto 123
	atom  goto 125
	callatom  goto 153
	callatoms  goto 629

state 476
	callatom:  callatom.PARSER_TOK_DOT callatom 
	callatoms:  callatoms PARSER_TOK_COMMA callatom.    (268)

	PARSER_TOK_DOT  shift 288
	.  reduce 268 (src line 3298)


state 477
	callatom:  callatom.PARSER_TOK_DOT callatom 
	optdelegee:  PARSER_TOK_ARROW callatom.    (339)

	PARSER_TOK_DOT  shift 288
	.  reduce 339 (src line 3848)


state 478
	top:  top PARSER_TOK_INTERPRET oper PARSER_TOK_ARROW oper.    (50)

	.  reduce 50 (src line 1521)


state 479
	top:  top PARSER_TOK_INTERPRET oper PARSER_TOK_ARROW PARSER_TOK_LCB.term PARSER_TOK_DOTS term PARSER_TOK_RCB 
	top:  top PARSER_TOK_INTERPRET oper PARSER_TOK_ARROW PARSER_TOK_LCB.SYMBOLx moresymbols PARSER_TOK_RCB 

	PARSER_TOK_PRESYMBOL  shift 63
	PARSER_TOK_VARIABLE  shift 88
	PARSER_TOK_LPAREN  shift 78
	PARSER_TOK_TILDA  shift 81
	PARSER_TOK_DOLLAR  shift 86
	PARSER_TOK_FORALL  shift 82
	PARSER_TOK_EXISTS  shift 83
	PARSER_TOK_TRUE  shift 79
	PARSER_TOK_FALSE  shift 80
	PARSER_TOK_OLD  shift 77
	PARSER_TOK_GLOBALLY  shift 84
	PARSER_TOK_EVENTUALLY  shift 85
	.  error

	term  goto 630
	appelem  goto 75
	var  goto 76
	SYMBOLx  goto 631

state 480
	top:  top PARSER_TOK_ALIAS SYMBOLx PARSER_TOK_EQ callatom.    (53)
	callatom:  callatom.PARSER_TOK_DOT callatom 

	PARSER_TOK_DOT  shift 288
	.  reduce 53 (src line 1574)


state 481
	top:  top PARSER_TOK_ATTRIBUTE callatom PARSER_TOK_EQ attributeval.    (54)

	.  reduce 54 (src line 1583)


state 482
	callatom:  callatom.PARSER_TOK_DOT callatom 
	attributeval:  callatom.    (333)

	PARSER_TOK_DOT  shift 288
	.  reduce 333 (src line 3805)


state 483
	attributeval:  PARSER_TOK_TRUE.    (334)

	.  reduce 334 (src line 3811)


state 484
	attributeval:  PARSER_TOK_FALSE.    (335)

	.  reduce 335 (src line 3817)


state 485
	top:  top PARSER_TOK_VARIANT typesymbol PARSER_TOK_OF atype.    (55)
	top:  top PARSER_TOK_VARIANT typesymbol PARSER_TOK_OF atype.PARSER_TOK_EQ sort 
	atype:  atype.PARSER_TOK_DOT SYMBOLx 

	PARSER_TOK_DOT  shift 304
	PARSER_TOK_EQ  shift 632
	.  reduce 55 (src line 1595)


state 486
	top:  top PARSER_TOK_SCENARIO PARSER_TOK_LCB sceninit PARSER_TOK_SEMI.scentranss PARSER_TOK_RCB 
	scentranss: .    (403)

	.  reduce 403 (src line 4585)

	scentranss  goto 633

state 487
	sceninit:  PARSER_TOK_ARROW places.    (400)
	places:  places.PARSER_TOK_COMMA SYMBOLx 

	PARSER_TOK_COMMA  shift 634
	.  reduce 400 (src line 4558)


state 488
	SYMBOLx:  SYMBOLx.PARSER_TOK_LB SYMsubscr PARSER_TOK_RB 
	places:  SYMBOLx.    (401)

	PARSER_TOK_LB  shift 189
	.  reduce 401 (src line 4568)


state 489
	top:  top specimpl PARSER_TOK_LCB top PARSER_TOK_RCB.    (59)

	.  reduce 59 (src line 1653)


state 490
	top:  top PARSER_TOK_STATE SYMBOLx PARSER_TOK_EQ state_expr.    (60)
	state_expr:  state_expr.PARSER_TOK_OR state_expr 

	PARSER_TOK_OR  shift 635
	.  reduce 60 (src line 1671)


state 491
	state_expr:  PARSER_TOK_TRUE.    (481)

	.  reduce 481 (src line 5232)


state 492
	state_expr:  PARSER_TOK_FALSE.    (482)

	.  reduce 482 (src line 5238)


state 493
	SYMBOLx:  SYMBOLx.PARSER_TOK_LB SYMsubscr PARSER_TOK_RB 
	state_expr:  SYMBOLx.    (483)
	state_expr:  SYMBOLx.PARSER_TOK_LPAREN state_expr PARSER_TOK_RPAREN 

	PARSER_TOK_LPAREN  shift 636
	PARSER_TOK_LB  shift 189
	.  reduce 483 (src line 5243)


state 494
	state_expr:  PARSER_TOK_LCB.requires modifies ensures PARSER_TOK_RCB 
	requires: .    (469)

	PARSER_TOK_REQUIRES  shift 638
	.  reduce 469 (src line 5150)

	requires  goto 637

state 495
	state_expr:  PARSER_TOK_ENTRY.    (487)

	.  reduce 487 (src line 5263)


state 496
	top:  top PARSER_TOK_ASSERT SYMBOLx PARSER_TOK_ARROW assert_rhs.    (61)

	.  reduce 61 (src line 1679)


state 497
	assert_rhs:  PARSER_TOK_LCB.requires modifies ensures PARSER_TOK_RCB 
	requires: .    (469)

	PARSER_TOK_REQUIRES  shift 638
	.  reduce 469 (src line 5150)

	requires  goto 639

state 498
	assert_rhs:  fmla.    (480)

	.  reduce 480 (src line 5225)


state 499
	tterms:  tterms PARSER_TOK_COMMA tterm.    (209)

	.  reduce 209 (src line 2916)


state 500
	atype:  atype.PARSER_TOK_DOT SYMBOLx 
	tterm:  tapp PARSER_TOK_COLON atype.    (207)

	PARSER_TOK_DOT  shift 304
	.  reduce 207 (src line 2900)


state 501
	targs:  PARSER_TOK_LPAREN PARSER_TOK_RPAREN.    (210)

	.  reduce 210 (src line 2923)


state 502
	targs:  PARSER_TOK_LPAREN tsyms.PARSER_TOK_RPAREN 
	tsyms:  tsyms.PARSER_TOK_COMMA var 

	PARSER_TOK_RPAREN  shift 640
	PARSER_TOK_COMMA  shift 641
	.  error


state 503
	tsyms:  var.    (212)

	.  reduce 212 (src line 2936)


state 504
	tapp:  PARSER_TOK_LPAREN var infix.var PARSER_TOK_RPAREN 

	PARSER_TOK_VARIABLE  shift 88
	.  error

	var  goto 642

state 505
	parameter:  tterm PARSER_TOK_EQ paramval.    (199)

	.  reduce 199 (src line 2837)


state 506
	paramval:  PARSER_TOK_TRUE.    (200)

	.  reduce 200 (src line 2847)


state 507
	paramval:  PARSER_TOK_FALSE.    (201)

	.  reduce 201 (src line 2854)


state 508
	SYMBOLx:  SYMBOLx.PARSER_TOK_LB SYMsubscr PARSER_TOK_RB 
	paramval:  SYMBOLx.    (202)

	PARSER_TOK_LB  shift 189
	.  reduce 202 (src line 2860)


state 509
	SYMBOLx:  SYMBOLx PARSER_TOK_LB SYMsubscr PARSER_TOK_RB.    (63)

	.  reduce 63 (src line 1699)


state 510
	SYMsubscr:  SYMsubscr PARSER_TOK_DOT.SYMBOLx 

	PARSER_TOK_PRESYMBOL  shift 63
	.  error

	SYMBOLx  goto 643

state 511
	lgprop:  optlabel gprop.    (131)

	.  reduce 131 (src line 2304)


 512: reduce/reduce conflict  (red'ns 129 and 174) on $end
 512: reduce/reduce conflict  (red'ns 129 and 174) on PARSER_TOK_PRESYMBOL
 512: reduce/reduce conflict  (red'ns 129 and 174) on PARSER_TOK_VARIABLE
 512: reduce/reduce conflict  (red'ns 129 and 174) on PARSER_TOK_NATIVEQUOTE
 512: reduce/reduce conflict  (red'ns 129 and 174) on PARSER_TOK_LPAREN
 512: reduce/reduce conflict  (red'ns 129 and 174) on PARSER_TOK_LCB
 512: reduce/reduce conflict  (red'ns 129 and 174) on PARSER_TOK_RCB
 512: reduce/reduce conflict  (red'ns 129 and 174) on PARSER_TOK_SEMI
 512: reduce/reduce conflict  (red'ns 129 and 174) on PARSER_TOK_DOTDOTDOT
 512: reduce/reduce conflict  (red'ns 129 and 174) on PARSER_TOK_TILDA
 512: reduce/reduce conflict  (red'ns 129 and 174) on PARSER_TOK_ARROW
 512: reduce/reduce conflict  (red'ns 129 and 174) on PARSER_TOK_DOLLAR
 512: reduce/reduce conflict  (red'ns 129 and 174) on PARSER_TOK_FORALL
 512: reduce/reduce conflict  (red'ns 129 and 174) on PARSER_TOK_EXISTS
 512: reduce/reduce conflict  (red'ns 129 and 174) on PARSER_TOK_TRUE
 512: reduce/reduce conflict  (red'ns 129 and 174) on PARSER_TOK_FALSE
 512: reduce/reduce conflict  (red'ns 129 and 174) on PARSER_TOK_OLD
 512: reduce/reduce conflict  (red'ns 129 and 174) on PARSER_TOK_IF
 512: reduce/reduce conflict  (red'ns 129 and 174) on PARSER_TOK_GLOBALLY
 512: reduce/reduce conflict  (red'ns 129 and 174) on PARSER_TOK_EVENTUALLY
 512: reduce/reduce conflict  (red'ns 129 and 174) on PARSER_TOK_ASSUME
 512: reduce/reduce conflict  (red'ns 129 and 174) on PARSER_TOK_ASSERT
 512: reduce/reduce conflict  (red'ns 129 and 174) on PARSER_TOK_REQUIRE
 512: reduce/reduce conflict  (red'ns 129 and 174) on PARSER_TOK_ENSURE
 512: reduce/reduce conflict  (red'ns 129 and 174) on PARSER_TOK_VAR
 512: reduce/reduce conflict  (red'ns 129 and 174) on PARSER_TOK_LOCAL
 512: reduce/reduce conflict  (red'ns 129 and 174) on PARSER_TOK_LET
 512: reduce/reduce conflict  (red'ns 129 and 174) on PARSER_TOK_CALL
 512: reduce/reduce conflict  (red'ns 129 and 174) on PARSER_TOK_WHILE
 512: reduce/reduce conflict  (red'ns 129 and 174) on PARSER_TOK_FOR
 512: reduce/reduce conflict  (red'ns 129 and 174) on PARSER_TOK_INVARIANT
 512: reduce/reduce conflict  (red'ns 129 and 174) on PARSER_TOK_DECREASES
 512: reduce/reduce conflict  (red'ns 129 and 174) on PARSER_TOK_DEBUG
 512: reduce/reduce conflict  (red'ns 129 and 174) on PARSER_TOK_THUNK
 512: reduce/reduce conflict  (red'ns 129 and 174) on PARSER_TOK_UNPROVABLE
 512: reduce/reduce conflict  (red'ns 129 and 174) on PARSER_TOK_PROOF
 512: reduce/reduce conflict  (red'ns 129 and 174) on PARSER_TOK_INSTANTIATE
 512: reduce/reduce conflict  (red'ns 129 and 174) on PARSER_TOK_RELATION
 512: reduce/reduce conflict  (red'ns 129 and 174) on PARSER_TOK_INDIV
 512: reduce/reduce conflict  (red'ns 129 and 174) on PARSER_TOK_FUNCTION
 512: reduce/reduce conflict  (red'ns 129 and 174) on PARSER_TOK_DERIVED
 512: reduce/reduce conflict  (red'ns 129 and 174) on PARSER_TOK_AXIOM
 512: reduce/reduce conflict  (red'ns 129 and 174) on PARSER_TOK_CONJECTURE
 512: reduce/reduce conflict  (red'ns 129 and 174) on PARSER_TOK_SCHEMA
 512: reduce/reduce conflict  (red'ns 129 and 174) on PARSER_TOK_THEOREM
 512: reduce/reduce conflict  (red'ns 129 and 174) on PARSER_TOK_PROPERTY
 512: reduce/reduce conflict  (red'ns 129 and 174) on PARSER_TOK_DEFINITION
 512: reduce/reduce conflict  (red'ns 129 and 174) on PARSER_TOK_TYPE
 512: reduce/reduce conflict  (red'ns 129 and 174) on PARSER_TOK_MODULE
 512: reduce/reduce conflict  (red'ns 129 and 174) on PARSER_TOK_OBJECT
 512: reduce/reduce conflict  (red'ns 129 and 174) on PARSER_TOK_CLASS
 512: reduce/reduce conflict  (red'ns 129 and 174) on PARSER_TOK_SUBCLASS
 512: reduce/reduce conflict  (red'ns 129 and 174) on PARSER_TOK_ACTION
 512: reduce/reduce conflict  (red'ns 129 and 174) on PARSER_TOK_METHOD
 512: reduce/reduce conflict  (red'ns 129 and 174) on PARSER_TOK_BEFORE
 512: reduce/reduce conflict  (red'ns 129 and 174) on PARSER_TOK_AFTER
 512: reduce/reduce conflict  (red'ns 129 and 174) on PARSER_TOK_AROUND
 512: reduce/reduce conflict  (red'ns 129 and 174) on PARSER_TOK_MIXIN
 512: reduce/reduce conflict  (red'ns 129 and 174) on PARSER_TOK_IMPLEMENT
 512: reduce/reduce conflict  (red'ns 129 and 174) on PARSER_TOK_ISOLATE
 512: reduce/reduce conflict  (red'ns 129 and 174) on PARSER_TOK_EXTRACT
 512: reduce/reduce conflict  (red'ns 129 and 174) on PARSER_TOK_TRUSTED
 512: reduce/reduce conflict  (red'ns 129 and 174) on PARSER_TOK_EXPORT
 512: reduce/reduce conflict  (red'ns 129 and 174) on PARSER_TOK_IMPORT
 512: reduce/reduce conflict  (red'ns 129 and 174) on PARSER_TOK_DELEGATE
 512: reduce/reduce conflict  (red'ns 129 and 174) on PARSER_TOK_USING
 512: reduce/reduce conflict  (red'ns 129 and 174) on PARSER_TOK_INCLUDE
 512: reduce/reduce conflict  (red'ns 129 and 174) on PARSER_TOK_INTERPRET
 512: reduce/reduce conflict  (red'ns 129 and 174) on PARSER_TOK_MACRO
 512: reduce/reduce conflict  (red'ns 129 and 174) on PARSER_TOK_ALIAS
 512: reduce/reduce conflict  (red'ns 129 and 174) on PARSER_TOK_ATTRIBUTE
 512: reduce/reduce conflict  (red'ns 129 and 174) on PARSER_TOK_VARIANT
 512: reduce/reduce conflict  (red'ns 129 and 174) on PARSER_TOK_SCENARIO
 512: reduce/reduce conflict  (red'ns 129 and 174) on PARSER_TOK_PROGRESS
 512: reduce/reduce conflict  (red'ns 129 and 174) on PARSER_TOK_RELY
 512: reduce/reduce conflict  (red'ns 129 and 174) on PARSER_TOK_MIXORD
 512: reduce/reduce conflict  (red'ns 129 and 174) on PARSER_TOK_CONCEPT
 512: reduce/reduce conflict  (red'ns 129 and 174) on PARSER_TOK_STATE
 512: reduce/reduce conflict  (red'ns 129 and 174) on PARSER_TOK_UPDATE
 512: reduce/reduce conflict  (red'ns 129 and 174) on PARSER_TOK_SET
 512: reduce/reduce conflict  (red'ns 129 and 174) on PARSER_TOK_FRESH
 512: reduce/reduce conflict  (red'ns 129 and 174) on PARSER_TOK_TEMPORAL
 512: reduce/reduce conflict  (red'ns 129 and 174) on PARSER_TOK_EXPLICIT
 512: reduce/reduce conflict  (red'ns 129 and 174) on PARSER_TOK_SPECIFICATION
 512: reduce/reduce conflict  (red'ns 129 and 174) on PARSER_TOK_IMPLEMENTATION
 512: reduce/reduce conflict  (red'ns 129 and 174) on PARSER_TOK_PRIVATE
 512: reduce/reduce conflict  (red'ns 129 and 174) on PARSER_TOK_GLOBAL
 512: reduce/reduce conflict  (red'ns 129 and 174) on PARSER_TOK_COMMON
 512: reduce/reduce conflict  (red'ns 129 and 174) on PARSER_TOK_GHOST
 512: reduce/reduce conflict  (red'ns 129 and 174) on PARSER_TOK_FINITE
 512: reduce/reduce conflict  (red'ns 129 and 174) on PARSER_TOK_PARAMETER
 512: reduce/reduce conflict  (red'ns 129 and 174) on PARSER_TOK_DESTRUCTOR
 512: reduce/reduce conflict  (red'ns 129 and 174) on PARSER_TOK_CONSTRUCTOR
 512: reduce/reduce conflict  (red'ns 129 and 174) on PARSER_TOK_FIELD
 512: reduce/reduce conflict  (red'ns 129 and 174) on PARSER_TOK_AUTOINSTANCE
 512: reduce/reduce conflict  (red'ns 129 and 174) on PARSER_TOK_TACTIC
 512: reduce/reduce conflict  (red'ns 129 and 174) on PARSER_TOK_SHOWGOALS
 512: reduce/reduce conflict  (red'ns 129 and 174) on PARSER_TOK_DEFERGOAL
 512: reduce/reduce conflict  (red'ns 129 and 174) on PARSER_TOK_SPOIL
 512: reduce/reduce conflict  (red'ns 129 and 174) on PARSER_TOK_UNFOLD
 512: reduce/reduce conflict  (red'ns 129 and 174) on PARSER_TOK_FORGET
 512: reduce/reduce conflict  (red'ns 129 and 174) on PARSER_TOK_APPLY
state 512
	gprop:  fmla.    (129)
	schdefnrhs:  fmla.    (174)

	.  reduce 129 (src line 2291)


state 513
	gprop:  schdefnrhs.    (130)

	.  reduce 130 (src line 2297)


514: shift/reduce conflict (shift 253(0), red'n 144(0)) on PARSER_TOK_PROOF
state 514
	top:  top optexplicit opttemporal PARSER_TOK_PROPERTY labeledfmla optskolem.optproof 
	optproof: .    (144)

	PARSER_TOK_PROOF  shift 253
	.  reduce 144 (src line 2398)

	optproof  goto 644

state 515
	optskolem:  PARSER_TOK_NAMED.defnlhs 

	PARSER_TOK_PRESYMBOL  shift 63
	PARSER_TOK_LPAREN  shift 98
	.  error

	SYMBOLx  goto 99
	defnlhs  goto 645
	dotsym  goto 97

state 516
	top:  top optexplicit PARSER_TOK_DEFINITION optlabel gdefn optproof.    (13)

	.  reduce 13 (src line 968)


state 517
	gdefn:  PARSER_TOK_LCB defn.PARSER_TOK_RCB 

	PARSER_TOK_RCB  shift 646
	.  error


state 518
	term:  term PARSER_TOK_IF fmla PARSER_TOK_ELSE.term 

	PARSER_TOK_PRESYMBOL  shift 63
	PARSER_TOK_VARIABLE  shift 88
	PARSER_TOK_LPAREN  shift 78
	PARSER_TOK_TILDA  shift 81
	PARSER_TOK_DOLLAR  shift 86
	PARSER_TOK_FORALL  shift 82
	PARSER_TOK_EXISTS  shift 83
	PARSER_TOK_TRUE  shift 79
	PARSER_TOK_FALSE  shift 80
	PARSER_TOK_OLD  shift 77
	PARSER_TOK_GLOBALLY  shift 84
	PARSER_TOK_EVENTUALLY  shift 85
	.  error

	term  goto 647
	appelem  goto 75
	var  goto 76
	SYMBOLx  goto 87

state 519
	simplevars:  simplevars.PARSER_TOK_COMMA simplevar 
	term:  PARSER_TOK_LPAREN PARSER_TOK_DOLLAR SYMBOLx simplevars.PARSER_TOK_DOT fmla PARSER_TOK_RPAREN PARSER_TOK_LPAREN terms PARSER_TOK_RPAREN 

	PARSER_TOK_COMMA  shift 366
	PARSER_TOK_DOT  shift 648
	.  error


state 520
	simplevars:  simplevars PARSER_TOK_COMMA simplevar.    (81)

	.  reduce 81 (src line 1856)


521: shift/reduce conflict (shift 217(0), red'n 109(1)) on PARSER_TOK_ISA
521: shift/reduce conflict (shift 213(0), red'n 109(1)) on PARSER_TOK_WHENNEXT
521: shift/reduce conflict (shift 214(0), red'n 109(1)) on PARSER_TOK_WHENPREV
521: shift/reduce conflict (shift 215(0), red'n 109(1)) on PARSER_TOK_WHENFIRST
521: shift/reduce conflict (shift 216(0), red'n 109(1)) on PARSER_TOK_WHENLAST
state 521
	term:  term.PARSER_TOK_DOT appelem 
	term:  term.PARSER_TOK_PLUS term 
	term:  term.PARSER_TOK_MINUS term 
	term:  term.PARSER_TOK_TIMES term 
	term:  term.PARSER_TOK_DIV term 
	term:  term.PARSER_TOK_IF fmla PARSER_TOK_ELSE term 
	term:  term.PARSER_TOK_EQ term 
	term:  term.PARSER_TOK_LE term 
	term:  term.PARSER_TOK_LT term 
	term:  term.PARSER_TOK_GE term 
	term:  term.PARSER_TOK_GT term 
	term:  term.PARSER_TOK_PTO term 
	term:  term.PARSER_TOK_TILDAEQ term 
	term:  term.PARSER_TOK_AND term 
	term:  term.PARSER_TOK_OR term 
	term:  term.PARSER_TOK_ARROW term 
	term:  term.PARSER_TOK_IFF term 
	term:  PARSER_TOK_FORALL simplevars PARSER_TOK_DOT term.    (109)
	term:  term.PARSER_TOK_WHENNEXT term 
	term:  term.PARSER_TOK_WHENPREV term 
	term:  term.PARSER_TOK_WHENFIRST term 
	term:  term.PARSER_TOK_WHENLAST term 
	term:  term.PARSER_TOK_ISA atype 
	term:  term.PARSER_TOK_COLON atype 

	PARSER_TOK_COLON  shift 218
	PARSER_TOK_DOT  shift 196
	PARSER_TOK_PLUS  shift 197
	PARSER_TOK_MINUS  shift 198
	PARSER_TOK_TIMES  shift 199
	PARSER_TOK_DIV  shift 200
	PARSER_TOK_EQ  shift 202
	PARSER_TOK_TILDAEQ  shift 208
	PARSER_TOK_LE  shift 203
	PARSER_TOK_LT  shift 204
	PARSER_TOK_GE  shift 205
	PARSER_TOK_GT  shift 206
	PARSER_TOK_AND  shift 209
	PARSER_TOK_OR  shift 210
	PARSER_TOK_ARROW  shift 211
	PARSER_TOK_IFF  shift 212
	PARSER_TOK_PTO  shift 207
	PARSER_TOK_ISA  shift 217
	PARSER_TOK_IF  shift 201
	PARSER_TOK_WHENNEXT  shift 213
	PARSER_TOK_WHENPREV  shift 214
	PARSER_TOK_WHENFIRST  shift 215
	PARSER_TOK_WHENLAST  shift 216
	.  reduce 109 (src line 2096)


state 522
	vars:  vars PARSER_TOK_COMMA.var 

	PARSER_TOK_VARIABLE  shift 88
	.  error

	var  goto 649

state 523
	term:  PARSER_TOK_FORALL PARSER_TOK_LPAREN vars PARSER_TOK_RPAREN.term 

	PARSER_TOK_PRESYMBOL  shift 63
	PARSER_TOK_VARIABLE  shift 88
	PARSER_TOK_LPAREN  shift 78
	PARSER_TOK_TILDA  shift 81
	PARSER_TOK_DOLLAR  shift 86
	PARSER_TOK_FORALL  shift 82
	PARSER_TOK_EXISTS  shift 83
	PARSER_TOK_TRUE  shift 79
	PARSER_TOK_FALSE  shift 80
	PARSER_TOK_OLD  shift 77
	PARSER_TOK_GLOBALLY  shift 84
	PARSER_TOK_EVENTUALLY  shift 85
	.  error

	term  goto 650
	appelem  goto 75
	var  goto 76
	SYMBOLx  goto 87

state 524
	SYMBOLx:  SYMBOLx.PARSER_TOK_LB SYMsubscr PARSER_TOK_RB 
	simplevar:  PARSER_TOK_VARIABLE PARSER_TOK_COLON SYMBOLx.    (77)

	PARSER_TOK_LB  shift 189
	.  reduce 77 (src line 1827)


525: shift/reduce conflict (shift 217(0), red'n 110(1)) on PARSER_TOK_ISA
525: shift/reduce conflict (shift 213(0), red'n 110(1)) on PARSER_TOK_WHENNEXT
525: shift/reduce conflict (shift 214(0), red'n 110(1)) on PARSER_TOK_WHENPREV
525: shift/reduce conflict (shift 215(0), red'n 110(1)) on PARSER_TOK_WHENFIRST
525: shift/reduce conflict (shift 216(0), red'n 110(1)) on PARSER_TOK_WHENLAST
state 525
	term:  term.PARSER_TOK_DOT appelem 
	term:  term.PARSER_TOK_PLUS term 
	term:  term.PARSER_TOK_MINUS term 
	term:  term.PARSER_TOK_TIMES term 
	term:  term.PARSER_TOK_DIV term 
	term:  term.PARSER_TOK_IF fmla PARSER_TOK_ELSE term 
	term:  term.PARSER_TOK_EQ term 
	term:  term.PARSER_TOK_LE term 
	term:  term.PARSER_TOK_LT term 
	term:  term.PARSER_TOK_GE term 
	term:  term.PARSER_TOK_GT term 
	term:  term.PARSER_TOK_PTO term 
	term:  term.PARSER_TOK_TILDAEQ term 
	term:  term.PARSER_TOK_AND term 
	term:  term.PARSER_TOK_OR term 
	term:  term.PARSER_TOK_ARROW term 
	term:  term.PARSER_TOK_IFF term 
	term:  PARSER_TOK_EXISTS simplevars PARSER_TOK_DOT term.    (110)
	term:  term.PARSER_TOK_WHENNEXT term 
	term:  term.PARSER_TOK_WHENPREV term 
	term:  term.PARSER_TOK_WHENFIRST term 
	term:  term.PARSER_TOK_WHENLAST term 
	term:  term.PARSER_TOK_ISA atype 
	term:  term.PARSER_TOK_COLON atype 

	PARSER_TOK_COLON  shift 218
	PARSER_TOK_DOT  shift 196
	PARSER_TOK_PLUS  shift 197
	PARSER_TOK_MINUS  shift 198
	PARSER_TOK_TIMES  shift 199
	PARSER_TOK_DIV  shift 200
	PARSER_TOK_EQ  shift 202
	PARSER_TOK_TILDAEQ  shift 208
	PARSER_TOK_LE  shift 203
	PARSER_TOK_LT  shift 204
	PARSER_TOK_GE  shift 205
	PARSER_TOK_GT  shift 206
	PARSER_TOK_AND  shift 209
	PARSER_TOK_OR  shift 210
	PARSER_TOK_ARROW  shift 211
	PARSER_TOK_IFF  shift 212
	PARSER_TOK_PTO  shift 207
	PARSER_TOK_ISA  shift 217
	PARSER_TOK_IF  shift 201
	PARSER_TOK_WHENNEXT  shift 213
	PARSER_TOK_WHENPREV  shift 214
	PARSER_TOK_WHENFIRST  shift 215
	PARSER_TOK_WHENLAST  shift 216
	.  reduce 110 (src line 2103)


state 526
	term:  PARSER_TOK_EXISTS PARSER_TOK_LPAREN vars PARSER_TOK_RPAREN.term 

	PARSER_TOK_PRESYMBOL  shift 63
	PARSER_TOK_VARIABLE  shift 88
	PARSER_TOK_LPAREN  shift 78
	PARSER_TOK_TILDA  shift 81
	PARSER_TOK_DOLLAR  shift 86
	PARSER_TOK_FORALL  shift 82
	PARSER_TOK_EXISTS  shift 83
	PARSER_TOK_TRUE  shift 79
	PARSER_TOK_FALSE  shift 80
	PARSER_TOK_OLD  shift 77
	PARSER_TOK_GLOBALLY  shift 84
	PARSER_TOK_EVENTUALLY  shift 85
	.  error

	term  goto 651
	appelem  goto 75
	var  goto 76
	SYMBOLx  goto 87

state 527
	term:  PARSER_TOK_DOLLAR SYMBOLx PARSER_TOK_DOT fmla.    (122)

	.  reduce 122 (src line 2215)


state 528
	term:  PARSER_TOK_DOLLAR SYMBOLx PARSER_TOK_DOLLAR fmla.    (123)

	.  reduce 123 (src line 2220)


state 529
	appelem:  SYMBOLx PARSER_TOK_LPAREN terms PARSER_TOK_RPAREN.    (71)

	.  reduce 71 (src line 1767)


state 530
	terms:  terms PARSER_TOK_COMMA.term 

	PARSER_TOK_PRESYMBOL  shift 63
	PARSER_TOK_VARIABLE  shift 88
	PARSER_TOK_LPAREN  shift 78
	PARSER_TOK_TILDA  shift 81
	PARSER_TOK_DOLLAR  shift 86
	PARSER_TOK_FORALL  shift 82
	PARSER_TOK_EXISTS  shift 83
	PARSER_TOK_TRUE  shift 79
	PARSER_TOK_FALSE  shift 80
	PARSER_TOK_OLD  shift 77
	PARSER_TOK_GLOBALLY  shift 84
	PARSER_TOK_EVENTUALLY  shift 85
	.  error

	term  goto 652
	appelem  goto 75
	var  goto 76
	SYMBOLx  goto 87

state 531
	top:  top PARSER_TOK_MODULE modulestart modcat atom optwith.PARSER_TOK_EQ PARSER_TOK_LCB top PARSER_TOK_RCB moduleend 

	PARSER_TOK_EQ  shift 653
	.  error


state 532
	optwith:  PARSER_TOK_WITH.callatoms 

	PARSER_TOK_PRESYMBOL  shift 63
	PARSER_TOK_THIS  shift 126
	PARSER_TOK_METHOD  shift 127
	.  error

	SYMBOLx  goto 123
	atom  goto 125
	callatom  goto 153
	callatoms  goto 654

state 533
	top:  top PARSER_TOK_OBJECT objsym objectargs PARSER_TOK_EQ PARSER_TOK_LCB.optdotdotdot top PARSER_TOK_RCB objectend 
	optdotdotdot: .    (277)

	PARSER_TOK_DOTDOTDOT  shift 656
	.  reduce 277 (src line 3368)

	optdotdotdot  goto 655

state 534
	optargs:  PARSER_TOK_LPAREN lparams PARSER_TOK_RPAREN.    (284)

	.  reduce 284 (src line 3424)


state 535
	lparams:  lparams PARSER_TOK_COMMA.lparam 

	PARSER_TOK_PRESYMBOL  shift 63
	PARSER_TOK_CARET  shift 251
	.  error

	SYMBOLx  goto 250
	lparam  goto 657

state 536
	top:  top PARSER_TOK_CLASS objsym objectargs PARSER_TOK_EQ PARSER_TOK_LCB.optdotdotdot top PARSER_TOK_RCB objectend 
	optdotdotdot: .    (277)

	PARSER_TOK_DOTDOTDOT  shift 656
	.  reduce 277 (src line 3368)

	optdotdotdot  goto 658

state 537
	top:  top PARSER_TOK_SUBCLASS objsym PARSER_TOK_OF atype PARSER_TOK_EQ.PARSER_TOK_LCB optdotdotdot top PARSER_TOK_RCB objectend 

	PARSER_TOK_LCB  shift 659
	.  error


state 538
	defnlhs:  dotsym PARSER_TOK_LPAREN defargs PARSER_TOK_RPAREN.    (152)

	.  reduce 152 (src line 2460)


state 539
	defargs:  defargs PARSER_TOK_COMMA.defarg 

	PARSER_TOK_PRESYMBOL  shift 63
	PARSER_TOK_VARIABLE  shift 88
	PARSER_TOK_CARET  shift 251
	.  error

	var  goto 249
	SYMBOLx  goto 250
	defarg  goto 660
	lparam  goto 248

state 540
	defnlhs:  PARSER_TOK_LPAREN defarg relop defarg.PARSER_TOK_RPAREN 

	PARSER_TOK_RPAREN  shift 661
	.  error


state 541
	defnlhs:  PARSER_TOK_LPAREN defarg infix defarg.PARSER_TOK_RPAREN 

	PARSER_TOK_RPAREN  shift 662
	.  error


state 542
	atype:  atype.PARSER_TOK_DOT SYMBOLx 
	lparam:  SYMBOLx PARSER_TOK_COLON atype.    (294)

	PARSER_TOK_DOT  shift 304
	.  reduce 294 (src line 3498)


state 543
	lparam:  PARSER_TOK_CARET SYMBOLx PARSER_TOK_COLON.atype 

	PARSER_TOK_PRESYMBOL  shift 63
	PARSER_TOK_THIS  shift 142
	.  error

	atype  goto 663
	SYMBOLx  goto 141

state 544
	optproof:  PARSER_TOK_PROOF labelname proofstep.    (146)

	.  reduce 146 (src line 2409)


state 545
	schdefnrhs:  PARSER_TOK_LCB schdecls schconc.PARSER_TOK_RCB 

	PARSER_TOK_RCB  shift 664
	.  error


state 546
	schdecls:  schdecls schdecl.    (187)

	.  reduce 187 (src line 2723)


state 547
	schconc:  PARSER_TOK_DEFINITION.defn 

	PARSER_TOK_PRESYMBOL  shift 63
	PARSER_TOK_LPAREN  shift 98
	.  error

	SYMBOLx  goto 99
	defn  goto 665
	defnlhs  goto 116
	typeddefn  goto 112
	dotsym  goto 97

state 548
	schdecl:  optexplicit.PARSER_TOK_PROPERTY lgprop 
	schconc:  optexplicit.PARSER_TOK_PROPERTY lgprop 

	PARSER_TOK_PROPERTY  shift 666
	.  error


state 549
	schdecl:  PARSER_TOK_FUNCTION.funs 

	PARSER_TOK_PRESYMBOL  shift 63
	PARSER_TOK_LPAREN  shift 98
	.  error

	SYMBOLx  goto 99
	defnlhs  goto 116
	typeddefn  goto 115
	fun  goto 114
	funs  goto 667
	dotsym  goto 97

state 550
	schdecl:  PARSER_TOK_FRESH.PARSER_TOK_FUNCTION funs 
	schdecl:  PARSER_TOK_FRESH.PARSER_TOK_INDIV funs 
	schdecl:  PARSER_TOK_FRESH.PARSER_TOK_RELATION rels 

	PARSER_TOK_RELATION  shift 670
	PARSER_TOK_INDIV  shift 669
	PARSER_TOK_FUNCTION  shift 668
	.  error


state 551
	schdecl:  PARSER_TOK_INDIV.funs 

	PARSER_TOK_PRESYMBOL  shift 63
	PARSER_TOK_LPAREN  shift 98
	.  error

	SYMBOLx  goto 99
	defnlhs  goto 116
	typeddefn  goto 115
	fun  goto 114
	funs  goto 671
	dotsym  goto 97

state 552
	schdecl:  PARSER_TOK_RELATION.rels 

	PARSER_TOK_PRESYMBOL  shift 63
	PARSER_TOK_LPAREN  shift 98
	.  error

	SYMBOLx  goto 99
	defn  goto 111
	defnlhs  goto 110
	typeddefn  goto 112
	rel  goto 109
	rels  goto 672
	dotsym  goto 97

state 553
	schdecl:  PARSER_TOK_TYPE.SYMBOLx 

	PARSER_TOK_PRESYMBOL  shift 63
	.  error

	SYMBOLx  goto 673

state 554
	schdecl:  PARSER_TOK_THEOREM.lgprop 
	optlabel: .    (138)

	PARSER_TOK_LABEL  shift 74
	PARSER_TOK_LB  shift 73
	.  reduce 138 (src line 2357)

	labelname  goto 194
	lgprop  goto 674
	optlabel  goto 334

state 555
	schdecl:  schdefnrhs.    (185)

	.  reduce 185 (src line 2705)


state 556
	proofstep:  PARSER_TOK_APPLY atype optrenaming.    (446)
	proofstep:  PARSER_TOK_APPLY atype optrenaming.PARSER_TOK_WITH matches 

	PARSER_TOK_WITH  shift 675
	.  reduce 446 (src line 4922)


state 557
	optrenaming:  renaming.    (439)

	.  reduce 439 (src line 4864)


state 558
	renaming:  PARSER_TOK_LT.renaminglist PARSER_TOK_GT 

	PARSER_TOK_PRESYMBOL  shift 63
	PARSER_TOK_VARIABLE  shift 678
	.  error

	SYMBOLx  goto 679
	renamingitem  goto 677
	renaminglist  goto 676

state 559
	proofstep:  PARSER_TOK_ASSUME atype optrenaming.    (448)
	proofstep:  PARSER_TOK_ASSUME atype optrenaming.PARSER_TOK_WITH matches 

	PARSER_TOK_WITH  shift 680
	.  reduce 448 (src line 4943)


state 560
	proofstep:  PARSER_TOK_INSTANTIATE atype optrenaming.    (450)
	proofstep:  PARSER_TOK_INSTANTIATE atype optrenaming.PARSER_TOK_WITH matches 

	PARSER_TOK_WITH  shift 681
	.  reduce 450 (src line 4965)


state 561
	atype:  atype.PARSER_TOK_DOT SYMBOLx 
	proofstep:  PARSER_TOK_INSTANTIATE labelname atype.optrenaming 
	proofstep:  PARSER_TOK_INSTANTIATE labelname atype.optrenaming PARSER_TOK_WITH matches 
	optrenaming: .    (438)

	PARSER_TOK_DOT  shift 304
	PARSER_TOK_LT  shift 558
	.  reduce 438 (src line 4858)

	renaming  goto 557
	optrenaming  goto 682

state 562
	pflets:  pflets.PARSER_TOK_COMMA pflet 
	proofstep:  PARSER_TOK_INSTANTIATE PARSER_TOK_WITH pflets.    (454)

	PARSER_TOK_COMMA  shift 569
	.  reduce 454 (src line 5011)


563: shift/reduce conflict (shift 567(0), red'n 426(0)) on PARSER_TOK_PROOF
state 563
	proofstep:  PARSER_TOK_TACTIC SYMBOLx opttacticwith.optproofgroup 
	optproofgroup: .    (426)

	PARSER_TOK_PROOF  shift 567
	.  reduce 426 (src line 4774)

	optproofgroup  goto 683

state 564
	opttacticwith:  PARSER_TOK_WITH.tacticwithlistchoice 
	opttacticwith:  PARSER_TOK_WITH.PARSER_TOK_LCB tacticwithlist PARSER_TOK_RCB 

	PARSER_TOK_VARIABLE  shift 88
	PARSER_TOK_LCB  shift 685
	PARSER_TOK_INVARIANT  shift 689
	PARSER_TOK_DEFINITION  shift 690
	PARSER_TOK_TRIGGER  shift 691
	.  error

	var  goto 410
	tacticwithlistchoice  goto 684
	tacticwithelem  goto 688
	tacticwithlist  goto 686
	pflets  goto 687
	pflet  goto 409

state 565
	proofstep:  opttemporal PARSER_TOK_PROPERTY labeledfmla.optskolem optproofgroup 
	optskolem: .    (140)

	PARSER_TOK_NAMED  shift 515
	.  reduce 140 (src line 2371)

	optskolem  goto 692

state 566
	proofstep:  PARSER_TOK_THEOREM lgprop optproofgroup.    (461)

	.  reduce 461 (src line 5080)


state 567
	optproofgroup:  PARSER_TOK_PROOF.proofgroup 

	PARSER_TOK_LCB  shift 274
	.  error

	proofgroup  goto 693

state 568
	proofstep:  PARSER_TOK_PROOF labelname proofgroup.    (462)

	.  reduce 462 (src line 5090)


state 569
	pflets:  pflets PARSER_TOK_COMMA.pflet 

	PARSER_TOK_VARIABLE  shift 88
	.  error

	var  goto 410
	pflet  goto 694

state 570
	pflet:  var PARSER_TOK_EQ.fmla 

	PARSER_TOK_PRESYMBOL  shift 63
	PARSER_TOK_VARIABLE  shift 88
	PARSER_TOK_LPAREN  shift 78
	PARSER_TOK_TILDA  shift 81
	PARSER_TOK_DOLLAR  shift 86
	PARSER_TOK_FORALL  shift 82
	PARSER_TOK_EXISTS  shift 83
	PARSER_TOK_TRUE  shift 79
	PARSER_TOK_FALSE  shift 80
	PARSER_TOK_OLD  shift 77
	PARSER_TOK_GLOBALLY  shift 84
	PARSER_TOK_EVENTUALLY  shift 85
	.  error

	term  goto 72
	fmla  goto 695
	appelem  goto 75
	var  goto 76
	SYMBOLx  goto 87

state 571
	proofstep:  PARSER_TOK_IF fmla proofgroup.PARSER_TOK_ELSE proofgroup 

	PARSER_TOK_ELSE  shift 696
	.  error


state 572
	proofstep:  PARSER_TOK_UNFOLD atype PARSER_TOK_WITH.unfspecs 

	PARSER_TOK_PRESYMBOL  shift 63
	PARSER_TOK_THIS  shift 126
	PARSER_TOK_METHOD  shift 127
	.  error

	SYMBOLx  goto 123
	atom  goto 125
	callatom  goto 575
	unfspec  goto 574
	unfspecs  goto 697

state 573
	unfspecs:  unfspecs.PARSER_TOK_COMMA unfspec 
	proofstep:  PARSER_TOK_UNFOLD PARSER_TOK_WITH unfspecs.    (466)

	PARSER_TOK_COMMA  shift 698
	.  reduce 466 (src line 5124)


state 574
	unfspecs:  unfspec.    (444)

	.  reduce 444 (src line 4907)


state 575
	callatom:  callatom.PARSER_TOK_DOT callatom 
	unfspec:  callatom.renamings 
	renamings: .    (441)

	PARSER_TOK_DOT  shift 288
	.  reduce 441 (src line 4883)

	renamings  goto 699

state 576
	proofgroup:  PARSER_TOK_LCB proofseq PARSER_TOK_RCB.    (424)

	.  reduce 424 (src line 4760)


state 577
	proofseq:  proofseq optsemi.proofstep 
	opttemporal: .    (132)

	PARSER_TOK_LCB  shift 274
	PARSER_TOK_IF  shift 270
	PARSER_TOK_ASSUME  shift 259
	PARSER_TOK_LET  shift 269
	PARSER_TOK_PROOF  shift 268
	PARSER_TOK_INSTANTIATE  shift 260
	PARSER_TOK_FUNCTION  shift 266
	PARSER_TOK_THEOREM  shift 267
	PARSER_TOK_TEMPORAL  shift 68
	PARSER_TOK_TACTIC  shift 264
	PARSER_TOK_SHOWGOALS  shift 261
	PARSER_TOK_DEFERGOAL  shift 262
	PARSER_TOK_SPOIL  shift 263
	PARSER_TOK_UNFOLD  shift 271
	PARSER_TOK_FORGET  shift 272
	PARSER_TOK_APPLY  shift 258
	.  reduce 132 (src line 2318)

	opttemporal  goto 265
	proofstep  goto 700
	proofgroup  goto 273

state 578
	optsemi:  PARSER_TOK_SEMI.    (148)

	.  reduce 148 (src line 2428)


state 579
	modinst:  dotsym PARSER_TOK_LPAREN pnames PARSER_TOK_RPAREN.    (318)

	.  reduce 318 (src line 3684)


state 580
	pnames:  pnames PARSER_TOK_COMMA.pname 

	PARSER_TOK_PRESYMBOL  shift 63
	PARSER_TOK_VARIABLE  shift 88
	PARSER_TOK_PLUS  shift 165
	PARSER_TOK_MINUS  shift 166
	PARSER_TOK_TIMES  shift 167
	PARSER_TOK_DIV  shift 168
	PARSER_TOK_EQ  shift 159
	PARSER_TOK_LE  shift 160
	PARSER_TOK_LT  shift 161
	PARSER_TOK_GE  shift 162
	PARSER_TOK_GT  shift 163
	PARSER_TOK_PTO  shift 164
	PARSER_TOK_TRUE  shift 427
	PARSER_TOK_FALSE  shift 428
	PARSER_TOK_THIS  shift 426
	.  error

	var  goto 423
	atype  goto 422
	SYMBOLx  goto 141
	pname  goto 701
	relop  goto 425
	infix  goto 424

state 581
	somevarfmla:  PARSER_TOK_SOME simplevar.PARSER_TOK_DOT fmla optin optelse 

	PARSER_TOK_DOT  shift 702
	.  error


state 582
	top:  top optfinite optghost PARSER_TOK_TYPE typesymbol PARSER_TOK_EQ.sort 

	PARSER_TOK_LCB  shift 704
	PARSER_TOK_STRUCT  shift 705
	.  error

	sort  goto 703

state 583
	atom:  SYMBOLx PARSER_TOK_LPAREN terms PARSER_TOK_RPAREN.    (251)

	.  reduce 251 (src line 3170)


state 584
	prod:  expr PARSER_TOK_TIMES.expr 

	PARSER_TOK_PRESYMBOL  shift 63
	PARSER_TOK_VARIABLE  shift 88
	PARSER_TOK_LPAREN  shift 449
	PARSER_TOK_LCB  shift 446
	PARSER_TOK_TILDA  shift 448
	.  error

	appelem  goto 454
	aterm  goto 452
	var  goto 453
	SYMBOLx  goto 87
	expr  goto 706
	exprterm  goto 447
	prod  goto 450
	sum  goto 451

state 585
	sum:  expr PARSER_TOK_PLUS.expr 

	PARSER_TOK_PRESYMBOL  shift 63
	PARSER_TOK_VARIABLE  shift 88
	PARSER_TOK_LPAREN  shift 449
	PARSER_TOK_LCB  shift 446
	PARSER_TOK_TILDA  shift 448
	.  error

	appelem  goto 454
	aterm  goto 452
	var  goto 453
	SYMBOLx  goto 87
	expr  goto 707
	exprterm  goto 447
	prod  goto 450
	sum  goto 451

state 586
	expr:  PARSER_TOK_LCB fmla.PARSER_TOK_RCB 

	PARSER_TOK_RCB  shift 708
	.  error


state 587
	expr:  exprterm relop.exprterm 

	PARSER_TOK_PRESYMBOL  shift 63
	PARSER_TOK_VARIABLE  shift 88
	.  error

	appelem  goto 454
	aterm  goto 452
	var  goto 453
	SYMBOLx  goto 87
	exprterm  goto 709

state 588
	expr:  exprterm PARSER_TOK_TILDAEQ.exprterm 

	PARSER_TOK_PRESYMBOL  shift 63
	PARSER_TOK_VARIABLE  shift 88
	.  error

	appelem  goto 454
	aterm  goto 452
	var  goto 453
	SYMBOLx  goto 87
	exprterm  goto 710

state 589
	expr:  PARSER_TOK_TILDA expr.    (495)
	prod:  expr.PARSER_TOK_TIMES expr 
	sum:  expr.PARSER_TOK_PLUS expr 

	PARSER_TOK_PLUS  shift 585
	PARSER_TOK_TIMES  shift 584
	.  reduce 495 (src line 5318)


state 590
	expr:  PARSER_TOK_LPAREN expr.PARSER_TOK_RPAREN 
	prod:  expr.PARSER_TOK_TIMES expr 
	sum:  expr.PARSER_TOK_PLUS expr 

	PARSER_TOK_RPAREN  shift 711
	PARSER_TOK_PLUS  shift 585
	PARSER_TOK_TIMES  shift 584
	.  error


state 591
	prod:  prod PARSER_TOK_TIMES.expr 

	PARSER_TOK_PRESYMBOL  shift 63
	PARSER_TOK_VARIABLE  shift 88
	PARSER_TOK_LPAREN  shift 449
	PARSER_TOK_LCB  shift 446
	PARSER_TOK_TILDA  shift 448
	.  error

	appelem  goto 454
	aterm  goto 452
	var  goto 453
	SYMBOLx  goto 87
	expr  goto 712
	exprterm  goto 447
	prod  goto 450
	sum  goto 451

state 592
	sum:  sum PARSER_TOK_PLUS.expr 

	PARSER_TOK_PRESYMBOL  shift 63
	PARSER_TOK_VARIABLE  shift 88
	PARSER_TOK_LPAREN  shift 449
	PARSER_TOK_LCB  shift 446
	PARSER_TOK_TILDA  shift 448
	.  error

	appelem  goto 454
	aterm  goto 452
	var  goto 453
	SYMBOLx  goto 87
	expr  goto 713
	exprterm  goto 447
	prod  goto 450
	sum  goto 451

state 593
	aterm:  aterm PARSER_TOK_DOT.appelem 

	PARSER_TOK_PRESYMBOL  shift 63
	.  error

	appelem  goto 714
	SYMBOLx  goto 87

state 594
	top:  top PARSER_TOK_UPDATE apps PARSER_TOK_FROM apps upaxes.    (31)
	upaxes:  upaxes.upax 

	PARSER_TOK_PARAMS  shift 716
	.  reduce 31 (src line 1196)

	upax  goto 715

state 595
	appelem:  SYMBOLx PARSER_TOK_LPAREN terms PARSER_TOK_RPAREN.    (71)
	app:  SYMBOLx PARSER_TOK_LPAREN terms PARSER_TOK_RPAREN.    (255)

	PARSER_TOK_COLON  reduce 71 (src line 1767)
	PARSER_TOK_DOT  reduce 71 (src line 1767)
	PARSER_TOK_PLUS  reduce 71 (src line 1767)
	PARSER_TOK_MINUS  reduce 71 (src line 1767)
	PARSER_TOK_TIMES  reduce 71 (src line 1767)
	PARSER_TOK_DIV  reduce 71 (src line 1767)
	PARSER_TOK_EQ  reduce 71 (src line 1767)
	PARSER_TOK_TILDAEQ  reduce 71 (src line 1767)
	PARSER_TOK_LE  reduce 71 (src line 1767)
	PARSER_TOK_LT  reduce 71 (src line 1767)
	PARSER_TOK_GE  reduce 71 (src line 1767)
	PARSER_TOK_GT  reduce 71 (src line 1767)
	PARSER_TOK_AND  reduce 71 (src line 1767)
	PARSER_TOK_OR  reduce 71 (src line 1767)
	PARSER_TOK_ARROW  reduce 71 (src line 1767)
	PARSER_TOK_IFF  reduce 71 (src line 1767)
	PARSER_TOK_PTO  reduce 71 (src line 1767)
	PARSER_TOK_ISA  reduce 71 (src line 1767)
	PARSER_TOK_IF  reduce 71 (src line 1767)
	PARSER_TOK_WHENNEXT  reduce 71 (src line 1767)
	PARSER_TOK_WHENPREV  reduce 71 (src line 1767)
	PARSER_TOK_WHENFIRST  reduce 71 (src line 1767)
	PARSER_TOK_WHENLAST  reduce 71 (src line 1767)
	.  reduce 255 (src line 3198)


state 596
	sequence:  PARSER_TOK_LCB PARSER_TOK_RCB.    (340)

	.  reduce 340 (src line 3859)


state 597
	sequence:  PARSER_TOK_LCB actseq.PARSER_TOK_RCB 
	sequence:  PARSER_TOK_LCB actseq.PARSER_TOK_SEMI PARSER_TOK_RCB 

	PARSER_TOK_RCB  shift 717
	PARSER_TOK_SEMI  shift 718
	.  error


state 598
	actseq:  actseqrev.    (343)

	.  reduce 343 (src line 3900)


599: shift/reduce conflict (shift 719(1), red'n 344(0)) on PARSER_TOK_SEMI
state 599
	actseqrev:  simpleact.    (344)
	actseqrev:  simpleact.PARSER_TOK_SEMI actseqrev 
	actseqrev:  simpleact.PARSER_TOK_SEMI 

	PARSER_TOK_SEMI  shift 719
	.  reduce 344 (src line 3912)


600: shift/reduce conflict (shift 721(1), red'n 345(0)) on PARSER_TOK_SEMI
state 600
	actseqrev:  complexact.    (345)
	actseqrev:  complexact.actseqrev 
	actseqrev:  complexact.PARSER_TOK_SEMI actseqrev 
	actseqrev:  complexact.PARSER_TOK_SEMI 
	optunprovable: .    (134)

	PARSER_TOK_PRESYMBOL  shift 63
	PARSER_TOK_VARIABLE  shift 88
	PARSER_TOK_LPAREN  shift 618
	PARSER_TOK_LCB  shift 460
	PARSER_TOK_RCB  reduce 345 (src line 3918)
	PARSER_TOK_SEMI  shift 721
	PARSER_TOK_DOTDOTDOT  reduce 345 (src line 3918)
	PARSER_TOK_TILDA  shift 81
	PARSER_TOK_DOLLAR  shift 86
	PARSER_TOK_FORALL  shift 82
	PARSER_TOK_EXISTS  shift 83
	PARSER_TOK_TRUE  shift 79
	PARSER_TOK_FALSE  shift 80
	PARSER_TOK_OLD  shift 77
	PARSER_TOK_IF  shift 611
	PARSER_TOK_GLOBALLY  shift 84
	PARSER_TOK_EVENTUALLY  shift 85
	PARSER_TOK_ASSUME  shift 601
	PARSER_TOK_VAR  shift 605
	PARSER_TOK_LOCAL  shift 614
	PARSER_TOK_LET  shift 615
	PARSER_TOK_CALL  shift 606
	PARSER_TOK_WHILE  shift 612
	PARSER_TOK_FOR  shift 613
	PARSER_TOK_DEBUG  shift 609
	PARSER_TOK_THUNK  shift 616
	PARSER_TOK_UNPROVABLE  shift 617
	PARSER_TOK_INSTANTIATE  shift 608
	PARSER_TOK_SET  shift 607
	.  reduce 134 (src line 2331)

	term  goto 603
	appelem  goto 75
	var  goto 76
	SYMBOLx  goto 87
	optunprovable  goto 602
	simpleact  goto 599
	complexact  goto 600
	sequence  goto 610
	actseqrev  goto 720
	termtuple  goto 604

state 601
	simpleact:  PARSER_TOK_ASSUME.labeledfmla 

	PARSER_TOK_PRESYMBOL  shift 63
	PARSER_TOK_VARIABLE  shift 88
	PARSER_TOK_LABEL  shift 74
	PARSER_TOK_LPAREN  shift 78
	PARSER_TOK_LB  shift 73
	PARSER_TOK_TILDA  shift 81
	PARSER_TOK_DOLLAR  shift 86
	PARSER_TOK_FORALL  shift 82
	PARSER_TOK_EXISTS  shift 83
	PARSER_TOK_TRUE  shift 79
	PARSER_TOK_FALSE  shift 80
	PARSER_TOK_OLD  shift 77
	PARSER_TOK_GLOBALLY  shift 84
	PARSER_TOK_EVENTUALLY  shift 85
	.  error

	term  goto 72
	fmla  goto 70
	appelem  goto 75
	var  goto 76
	SYMBOLx  goto 87
	labelname  goto 71
	labeledfmla  goto 722

state 602
	simpleact:  optunprovable.PARSER_TOK_ASSERT labeledfmla 
	simpleact:  optunprovable.PARSER_TOK_ASSERT labeledfmla PARSER_TOK_PROOF proofstep 
	simpleact:  optunprovable.PARSER_TOK_REQUIRE labeledfmla 
	simpleact:  optunprovable.PARSER_TOK_REQUIRE labeledfmla PARSER_TOK_PROOF proofstep 
	simpleact:  optunprovable.PARSER_TOK_ENSURE labeledfmla 
	simpleact:  optunprovable.PARSER_TOK_ENSURE labeledfmla PARSER_TOK_PROOF proofstep 

	PARSER_TOK_ASSERT  shift 723
	PARSER_TOK_REQUIRE  shift 724
	PARSER_TOK_ENSURE  shift 725
	.  error


state 603
	term:  term.PARSER_TOK_DOT appelem 
	term:  term.PARSER_TOK_PLUS term 
	term:  term.PARSER_TOK_MINUS term 
	term:  term.PARSER_TOK_TIMES term 
	term:  term.PARSER_TOK_DIV term 
	term:  term.PARSER_TOK_IF fmla PARSER_TOK_ELSE term 
	term:  term.PARSER_TOK_EQ term 
	term:  term.PARSER_TOK_LE term 
	term:  term.PARSER_TOK_LT term 
	term:  term.PARSER_TOK_GE term 
	term:  term.PARSER_TOK_GT term 
	term:  term.PARSER_TOK_PTO term 
	term:  term.PARSER_TOK_TILDAEQ term 
	term:  term.PARSER_TOK_AND term 
	term:  term.PARSER_TOK_OR term 
	term:  term.PARSER_TOK_ARROW term 
	term:  term.PARSER_TOK_IFF term 
	term:  term.PARSER_TOK_WHENNEXT term 
	term:  term.PARSER_TOK_WHENPREV term 
	term:  term.PARSER_TOK_WHENFIRST term 
	term:  term.PARSER_TOK_WHENLAST term 
	term:  term.PARSER_TOK_ISA atype 
	term:  term.PARSER_TOK_COLON atype 
	simpleact:  term.PARSER_TOK_ASSIGN fmla 
	simpleact:  term.PARSER_TOK_ASSIGN PARSER_TOK_TIMES 
	simpleact:  term.    (369)

	PARSER_TOK_COLON  shift 218
	PARSER_TOK_DOT  shift 196
	PARSER_TOK_PLUS  shift 197
	PARSER_TOK_MINUS  shift 198
	PARSER_TOK_TIMES  shift 199
	PARSER_TOK_DIV  shift 200
	PARSER_TOK_EQ  shift 202
	PARSER_TOK_TILDAEQ  shift 208
	PARSER_TOK_LE  shift 203
	PARSER_TOK_LT  shift 204
	PARSER_TOK_GE  shift 205
	PARSER_TOK_GT  shift 206
	PARSER_TOK_AND  shift 209
	PARSER_TOK_OR  shift 210
	PARSER_TOK_ARROW  shift 211
	PARSER_TOK_IFF  shift 212
	PARSER_TOK_PTO  shift 207
	PARSER_TOK_ASSIGN  shift 726
	PARSER_TOK_ISA  shift 217
	PARSER_TOK_IF  shift 201
	PARSER_TOK_WHENNEXT  shift 213
	PARSER_TOK_WHENPREV  shift 214
	PARSER_TOK_WHENFIRST  shift 215
	PARSER_TOK_WHENLAST  shift 216
	.  reduce 369 (src line 4160)


state 604
	simpleact:  termtuple.PARSER_TOK_ASSIGN callatom 

	PARSER_TOK_ASSIGN  shift 727
	.  error


state 605
	simpleact:  PARSER_TOK_VAR.tterm optinit 

	PARSER_TOK_PRESYMBOL  shift 63
	PARSER_TOK_LPAREN  shift 182
	.  error

	SYMBOLx  goto 181
	tapp  goto 180
	tterm  goto 728

606: shift/reduce conflict (shift 63(0), red'n 287(0)) on PARSER_TOK_PRESYMBOL
606: shift/reduce conflict (shift 126(0), red'n 287(0)) on PARSER_TOK_THIS
606: shift/reduce conflict (shift 127(0), red'n 287(0)) on PARSER_TOK_METHOD
state 606
	simpleact:  PARSER_TOK_CALL.optactualreturns callatom 
	simpleact:  PARSER_TOK_CALL.callatom 
	optactualreturns: .    (287)

	PARSER_TOK_PRESYMBOL  shift 63
	PARSER_TOK_THIS  shift 126
	PARSER_TOK_METHOD  shift 127
	.  error

	SYMBOLx  goto 123
	optactualreturns  goto 729
	atom  goto 125
	callatom  goto 730
	callatoms  goto 731

state 607
	simpleact:  PARSER_TOK_SET.lit 

	PARSER_TOK_PRESYMBOL  shift 63
	PARSER_TOK_TILDA  shift 735
	.  error

	SYMBOLx  goto 734
	atom  goto 733
	lit  goto 732

state 608
	simpleact:  PARSER_TOK_INSTANTIATE.callatom 

	PARSER_TOK_PRESYMBOL  shift 63
	PARSER_TOK_THIS  shift 126
	PARSER_TOK_METHOD  shift 127
	.  error

	SYMBOLx  goto 123
	atom  goto 125
	callatom  goto 736

state 609
	simpleact:  PARSER_TOK_DEBUG.SYMBOLx optdebugargs 

	PARSER_TOK_PRESYMBOL  shift 63
	.  error

	SYMBOLx  goto 737

state 610
	complexact:  sequence.    (376)

	.  reduce 376 (src line 4223)


state 611
	complexact:  PARSER_TOK_IF.somefmla sequence 
	complexact:  PARSER_TOK_IF.somefmla sequence PARSER_TOK_ELSE action 
	complexact:  PARSER_TOK_IF.PARSER_TOK_TIMES sequence PARSER_TOK_ELSE action 

	PARSER_TOK_PRESYMBOL  shift 63
	PARSER_TOK_VARIABLE  shift 88
	PARSER_TOK_LPAREN  shift 78
	PARSER_TOK_TIMES  shift 739
	PARSER_TOK_TILDA  shift 81
	PARSER_TOK_DOLLAR  shift 86
	PARSER_TOK_FORALL  shift 82
	PARSER_TOK_EXISTS  shift 83
	PARSER_TOK_TRUE  shift 79
	PARSER_TOK_FALSE  shift 80
	PARSER_TOK_OLD  shift 77
	PARSER_TOK_GLOBALLY  shift 84
	PARSER_TOK_EVENTUALLY  shift 85
	PARSER_TOK_SOME  shift 741
	.  error

	term  goto 72
	fmla  goto 740
	appelem  goto 75
	var  goto 76
	SYMBOLx  goto 87
	somefmla  goto 738

state 612
	complexact:  PARSER_TOK_WHILE.somefmla invariants decreases sequence 

	PARSER_TOK_PRESYMBOL  shift 63
	PARSER_TOK_VARIABLE  shift 88
	PARSER_TOK_LPAREN  shift 78
	PARSER_TOK_TILDA  shift 81
	PARSER_TOK_DOLLAR  shift 86
	PARSER_TOK_FORALL  shift 82
	PARSER_TOK_EXISTS  shift 83
	PARSER_TOK_TRUE  shift 79
	PARSER_TOK_FALSE  shift 80
	PARSER_TOK_OLD  shift 77
	PARSER_TOK_GLOBALLY  shift 84
	PARSER_TOK_EVENTUALLY  shift 85
	PARSER_TOK_SOME  shift 741
	.  error

	term  goto 72
	fmla  goto 740
	appelem  goto 75
	var  goto 76
	SYMBOLx  goto 87
	somefmla  goto 742

state 613
	complexact:  PARSER_TOK_FOR.tterm PARSER_TOK_COMMA tterm PARSER_TOK_IN fmla invariants decreases sequence 

	PARSER_TOK_PRESYMBOL  shift 63
	PARSER_TOK_LPAREN  shift 182
	.  error

	SYMBOLx  goto 181
	tapp  goto 180
	tterm  goto 743

state 614
	complexact:  PARSER_TOK_LOCAL.lparams sequence 

	PARSER_TOK_PRESYMBOL  shift 63
	PARSER_TOK_CARET  shift 251
	.  error

	SYMBOLx  goto 250
	lparam  goto 382
	lparams  goto 744

state 615
	complexact:  PARSER_TOK_LET.eqns sequence 

	PARSER_TOK_PRESYMBOL  shift 63
	.  error

	SYMBOLx  goto 747
	eqn  goto 746
	eqns  goto 745

state 616
	complexact:  PARSER_TOK_THUNK.labelname SYMBOLx optargs PARSER_TOK_COLON atype PARSER_TOK_ASSIGN sequence 

	PARSER_TOK_LABEL  shift 74
	PARSER_TOK_LB  shift 73
	.  error

	labelname  goto 748

state 617
	optunprovable:  PARSER_TOK_UNPROVABLE.    (135)

	.  reduce 135 (src line 2337)


state 618
	term:  PARSER_TOK_LPAREN.term PARSER_TOK_RPAREN 
	term:  PARSER_TOK_LPAREN.PARSER_TOK_DOLLAR SYMBOLx simplevars PARSER_TOK_DOT fmla PARSER_TOK_RPAREN PARSER_TOK_LPAREN terms PARSER_TOK_RPAREN 
	termtuple:  PARSER_TOK_LPAREN.term PARSER_TOK_COMMA terms PARSER_TOK_RPAREN 

	PARSER_TOK_PRESYMBOL  shift 63
	PARSER_TOK_VARIABLE  shift 88
	PARSER_TOK_LPAREN  shift 78
	PARSER_TOK_TILDA  shift 81
	PARSER_TOK_DOLLAR  shift 222
	PARSER_TOK_FORALL  shift 82
	PARSER_TOK_EXISTS  shift 83
	PARSER_TOK_TRUE  shift 79
	PARSER_TOK_FALSE  shift 80
	PARSER_TOK_OLD  shift 77
	PARSER_TOK_GLOBALLY  shift 84
	PARSER_TOK_EVENTUALLY  shift 85
	.  error

	term  goto 749
	appelem  goto 75
	var  goto 76
	SYMBOLx  goto 87

state 619
	top:  top optimpex actmeth SYMBOLx optargs optreturns.optactiondef 
	optactiondef: .    (298)

	PARSER_TOK_EQ  shift 751
	.  reduce 298 (src line 3535)

	optactiondef  goto 750

state 620
	top:  top PARSER_TOK_BEFORE atype optargs optreturns sequence.    (36)

	.  reduce 36 (src line 1297)


state 621
	optreturns:  PARSER_TOK_RETURNS PARSER_TOK_LPAREN.lparams PARSER_TOK_RPAREN 

	PARSER_TOK_PRESYMBOL  shift 63
	PARSER_TOK_CARET  shift 251
	.  error

	SYMBOLx  goto 250
	lparam  goto 382
	lparams  goto 752

state 622
	top:  top PARSER_TOK_AFTER atype optargs optreturns topseq.    (37)

	.  reduce 37 (src line 1306)


state 623
	topseq:  PARSER_TOK_LCB PARSER_TOK_NATIVEQUOTE.PARSER_TOK_RCB 

	PARSER_TOK_RCB  shift 753
	.  error


state 624
	top:  top PARSER_TOK_AROUND atype optargs optreturns PARSER_TOK_LCB.actseq optsemi PARSER_TOK_DOTDOTDOT actseq optsemi PARSER_TOK_RCB 
	optunprovable: .    (134)

	PARSER_TOK_PRESYMBOL  shift 63
	PARSER_TOK_VARIABLE  shift 88
	PARSER_TOK_LPAREN  shift 618
	PARSER_TOK_LCB  shift 460
	PARSER_TOK_TILDA  shift 81
	PARSER_TOK_DOLLAR  shift 86
	PARSER_TOK_FORALL  shift 82
	PARSER_TOK_EXISTS  shift 83
	PARSER_TOK_TRUE  shift 79
	PARSER_TOK_FALSE  shift 80
	PARSER_TOK_OLD  shift 77
	PARSER_TOK_IF  shift 611
	PARSER_TOK_GLOBALLY  shift 84
	PARSER_TOK_EVENTUALLY  shift 85
	PARSER_TOK_ASSUME  shift 601
	PARSER_TOK_VAR  shift 605
	PARSER_TOK_LOCAL  shift 614
	PARSER_TOK_LET  shift 615
	PARSER_TOK_CALL  shift 606
	PARSER_TOK_WHILE  shift 612
	PARSER_TOK_FOR  shift 613
	PARSER_TOK_DEBUG  shift 609
	PARSER_TOK_THUNK  shift 616
	PARSER_TOK_UNPROVABLE  shift 617
	PARSER_TOK_INSTANTIATE  shift 608
	PARSER_TOK_SET  shift 607
	.  reduce 134 (src line 2331)

	term  goto 603
	appelem  goto 75
	var  goto 76
	SYMBOLx  goto 87
	optunprovable  goto 602
	simpleact  goto 599
	complexact  goto 600
	sequence  goto 610
	actseq  goto 754
	actseqrev  goto 598
	termtuple  goto 604

state 625
	top:  top PARSER_TOK_IMPLEMENT atype optargs optreturns topseq.    (40)

	.  reduce 40 (src line 1354)


state 626
	top:  top PARSER_TOK_IMPLEMENT PARSER_TOK_TYPE SYMBOLx PARSER_TOK_WITH SYMBOLx.    (41)
	SYMBOLx:  SYMBOLx.PARSER_TOK_LB SYMsubscr PARSER_TOK_RB 

	PARSER_TOK_LB  shift 189
	.  reduce 41 (src line 1363)


state 627
	top:  top opttrusted PARSER_TOK_ISOLATE SYMBOLx optargs PARSER_TOK_EQ.callatoms 
	top:  top opttrusted PARSER_TOK_ISOLATE SYMBOLx optargs PARSER_TOK_EQ.callatoms PARSER_TOK_WITH callatoms 
	top:  top opttrusted PARSER_TOK_ISOLATE SYMBOLx optargs PARSER_TOK_EQ.PARSER_TOK_LCB top PARSER_TOK_RCB optwith 

	PARSER_TOK_PRESYMBOL  shift 63
	PARSER_TOK_LCB  shift 756
	PARSER_TOK_THIS  shift 126
	PARSER_TOK_METHOD  shift 127
	.  error

	SYMBOLx  goto 123
	atom  goto 125
	callatom  goto 153
	callatoms  goto 755

state 628
	top:  top PARSER_TOK_EXTRACT objsym objectargs PARSER_TOK_EQ PARSER_TOK_LCB.top PARSER_TOK_RCB optwith 
	top: .    (1)

	.  reduce 1 (src line 667)

	top  goto 757

state 629
	top:  top PARSER_TOK_EXTRACT objsym objectargs PARSER_TOK_EQ callatoms.    (46)
	callatoms:  callatoms.PARSER_TOK_COMMA callatom 

	PARSER_TOK_COMMA  shift 313
	.  reduce 46 (src line 1468)


state 630
	top:  top PARSER_TOK_INTERPRET oper PARSER_TOK_ARROW PARSER_TOK_LCB term.PARSER_TOK_DOTS term PARSER_TOK_RCB 
	term:  term.PARSER_TOK_DOT appelem 
	term:  term.PARSER_TOK_PLUS term 
	term:  term.PARSER_TOK_MINUS term 
	term:  term.PARSER_TOK_TIMES term 
	term:  term.PARSER_TOK_DIV term 
	term:  term.PARSER_TOK_IF fmla PARSER_TOK_ELSE term 
	term:  term.PARSER_TOK_EQ term 
	term:  term.PARSER_TOK_LE term 
	term:  term.PARSER_TOK_LT term 
	term:  term.PARSER_TOK_GE term 
	term:  term.PARSER_TOK_GT term 
	term:  term.PARSER_TOK_PTO term 
	term:  term.PARSER_TOK_TILDAEQ term 
	term:  term.PARSER_TOK_AND term 
	term:  term.PARSER_TOK_OR term 
	term:  term.PARSER_TOK_ARROW term 
	term:  term.PARSER_TOK_IFF term 
	term:  term.PARSER_TOK_WHENNEXT term 
	term:  term.PARSER_TOK_WHENPREV term 
	term:  term.PARSER_TOK_WHENFIRST term 
	term:  term.PARSER_TOK_WHENLAST term 
	term:  term.PARSER_TOK_ISA atype 
	term:  term.PARSER_TOK_COLON atype 

	PARSER_TOK_COLON  shift 218
	PARSER_TOK_DOT  shift 196
	PARSER_TOK_DOTS  shift 758
	PARSER_TOK_PLUS  shift 197
	PARSER_TOK_MINUS  shift 198
	PARSER_TOK_TIMES  shift 199
	PARSER_TOK_DIV  shift 200
	PARSER_TOK_EQ  shift 202
	PARSER_TOK_TILDAEQ  shift 208
	PARSER_TOK_LE  shift 203
	PARSER_TOK_LT  shift 204
	PARSER_TOK_GE  shift 205
	PARSER_TOK_GT  shift 206
	PARSER_TOK_AND  shift 209
	PARSER_TOK_OR  shift 210
	PARSER_TOK_ARROW  shift 211
	PARSER_TOK_IFF  shift 212
	PARSER_TOK_PTO  shift 207
	PARSER_TOK_ISA  shift 217
	PARSER_TOK_IF  shift 201
	PARSER_TOK_WHENNEXT  shift 213
	PARSER_TOK_WHENPREV  shift 214
	PARSER_TOK_WHENFIRST  shift 215
	PARSER_TOK_WHENLAST  shift 216
	.  error


state 631
	top:  top PARSER_TOK_INTERPRET oper PARSER_TOK_ARROW PARSER_TOK_LCB SYMBOLx.moresymbols PARSER_TOK_RCB 
	SYMBOLx:  SYMBOLx.PARSER_TOK_LB SYMsubscr PARSER_TOK_RB 
	appelem:  SYMBOLx.    (70)
	appelem:  SYMBOLx.PARSER_TOK_LPAREN terms PARSER_TOK_RPAREN 
	moresymbols: .    (336)

	PARSER_TOK_LPAREN  shift 233
	PARSER_TOK_LB  shift 189
	PARSER_TOK_RCB  reduce 336 (src line 3825)
	PARSER_TOK_COMMA  reduce 336 (src line 3825)
	.  reduce 70 (src line 1758)

	moresymbols  goto 759

state 632
	top:  top PARSER_TOK_VARIANT typesymbol PARSER_TOK_OF atype PARSER_TOK_EQ.sort 

	PARSER_TOK_LCB  shift 704
	PARSER_TOK_STRUCT  shift 705
	.  error

	sort  goto 760

state 633
	top:  top PARSER_TOK_SCENARIO PARSER_TOK_LCB sceninit PARSER_TOK_SEMI scentranss.PARSER_TOK_RCB 
	scentranss:  scentranss.scentrans 
	scentranss:  scentranss.places PARSER_TOK_ARROW places PARSER_TOK_COLON scenariomixin 
	scentranss:  scentranss.places PARSER_TOK_COLON scenariomixin 

	PARSER_TOK_PRESYMBOL  shift 63
	PARSER_TOK_RCB  shift 761
	.  error

	SYMBOLx  goto 488
	scentrans  goto 762
	places  goto 763

state 634
	places:  places PARSER_TOK_COMMA.SYMBOLx 

	PARSER_TOK_PRESYMBOL  shift 63
	.  error

	SYMBOLx  goto 764

state 635
	state_expr:  state_expr PARSER_TOK_OR.state_expr 

	PARSER_TOK_PRESYMBOL  shift 63
	PARSER_TOK_LCB  shift 494
	PARSER_TOK_TRUE  shift 491
	PARSER_TOK_FALSE  shift 492
	PARSER_TOK_ENTRY  shift 495
	.  error

	SYMBOLx  goto 493
	state_expr  goto 765

state 636
	state_expr:  SYMBOLx PARSER_TOK_LPAREN.state_expr PARSER_TOK_RPAREN 

	PARSER_TOK_PRESYMBOL  shift 63
	PARSER_TOK_LCB  shift 494
	PARSER_TOK_TRUE  shift 491
	PARSER_TOK_FALSE  shift 492
	PARSER_TOK_ENTRY  shift 495
	.  error

	SYMBOLx  goto 493
	state_expr  goto 766

state 637
	state_expr:  PARSER_TOK_LCB requires.modifies ensures PARSER_TOK_RCB 
	modifies: .    (472)

	PARSER_TOK_MODIFIES  shift 768
	.  reduce 472 (src line 5171)

	modifies  goto 767

state 638
	requires:  PARSER_TOK_REQUIRES.fmla 

	PARSER_TOK_PRESYMBOL  shift 63
	PARSER_TOK_VARIABLE  shift 88
	PARSER_TOK_LPAREN  shift 78
	PARSER_TOK_TILDA  shift 81
	PARSER_TOK_DOLLAR  shift 86
	PARSER_TOK_FORALL  shift 82
	PARSER_TOK_EXISTS  shift 83
	PARSER_TOK_TRUE  shift 79
	PARSER_TOK_FALSE  shift 80
	PARSER_TOK_OLD  shift 77
	PARSER_TOK_GLOBALLY  shift 84
	PARSER_TOK_EVENTUALLY  shift 85
	.  error

	term  goto 72
	fmla  goto 769
	appelem  goto 75
	var  goto 76
	SYMBOLx  goto 87

state 639
	assert_rhs:  PARSER_TOK_LCB requires.modifies ensures PARSER_TOK_RCB 
	modifies: .    (472)

	PARSER_TOK_MODIFIES  shift 768
	.  reduce 472 (src line 5171)

	modifies  goto 770

state 640
	targs:  PARSER_TOK_LPAREN tsyms PARSER_TOK_RPAREN.    (211)

	.  reduce 211 (src line 2929)


state 641
	tsyms:  tsyms PARSER_TOK_COMMA.var 

	PARSER_TOK_VARIABLE  shift 88
	.  error

	var  goto 771

state 642
	tapp:  PARSER_TOK_LPAREN var infix var.PARSER_TOK_RPAREN 

	PARSER_TOK_RPAREN  shift 772
	.  error


state 643
	SYMBOLx:  SYMBOLx.PARSER_TOK_LB SYMsubscr PARSER_TOK_RB 
	SYMsubscr:  SYMsubscr PARSER_TOK_DOT SYMBOLx.    (66)

	PARSER_TOK_LB  shift 189
	.  reduce 66 (src line 1717)


state 644
	top:  top optexplicit opttemporal PARSER_TOK_PROPERTY labeledfmla optskolem optproof.    (5)

	.  reduce 5 (src line 781)


state 645
	optskolem:  PARSER_TOK_NAMED defnlhs.    (141)

	.  reduce 141 (src line 2377)


state 646
	gdefn:  PARSER_TOK_LCB defn PARSER_TOK_RCB.    (168)

	.  reduce 168 (src line 2579)


647: shift/reduce conflict (shift 217(0), red'n 94(10)) on PARSER_TOK_ISA
647: shift/reduce conflict (shift 213(0), red'n 94(10)) on PARSER_TOK_WHENNEXT
647: shift/reduce conflict (shift 214(0), red'n 94(10)) on PARSER_TOK_WHENPREV
647: shift/reduce conflict (shift 215(0), red'n 94(10)) on PARSER_TOK_WHENFIRST
647: shift/reduce conflict (shift 216(0), red'n 94(10)) on PARSER_TOK_WHENLAST
state 647
	term:  term.PARSER_TOK_DOT appelem 
	term:  term.PARSER_TOK_PLUS term 
	term:  term.PARSER_TOK_MINUS term 
	term:  term.PARSER_TOK_TIMES term 
	term:  term.PARSER_TOK_DIV term 
	term:  term.PARSER_TOK_IF fmla PARSER_TOK_ELSE term 
	term:  term PARSER_TOK_IF fmla PARSER_TOK_ELSE term.    (94)
	term:  term.PARSER_TOK_EQ term 
	term:  term.PARSER_TOK_LE term 
	term:  term.PARSER_TOK_LT term 
	term:  term.PARSER_TOK_GE term 
	term:  term.PARSER_TOK_GT term 
	term:  term.PARSER_TOK_PTO term 
	term:  term.PARSER_TOK_TILDAEQ term 
	term:  term.PARSER_TOK_AND term 
	term:  term.PARSER_TOK_OR term 
	term:  term.PARSER_TOK_ARROW term 
	term:  term.PARSER_TOK_IFF term 
	term:  term.PARSER_TOK_WHENNEXT term 
	term:  term.PARSER_TOK_WHENPREV term 
	term:  term.PARSER_TOK_WHENFIRST term 
	term:  term.PARSER_TOK_WHENLAST term 
	term:  term.PARSER_TOK_ISA atype 
	term:  term.PARSER_TOK_COLON atype 

	PARSER_TOK_COLON  shift 218
	PARSER_TOK_DOT  shift 196
	PARSER_TOK_PLUS  shift 197
	PARSER_TOK_MINUS  shift 198
	PARSER_TOK_TIMES  shift 199
	PARSER_TOK_DIV  shift 200
	PARSER_TOK_ISA  shift 217
	PARSER_TOK_WHENNEXT  shift 213
	PARSER_TOK_WHENPREV  shift 214
	PARSER_TOK_WHENFIRST  shift 215
	PARSER_TOK_WHENLAST  shift 216
	.  reduce 94 (src line 1976)


state 648
	term:  PARSER_TOK_LPAREN PARSER_TOK_DOLLAR SYMBOLx simplevars PARSER_TOK_DOT.fmla PARSER_TOK_RPAREN PARSER_TOK_LPAREN terms PARSER_TOK_RPAREN 

	PARSER_TOK_PRESYMBOL  shift 63
	PARSER_TOK_VARIABLE  shift 88
	PARSER_TOK_LPAREN  shift 78
	PARSER_TOK_TILDA  shift 81
	PARSER_TOK_DOLLAR  shift 86
	PARSER_TOK_FORALL  shift 82
	PARSER_TOK_EXISTS  shift 83
	PARSER_TOK_TRUE  shift 79
	PARSER_TOK_FALSE  shift 80
	PARSER_TOK_OLD  shift 77
	PARSER_TOK_GLOBALLY  shift 84
	PARSER_TOK_EVENTUALLY  shift 85
	.  error

	term  goto 72
	fmla  goto 773
	appelem  goto 75
	var  goto 76
	SYMBOLx  goto 87

state 649
	vars:  vars PARSER_TOK_COMMA var.    (79)

	.  reduce 79 (src line 1843)


650: shift/reduce conflict (shift 218(11), red'n 111(0)) on PARSER_TOK_COLON
650: shift/reduce conflict (shift 196(16), red'n 111(0)) on PARSER_TOK_DOT
650: shift/reduce conflict (shift 197(12), red'n 111(0)) on PARSER_TOK_PLUS
650: shift/reduce conflict (shift 198(12), red'n 111(0)) on PARSER_TOK_MINUS
650: shift/reduce conflict (shift 199(13), red'n 111(0)) on PARSER_TOK_TIMES
650: shift/reduce conflict (shift 200(13), red'n 111(0)) on PARSER_TOK_DIV
650: shift/reduce conflict (shift 202(7), red'n 111(0)) on PARSER_TOK_EQ
650: shift/reduce conflict (shift 208(8), red'n 111(0)) on PARSER_TOK_TILDAEQ
650: shift/reduce conflict (shift 203(7), red'n 111(0)) on PARSER_TOK_LE
650: shift/reduce conflict (shift 204(7), red'n 111(0)) on PARSER_TOK_LT
650: shift/reduce conflict (shift 205(7), red'n 111(0)) on PARSER_TOK_GE
650: shift/reduce conflict (shift 206(7), red'n 111(0)) on PARSER_TOK_GT
650: shift/reduce conflict (shift 209(5), red'n 111(0)) on PARSER_TOK_AND
650: shift/reduce conflict (shift 210(4), red'n 111(0)) on PARSER_TOK_OR
650: shift/reduce conflict (shift 211(3), red'n 111(0)) on PARSER_TOK_ARROW
650: shift/reduce conflict (shift 212(3), red'n 111(0)) on PARSER_TOK_IFF
650: shift/reduce conflict (shift 207(7), red'n 111(0)) on PARSER_TOK_PTO
650: shift/reduce conflict (shift 217(0), red'n 111(0)) on PARSER_TOK_ISA
650: shift/reduce conflict (shift 201(9), red'n 111(0)) on PARSER_TOK_IF
650: shift/reduce conflict (shift 213(0), red'n 111(0)) on PARSER_TOK_WHENNEXT
650: shift/reduce conflict (shift 214(0), red'n 111(0)) on PARSER_TOK_WHENPREV
650: shift/reduce conflict (shift 215(0), red'n 111(0)) on PARSER_TOK_WHENFIRST
650: shift/reduce conflict (shift 216(0), red'n 111(0)) on PARSER_TOK_WHENLAST
state 650
	term:  term.PARSER_TOK_DOT appelem 
	term:  term.PARSER_TOK_PLUS term 
	term:  term.PARSER_TOK_MINUS term 
	term:  term.PARSER_TOK_TIMES term 
	term:  term.PARSER_TOK_DIV term 
	term:  term.PARSER_TOK_IF fmla PARSER_TOK_ELSE term 
	term:  term.PARSER_TOK_EQ term 
	term:  term.PARSER_TOK_LE term 
	term:  term.PARSER_TOK_LT term 
	term:  term.PARSER_TOK_GE term 
	term:  term.PARSER_TOK_GT term 
	term:  term.PARSER_TOK_PTO term 
	term:  term.PARSER_TOK_TILDAEQ term 
	term:  term.PARSER_TOK_AND term 
	term:  term.PARSER_TOK_OR term 
	term:  term.PARSER_TOK_ARROW term 
	term:  term.PARSER_TOK_IFF term 
	term:  PARSER_TOK_FORALL PARSER_TOK_LPAREN vars PARSER_TOK_RPAREN term.    (111)
	term:  term.PARSER_TOK_WHENNEXT term 
	term:  term.PARSER_TOK_WHENPREV term 
	term:  term.PARSER_TOK_WHENFIRST term 
	term:  term.PARSER_TOK_WHENLAST term 
	term:  term.PARSER_TOK_ISA atype 
	term:  term.PARSER_TOK_COLON atype 

	PARSER_TOK_COLON  shift 218
	PARSER_TOK_DOT  shift 196
	PARSER_TOK_PLUS  shift 197
	PARSER_TOK_MINUS  shift 198
	PARSER_TOK_TIMES  shift 199
	PARSER_TOK_DIV  shift 200
	PARSER_TOK_EQ  shift 202
	PARSER_TOK_TILDAEQ  shift 208
	PARSER_TOK_LE  shift 203
	PARSER_TOK_LT  shift 204
	PARSER_TOK_GE  shift 205
	PARSER_TOK_GT  shift 206
	PARSER_TOK_AND  shift 209
	PARSER_TOK_OR  shift 210
	PARSER_TOK_ARROW  shift 211
	PARSER_TOK_IFF  shift 212
	PARSER_TOK_PTO  shift 207
	PARSER_TOK_ISA  shift 217
	PARSER_TOK_IF  shift 201
	PARSER_TOK_WHENNEXT  shift 213
	PARSER_TOK_WHENPREV  shift 214
	PARSER_TOK_WHENFIRST  shift 215
	PARSER_TOK_WHENLAST  shift 216
	.  reduce 111 (src line 2110)


651: shift/reduce conflict (shift 218(11), red'n 112(0)) on PARSER_TOK_COLON
651: shift/reduce conflict (shift 196(16), red'n 112(0)) on PARSER_TOK_DOT
651: shift/reduce conflict (shift 197(12), red'n 112(0)) on PARSER_TOK_PLUS
651: shift/reduce conflict (shift 198(12), red'n 112(0)) on PARSER_TOK_MINUS
651: shift/reduce conflict (shift 199(13), red'n 112(0)) on PARSER_TOK_TIMES
651: shift/reduce conflict (shift 200(13), red'n 112(0)) on PARSER_TOK_DIV
651: shift/reduce conflict (shift 202(7), red'n 112(0)) on PARSER_TOK_EQ
651: shift/reduce conflict (shift 208(8), red'n 112(0)) on PARSER_TOK_TILDAEQ
651: shift/reduce conflict (shift 203(7), red'n 112(0)) on PARSER_TOK_LE
651: shift/reduce conflict (shift 204(7), red'n 112(0)) on PARSER_TOK_LT
651: shift/reduce conflict (shift 205(7), red'n 112(0)) on PARSER_TOK_GE
651: shift/reduce conflict (shift 206(7), red'n 112(0)) on PARSER_TOK_GT
651: shift/reduce conflict (shift 209(5), red'n 112(0)) on PARSER_TOK_AND
651: shift/reduce conflict (shift 210(4), red'n 112(0)) on PARSER_TOK_OR
651: shift/reduce conflict (shift 211(3), red'n 112(0)) on PARSER_TOK_ARROW
651: shift/reduce conflict (shift 212(3), red'n 112(0)) on PARSER_TOK_IFF
651: shift/reduce conflict (shift 207(7), red'n 112(0)) on PARSER_TOK_PTO
651: shift/reduce conflict (shift 217(0), red'n 112(0)) on PARSER_TOK_ISA
651: shift/reduce conflict (shift 201(9), red'n 112(0)) on PARSER_TOK_IF
651: shift/reduce conflict (shift 213(0), red'n 112(0)) on PARSER_TOK_WHENNEXT
651: shift/reduce conflict (shift 214(0), red'n 112(0)) on PARSER_TOK_WHENPREV
651: shift/reduce conflict (shift 215(0), red'n 112(0)) on PARSER_TOK_WHENFIRST
651: shift/reduce conflict (shift 216(0), red'n 112(0)) on PARSER_TOK_WHENLAST
state 651
	term:  term.PARSER_TOK_DOT appelem 
	term:  term.PARSER_TOK_PLUS term 
	term:  term.PARSER_TOK_MINUS term 
	term:  term.PARSER_TOK_TIMES term 
	term:  term.PARSER_TOK_DIV term 
	term:  term.PARSER_TOK_IF fmla PARSER_TOK_ELSE term 
	term:  term.PARSER_TOK_EQ term 
	term:  term.PARSER_TOK_LE term 
	term:  term.PARSER_TOK_LT term 
	term:  term.PARSER_TOK_GE term 
	term:  term.PARSER_TOK_GT term 
	term:  term.PARSER_TOK_PTO term 
	term:  term.PARSER_TOK_TILDAEQ term 
	term:  term.PARSER_TOK_AND term 
	term:  term.PARSER_TOK_OR term 
	term:  term.PARSER_TOK_ARROW term 
	term:  term.PARSER_TOK_IFF term 
	term:  PARSER_TOK_EXISTS PARSER_TOK_LPAREN vars PARSER_TOK_RPAREN term.    (112)
	term:  term.PARSER_TOK_WHENNEXT term 
	term:  term.PARSER_TOK_WHENPREV term 
	term:  term.PARSER_TOK_WHENFIRST term 
	term:  term.PARSER_TOK_WHENLAST term 
	term:  term.PARSER_TOK_ISA atype 
	term:  term.PARSER_TOK_COLON atype 

	PARSER_TOK_COLON  shift 218
	PARSER_TOK_DOT  shift 196
	PARSER_TOK_PLUS  shift 197
	PARSER_TOK_MINUS  shift 198
	PARSER_TOK_TIMES  shift 199
	PARSER_TOK_DIV  shift 200
	PARSER_TOK_EQ  shift 202
	PARSER_TOK_TILDAEQ  shift 208
	PARSER_TOK_LE  shift 203
	PARSER_TOK_LT  shift 204
	PARSER_TOK_GE  shift 205
	PARSER_TOK_GT  shift 206
	PARSER_TOK_AND  shift 209
	PARSER_TOK_OR  shift 210
	PARSER_TOK_ARROW  shift 211
	PARSER_TOK_IFF  shift 212
	PARSER_TOK_PTO  shift 207
	PARSER_TOK_ISA  shift 217
	PARSER_TOK_IF  shift 201
	PARSER_TOK_WHENNEXT  shift 213
	PARSER_TOK_WHENPREV  shift 214
	PARSER_TOK_WHENFIRST  shift 215
	PARSER_TOK_WHENLAST  shift 216
	.  reduce 112 (src line 2117)


652: shift/reduce conflict (shift 211(3), red'n 84(0)) on PARSER_TOK_ARROW
652: shift/reduce conflict (shift 201(9), red'n 84(0)) on PARSER_TOK_IF
state 652
	terms:  terms PARSER_TOK_COMMA term.    (84)
	term:  term.PARSER_TOK_DOT appelem 
	term:  term.PARSER_TOK_PLUS term 
	term:  term.PARSER_TOK_MINUS term 
	term:  term.PARSER_TOK_TIMES term 
	term:  term.PARSER_TOK_DIV term 
	term:  term.PARSER_TOK_IF fmla PARSER_TOK_ELSE term 
	term:  term.PARSER_TOK_EQ term 
	term:  term.PARSER_TOK_LE term 
	term:  term.PARSER_TOK_LT term 
	term:  term.PARSER_TOK_GE term 
	term:  term.PARSER_TOK_GT term 
	term:  term.PARSER_TOK_PTO term 
	term:  term.PARSER_TOK_TILDAEQ term 
	term:  term.PARSER_TOK_AND term 
	term:  term.PARSER_TOK_OR term 
	term:  term.PARSER_TOK_ARROW term 
	term:  term.PARSER_TOK_IFF term 
	term:  term.PARSER_TOK_WHENNEXT term 
	term:  term.PARSER_TOK_WHENPREV term 
	term:  term.PARSER_TOK_WHENFIRST term 
	term:  term.PARSER_TOK_WHENLAST term 
	term:  term.PARSER_TOK_ISA atype 
	term:  term.PARSER_TOK_COLON atype 

	PARSER_TOK_COLON  shift 218
	PARSER_TOK_DOT  shift 196
	PARSER_TOK_PLUS  shift 197
	PARSER_TOK_MINUS  shift 198
	PARSER_TOK_TIMES  shift 199
	PARSER_TOK_DIV  shift 200
	PARSER_TOK_EQ  shift 202
	PARSER_TOK_TILDAEQ  shift 208
	PARSER_TOK_LE  shift 203
	PARSER_TOK_LT  shift 204
	PARSER_TOK_GE  shift 205
	PARSER_TOK_GT  shift 206
	PARSER_TOK_AND  shift 209
	PARSER_TOK_OR  shift 210
	PARSER_TOK_ARROW  shift 211
	PARSER_TOK_IFF  shift 212
	PARSER_TOK_PTO  shift 207
	PARSER_TOK_ISA  shift 217
	PARSER_TOK_IF  shift 201
	PARSER_TOK_WHENNEXT  shift 213
	PARSER_TOK_WHENPREV  shift 214
	PARSER_TOK_WHENFIRST  shift 215
	PARSER_TOK_WHENLAST  shift 216
	.  reduce 84 (src line 1878)


state 653
	top:  top PARSER_TOK_MODULE modulestart modcat atom optwith PARSER_TOK_EQ.PARSER_TOK_LCB top PARSER_TOK_RCB moduleend 

	PARSER_TOK_LCB  shift 774
	.  error


state 654
	callatoms:  callatoms.PARSER_TOK_COMMA callatom 
	optwith:  PARSER_TOK_WITH callatoms.    (293)

	PARSER_TOK_COMMA  shift 313
	.  reduce 293 (src line 3487)


state 655
	top:  top PARSER_TOK_OBJECT objsym objectargs PARSER_TOK_EQ PARSER_TOK_LCB optdotdotdot.top PARSER_TOK_RCB objectend 
	top: .    (1)

	.  reduce 1 (src line 667)

	top  goto 775

state 656
	optdotdotdot:  PARSER_TOK_DOTDOTDOT.    (278)

	.  reduce 278 (src line 3376)


state 657
	lparams:  lparams PARSER_TOK_COMMA lparam.    (297)

	.  reduce 297 (src line 3524)


state 658
	top:  top PARSER_TOK_CLASS objsym objectargs PARSER_TOK_EQ PARSER_TOK_LCB optdotdotdot.top PARSER_TOK_RCB objectend 
	top: .    (1)

	.  reduce 1 (src line 667)

	top  goto 776

state 659
	top:  top PARSER_TOK_SUBCLASS objsym PARSER_TOK_OF atype PARSER_TOK_EQ PARSER_TOK_LCB.optdotdotdot top PARSER_TOK_RCB objectend 
	optdotdotdot: .    (277)

	PARSER_TOK_DOTDOTDOT  shift 656
	.  reduce 277 (src line 3368)

	optdotdotdot  goto 777

state 660
	defargs:  defargs PARSER_TOK_COMMA defarg.    (158)

	.  reduce 158 (src line 2502)


state 661
	defnlhs:  PARSER_TOK_LPAREN defarg relop defarg PARSER_TOK_RPAREN.    (153)

	.  reduce 153 (src line 2467)


state 662
	defnlhs:  PARSER_TOK_LPAREN defarg infix defarg PARSER_TOK_RPAREN.    (154)

	.  reduce 154 (src line 2474)


state 663
	atype:  atype.PARSER_TOK_DOT SYMBOLx 
	lparam:  PARSER_TOK_CARET SYMBOLx PARSER_TOK_COLON atype.    (295)

	PARSER_TOK_DOT  shift 304
	.  reduce 295 (src line 3508)


state 664
	schdefnrhs:  PARSER_TOK_LCB schdecls schconc PARSER_TOK_RCB.    (175)

	.  reduce 175 (src line 2635)


state 665
	schconc:  PARSER_TOK_DEFINITION defn.    (188)

	.  reduce 188 (src line 2730)


state 666
	schdecl:  optexplicit PARSER_TOK_PROPERTY.lgprop 
	schconc:  optexplicit PARSER_TOK_PROPERTY.lgprop 
	optlabel: .    (138)

	PARSER_TOK_LABEL  shift 74
	PARSER_TOK_LB  shift 73
	.  reduce 138 (src line 2357)

	labelname  goto 194
	lgprop  goto 778
	optlabel  goto 334

state 667
	schdecl:  PARSER_TOK_FUNCTION funs.    (176)
	funs:  funs.PARSER_TOK_COMMA fun 

	PARSER_TOK_COMMA  shift 281
	.  reduce 176 (src line 2644)


state 668
	schdecl:  PARSER_TOK_FRESH PARSER_TOK_FUNCTION.funs 

	PARSER_TOK_PRESYMBOL  shift 63
	PARSER_TOK_LPAREN  shift 98
	.  error

	SYMBOLx  goto 99
	defnlhs  goto 116
	typeddefn  goto 115
	fun  goto 114
	funs  goto 779
	dotsym  goto 97

state 669
	schdecl:  PARSER_TOK_FRESH PARSER_TOK_INDIV.funs 

	PARSER_TOK_PRESYMBOL  shift 63
	PARSER_TOK_LPAREN  shift 98
	.  error

	SYMBOLx  goto 99
	defnlhs  goto 116
	typeddefn  goto 115
	fun  goto 114
	funs  goto 780
	dotsym  goto 97

state 670
	schdecl:  PARSER_TOK_FRESH PARSER_TOK_RELATION.rels 

	PARSER_TOK_PRESYMBOL  shift 63
	PARSER_TOK_LPAREN  shift 98
	.  error

	SYMBOLx  goto 99
	defn  goto 111
	defnlhs  goto 110
	typeddefn  goto 112
	rel  goto 109
	rels  goto 781
	dotsym  goto 97

state 671
	schdecl:  PARSER_TOK_INDIV funs.    (178)
	funs:  funs.PARSER_TOK_COMMA fun 

	PARSER_TOK_COMMA  shift 281
	.  reduce 178 (src line 2657)


state 672
	schdecl:  PARSER_TOK_RELATION rels.    (180)
	rels:  rels.PARSER_TOK_COMMA rel 

	PARSER_TOK_COMMA  shift 278
	.  reduce 180 (src line 2669)


state 673
	SYMBOLx:  SYMBOLx.PARSER_TOK_LB SYMsubscr PARSER_TOK_RB 
	schdecl:  PARSER_TOK_TYPE SYMBOLx.    (182)

	PARSER_TOK_LB  shift 189
	.  reduce 182 (src line 2681)


state 674
	schdecl:  PARSER_TOK_THEOREM lgprop.    (184)

	.  reduce 184 (src line 2699)


state 675
	proofstep:  PARSER_TOK_APPLY atype optrenaming PARSER_TOK_WITH.matches 

	PARSER_TOK_PRESYMBOL  shift 63
	PARSER_TOK_VARIABLE  shift 88
	PARSER_TOK_LPAREN  shift 98
	.  error

	var  goto 785
	SYMBOLx  goto 99
	defn  goto 784
	defnlhs  goto 116
	typeddefn  goto 112
	dotsym  goto 97
	match  goto 783
	matches  goto 782

state 676
	renaminglist:  renaminglist.PARSER_TOK_COMMA renamingitem 
	renaming:  PARSER_TOK_LT renaminglist.PARSER_TOK_GT 

	PARSER_TOK_COMMA  shift 786
	PARSER_TOK_GT  shift 787
	.  error


state 677
	renaminglist:  renamingitem.    (436)

	.  reduce 436 (src line 4845)


state 678
	renamingitem:  PARSER_TOK_VARIABLE.PARSER_TOK_DIV PARSER_TOK_VARIABLE 

	PARSER_TOK_DIV  shift 788
	.  error


state 679
	SYMBOLx:  SYMBOLx.PARSER_TOK_LB SYMsubscr PARSER_TOK_RB 
	renamingitem:  SYMBOLx.PARSER_TOK_DIV SYMBOLx 

	PARSER_TOK_LB  shift 189
	PARSER_TOK_DIV  shift 789
	.  error


state 680
	proofstep:  PARSER_TOK_ASSUME atype optrenaming PARSER_TOK_WITH.matches 

	PARSER_TOK_PRESYMBOL  shift 63
	PARSER_TOK_VARIABLE  shift 88
	PARSER_TOK_LPAREN  shift 98
	.  error

	var  goto 785
	SYMBOLx  goto 99
	defn  goto 784
	defnlhs  goto 116
	typeddefn  goto 112
	dotsym  goto 97
	match  goto 783
	matches  goto 790

state 681
	proofstep:  PARSER_TOK_INSTANTIATE atype optrenaming PARSER_TOK_WITH.matches 

	PARSER_TOK_PRESYMBOL  shift 63
	PARSER_TOK_VARIABLE  shift 88
	PARSER_TOK_LPAREN  shift 98
	.  error

	var  goto 785
	SYMBOLx  goto 99
	defn  goto 784
	defnlhs  goto 116
	typeddefn  goto 112
	dotsym  goto 97
	match  goto 783
	matches  goto 791

state 682
	proofstep:  PARSER_TOK_INSTANTIATE labelname atype optrenaming.    (451)
	proofstep:  PARSER_TOK_INSTANTIATE labelname atype optrenaming.PARSER_TOK_WITH matches 

	PARSER_TOK_WITH  shift 792
	.  reduce 451 (src line 4975)


state 683
	proofstep:  PARSER_TOK_TACTIC SYMBOLx opttacticwith optproofgroup.    (458)

	.  reduce 458 (src line 5042)


state 684
	opttacticwith:  PARSER_TOK_WITH tacticwithlistchoice.    (422)

	.  reduce 422 (src line 4745)


state 685
	opttacticwith:  PARSER_TOK_WITH PARSER_TOK_LCB.tacticwithlist PARSER_TOK_RCB 

	PARSER_TOK_INVARIANT  shift 689
	PARSER_TOK_DEFINITION  shift 690
	PARSER_TOK_TRIGGER  shift 691
	.  error

	tacticwithelem  goto 688
	tacticwithlist  goto 793

686: shift/reduce conflict (shift 689(0), red'n 419(0)) on PARSER_TOK_INVARIANT
686: shift/reduce conflict (shift 690(0), red'n 419(0)) on PARSER_TOK_DEFINITION
state 686
	tacticwithlist:  tacticwithlist.tacticwithelem 
	tacticwithlistchoice:  tacticwithlist.    (419)

	PARSER_TOK_INVARIANT  shift 689
	PARSER_TOK_DEFINITION  shift 690
	PARSER_TOK_TRIGGER  shift 691
	.  reduce 419 (src line 4726)

	tacticwithelem  goto 794

state 687
	pflets:  pflets.PARSER_TOK_COMMA pflet 
	tacticwithlistchoice:  pflets.    (420)

	PARSER_TOK_COMMA  shift 569
	.  reduce 420 (src line 4732)


state 688
	tacticwithlist:  tacticwithelem.    (417)

	.  reduce 417 (src line 4713)


state 689
	tacticwithelem:  PARSER_TOK_INVARIANT.labeledfmla 

	PARSER_TOK_PRESYMBOL  shift 63
	PARSER_TOK_VARIABLE  shift 88
	PARSER_TOK_LABEL  shift 74
	PARSER_TOK_LPAREN  shift 78
	PARSER_TOK_LB  shift 73
	PARSER_TOK_TILDA  shift 81
	PARSER_TOK_DOLLAR  shift 86
	PARSER_TOK_FORALL  shift 82
	PARSER_TOK_EXISTS  shift 83
	PARSER_TOK_TRUE  shift 79
	PARSER_TOK_FALSE  shift 80
	PARSER_TOK_OLD  shift 77
	PARSER_TOK_GLOBALLY  shift 84
	PARSER_TOK_EVENTUALLY  shift 85
	.  error

	term  goto 72
	fmla  goto 70
	appelem  goto 75
	var  goto 76
	SYMBOLx  goto 87
	labelname  goto 71
	labeledfmla  goto 795

state 690
	tacticwithelem:  PARSER_TOK_DEFINITION.typeddefn PARSER_TOK_EQ fmla 

	PARSER_TOK_PRESYMBOL  shift 63
	PARSER_TOK_LPAREN  shift 98
	.  error

	SYMBOLx  goto 99
	defnlhs  goto 116
	typeddefn  goto 796
	dotsym  goto 97

state 691
	tacticwithelem:  PARSER_TOK_TRIGGER.atype PARSER_TOK_WITH terms 

	PARSER_TOK_PRESYMBOL  shift 63
	PARSER_TOK_THIS  shift 142
	.  error

	atype  goto 797
	SYMBOLx  goto 141

692: shift/reduce conflict (shift 567(0), red'n 426(0)) on PARSER_TOK_PROOF
state 692
	proofstep:  opttemporal PARSER_TOK_PROPERTY labeledfmla optskolem.optproofgroup 
	optproofgroup: .    (426)

	PARSER_TOK_PROOF  shift 567
	.  reduce 426 (src line 4774)

	optproofgroup  goto 798

state 693
	optproofgroup:  PARSER_TOK_PROOF proofgroup.    (427)

	.  reduce 427 (src line 4780)


state 694
	pflets:  pflets PARSER_TOK_COMMA pflet.    (413)

	.  reduce 413 (src line 4680)


state 695
	pflet:  var PARSER_TOK_EQ fmla.    (411)

	.  reduce 411 (src line 4664)


state 696
	proofstep:  PARSER_TOK_IF fmla proofgroup PARSER_TOK_ELSE.proofgroup 

	PARSER_TOK_LCB  shift 274
	.  error

	proofgroup  goto 799

state 697
	unfspecs:  unfspecs.PARSER_TOK_COMMA unfspec 
	proofstep:  PARSER_TOK_UNFOLD atype PARSER_TOK_WITH unfspecs.    (465)

	PARSER_TOK_COMMA  shift 698
	.  reduce 465 (src line 5114)


state 698
	unfspecs:  unfspecs PARSER_TOK_COMMA.unfspec 

	PARSER_TOK_PRESYMBOL  shift 63
	PARSER_TOK_THIS  shift 126
	PARSER_TOK_METHOD  shift 127
	.  error

	SYMBOLx  goto 123
	atom  goto 125
	callatom  goto 575
	unfspec  goto 800

state 699
	renamings:  renamings.renaming 
	unfspec:  callatom renamings.    (443)

	PARSER_TOK_LT  shift 558
	.  reduce 443 (src line 4899)

	renaming  goto 801

state 700
	proofseq:  proofseq optsemi proofstep.    (429)

	.  reduce 429 (src line 4793)


state 701
	pnames:  pnames PARSER_TOK_COMMA pname.    (328)

	.  reduce 328 (src line 3758)


state 702
	somevarfmla:  PARSER_TOK_SOME simplevar PARSER_TOK_DOT.fmla optin optelse 

	PARSER_TOK_PRESYMBOL  shift 63
	PARSER_TOK_VARIABLE  shift 88
	PARSER_TOK_LPAREN  shift 78
	PARSER_TOK_TILDA  shift 81
	PARSER_TOK_DOLLAR  shift 86
	PARSER_TOK_FORALL  shift 82
	PARSER_TOK_EXISTS  shift 83
	PARSER_TOK_TRUE  shift 79
	PARSER_TOK_FALSE  shift 80
	PARSER_TOK_OLD  shift 77
	PARSER_TOK_GLOBALLY  shift 84
	PARSER_TOK_EVENTUALLY  shift 85
	.  error

	term  goto 72
	fmla  goto 802
	appelem  goto 75
	var  goto 76
	SYMBOLx  goto 87

state 703
	top:  top optfinite optghost PARSER_TOK_TYPE typesymbol PARSER_TOK_EQ sort.    (25)

	.  reduce 25 (src line 1116)


state 704
	sort:  PARSER_TOK_LCB.SYMBOLx PARSER_TOK_RCB 
	sort:  PARSER_TOK_LCB.SYMBOLx PARSER_TOK_COMMA names PARSER_TOK_RCB 
	sort:  PARSER_TOK_LCB.SYMBOLx PARSER_TOK_DOTS SYMBOLx PARSER_TOK_RCB 

	PARSER_TOK_PRESYMBOL  shift 63
	.  error

	SYMBOLx  goto 803

state 705
	sort:  PARSER_TOK_STRUCT.PARSER_TOK_LCB tterms PARSER_TOK_RCB 
	sort:  PARSER_TOK_STRUCT.PARSER_TOK_LCB PARSER_TOK_RCB 

	PARSER_TOK_LCB  shift 804
	.  error


state 706
	prod:  expr.PARSER_TOK_TIMES expr 
	prod:  expr PARSER_TOK_TIMES expr.    (501)
	sum:  expr.PARSER_TOK_PLUS expr 

	.  reduce 501 (src line 5353)


state 707
	prod:  expr.PARSER_TOK_TIMES expr 
	sum:  expr.PARSER_TOK_PLUS expr 
	sum:  expr PARSER_TOK_PLUS expr.    (503)

	PARSER_TOK_TIMES  shift 584
	.  reduce 503 (src line 5366)


state 708
	expr:  PARSER_TOK_LCB fmla PARSER_TOK_RCB.    (491)

	.  reduce 491 (src line 5294)


state 709
	expr:  exprterm relop exprterm.    (493)

	.  reduce 493 (src line 5305)


state 710
	expr:  exprterm PARSER_TOK_TILDAEQ exprterm.    (494)

	.  reduce 494 (src line 5311)


state 711
	expr:  PARSER_TOK_LPAREN expr PARSER_TOK_RPAREN.    (496)

	.  reduce 496 (src line 5323)


state 712
	prod:  expr.PARSER_TOK_TIMES expr 
	prod:  prod PARSER_TOK_TIMES expr.    (502)
	sum:  expr.PARSER_TOK_PLUS expr 

	.  reduce 502 (src line 5359)


state 713
	prod:  expr.PARSER_TOK_TIMES expr 
	sum:  expr.PARSER_TOK_PLUS expr 
	sum:  sum PARSER_TOK_PLUS expr.    (504)

	PARSER_TOK_TIMES  shift 584
	.  reduce 504 (src line 5372)


state 714
	aterm:  aterm PARSER_TOK_DOT appelem.    (73)

	.  reduce 73 (src line 1788)


state 715
	upaxes:  upaxes upax.    (477)

	.  reduce 477 (src line 5200)


state 716
	upax:  PARSER_TOK_PARAMS.tterms PARSER_TOK_IN action PARSER_TOK_ARROW requires ensures 

	PARSER_TOK_PRESYMBOL  shift 63
	PARSER_TOK_LPAREN  shift 182
	.  error

	SYMBOLx  goto 181
	tapp  goto 180
	tterm  goto 179
	tterms  goto 805

state 717
	sequence:  PARSER_TOK_LCB actseq PARSER_TOK_RCB.    (341)

	.  reduce 341 (src line 3866)


state 718
	sequence:  PARSER_TOK_LCB actseq PARSER_TOK_SEMI.PARSER_TOK_RCB 

	PARSER_TOK_RCB  shift 806
	.  error


state 719
	actseqrev:  simpleact PARSER_TOK_SEMI.actseqrev 
	actseqrev:  simpleact PARSER_TOK_SEMI.    (347)
	optunprovable: .    (134)

	PARSER_TOK_PRESYMBOL  shift 63
	PARSER_TOK_VARIABLE  shift 88
	PARSER_TOK_LPAREN  shift 618
	PARSER_TOK_LCB  shift 460
	PARSER_TOK_TILDA  shift 81
	PARSER_TOK_DOLLAR  shift 86
	PARSER_TOK_FORALL  shift 82
	PARSER_TOK_EXISTS  shift 83
	PARSER_TOK_TRUE  shift 79
	PARSER_TOK_FALSE  shift 80
	PARSER_TOK_OLD  shift 77
	PARSER_TOK_IF  shift 611
	PARSER_TOK_GLOBALLY  shift 84
	PARSER_TOK_EVENTUALLY  shift 85
	PARSER_TOK_ASSUME  shift 601
	PARSER_TOK_ASSERT  reduce 134 (src line 2331)
	PARSER_TOK_REQUIRE  reduce 134 (src line 2331)
	PARSER_TOK_ENSURE  reduce 134 (src line 2331)
	PARSER_TOK_VAR  shift 605
	PARSER_TOK_LOCAL  shift 614
	PARSER_TOK_LET  shift 615
	PARSER_TOK_CALL  shift 606
	PARSER_TOK_WHILE  shift 612
	PARSER_TOK_FOR  shift 613
	PARSER_TOK_DEBUG  shift 609
	PARSER_TOK_THUNK  shift 616
	PARSER_TOK_UNPROVABLE  shift 617
	PARSER_TOK_INSTANTIATE  shift 608
	PARSER_TOK_SET  shift 607
	.  reduce 347 (src line 3928)

	term  goto 603
	appelem  goto 75
	var  goto 76
	SYMBOLx  goto 87
	optunprovable  goto 602
	simpleact  goto 599
	complexact  goto 600
	sequence  goto 610
	actseqrev  goto 807
	termtuple  goto 604

state 720
	actseqrev:  complexact actseqrev.    (348)

	.  reduce 348 (src line 3933)


state 721
	actseqrev:  complexact PARSER_TOK_SEMI.actseqrev 
	actseqrev:  complexact PARSER_TOK_SEMI.    (350)
	optunprovable: .    (134)

	PARSER_TOK_PRESYMBOL  shift 63
	PARSER_TOK_VARIABLE  shift 88
	PARSER_TOK_LPAREN  shift 618
	PARSER_TOK_LCB  shift 460
	PARSER_TOK_TILDA  shift 81
	PARSER_TOK_DOLLAR  shift 86
	PARSER_TOK_FORALL  shift 82
	PARSER_TOK_EXISTS  shift 83
	PARSER_TOK_TRUE  shift 79
	PARSER_TOK_FALSE  shift 80
	PARSER_TOK_OLD  shift 77
	PARSER_TOK_IF  shift 611
	PARSER_TOK_GLOBALLY  shift 84
	PARSER_TOK_EVENTUALLY  shift 85
	PARSER_TOK_ASSUME  shift 601
	PARSER_TOK_ASSERT  reduce 134 (src line 2331)
	PARSER_TOK_REQUIRE  reduce 134 (src line 2331)
	PARSER_TOK_ENSURE  reduce 134 (src line 2331)
	PARSER_TOK_VAR  shift 605
	PARSER_TOK_LOCAL  shift 614
	PARSER_TOK_LET  shift 615
	PARSER_TOK_CALL  shift 606
	PARSER_TOK_WHILE  shift 612
	PARSER_TOK_FOR  shift 613
	PARSER_TOK_DEBUG  shift 609
	PARSER_TOK_THUNK  shift 616
	PARSER_TOK_UNPROVABLE  shift 617
	PARSER_TOK_INSTANTIATE  shift 608
	PARSER_TOK_SET  shift 607
	.  reduce 350 (src line 3943)

	term  goto 603
	appelem  goto 75
	var  goto 76
	SYMBOLx  goto 87
	optunprovable  goto 602
	simpleact  goto 599
	complexact  goto 600
	sequence  goto 610
	actseqrev  goto 808
	termtuple  goto 604

state 722
	simpleact:  PARSER_TOK_ASSUME labeledfmla.    (353)

	.  reduce 353 (src line 3967)


state 723
	simpleact:  optunprovable PARSER_TOK_ASSERT.labeledfmla 
	simpleact:  optunprovable PARSER_TOK_ASSERT.labeledfmla PARSER_TOK_PROOF proofstep 

	PARSER_TOK_PRESYMBOL  shift 63
	PARSER_TOK_VARIABLE  shift 88
	PARSER_TOK_LABEL  shift 74
	PARSER_TOK_LPAREN  shift 78
	PARSER_TOK_LB  shift 73
	PARSER_TOK_TILDA  shift 81
	PARSER_TOK_DOLLAR  shift 86
	PARSER_TOK_FORALL  shift 82
	PARSER_TOK_EXISTS  shift 83
	PARSER_TOK_TRUE  shift 79
	PARSER_TOK_FALSE  shift 80
	PARSER_TOK_OLD  shift 77
	PARSER_TOK_GLOBALLY  shift 84
	PARSER_TOK_EVENTUALLY  shift 85
	.  error

	term  goto 72
	fmla  goto 70
	appelem  goto 75
	var  goto 76
	SYMBOLx  goto 87
	labelname  goto 71
	labeledfmla  goto 809

state 724
	simpleact:  optunprovable PARSER_TOK_REQUIRE.labeledfmla 
	simpleact:  optunprovable PARSER_TOK_REQUIRE.labeledfmla PARSER_TOK_PROOF proofstep 

	PARSER_TOK_PRESYMBOL  shift 63
	PARSER_TOK_VARIABLE  shift 88
	PARSER_TOK_LABEL  shift 74
	PARSER_TOK_LPAREN  shift 78
	PARSER_TOK_LB  shift 73
	PARSER_TOK_TILDA  shift 81
	PARSER_TOK_DOLLAR  shift 86
	PARSER_TOK_FORALL  shift 82
	PARSER_TOK_EXISTS  shift 83
	PARSER_TOK_TRUE  shift 79
	PARSER_TOK_FALSE  shift 80
	PARSER_TOK_OLD  shift 77
	PARSER_TOK_GLOBALLY  shift 84
	PARSER_TOK_EVENTUALLY  shift 85
	.  error

	term  goto 72
	fmla  goto 70
	appelem  goto 75
	var  goto 76
	SYMBOLx  goto 87
	labelname  goto 71
	labeledfmla  goto 810

state 725
	simpleact:  optunprovable PARSER_TOK_ENSURE.labeledfmla 
	simpleact:  optunprovable PARSER_TOK_ENSURE.labeledfmla PARSER_TOK_PROOF proofstep 

	PARSER_TOK_PRESYMBOL  shift 63
	PARSER_TOK_VARIABLE  shift 88
	PARSER_TOK_LABEL  shift 74
	PARSER_TOK_LPAREN  shift 78
	PARSER_TOK_LB  shift 73
	PARSER_TOK_TILDA  shift 81
	PARSER_TOK_DOLLAR  shift 86
	PARSER_TOK_FORALL  shift 82
	PARSER_TOK_EXISTS  shift 83
	PARSER_TOK_TRUE  shift 79
	PARSER_TOK_FALSE  shift 80
	PARSER_TOK_OLD  shift 77
	PARSER_TOK_GLOBALLY  shift 84
	PARSER_TOK_EVENTUALLY  shift 85
	.  error

	term  goto 72
	fmla  goto 70
	appelem  goto 75
	var  goto 76
	SYMBOLx  goto 87
	labelname  goto 71
	labeledfmla  goto 811

state 726
	simpleact:  term PARSER_TOK_ASSIGN.fmla 
	simpleact:  term PARSER_TOK_ASSIGN.PARSER_TOK_TIMES 

	PARSER_TOK_PRESYMBOL  shift 63
	PARSER_TOK_VARIABLE  shift 88
	PARSER_TOK_LPAREN  shift 78
	PARSER_TOK_TIMES  shift 813
	PARSER_TOK_TILDA  shift 81
	PARSER_TOK_DOLLAR  shift 86
	PARSER_TOK_FORALL  shift 82
	PARSER_TOK_EXISTS  shift 83
	PARSER_TOK_TRUE  shift 79
	PARSER_TOK_FALSE  shift 80
	PARSER_TOK_OLD  shift 77
	PARSER_TOK_GLOBALLY  shift 84
	PARSER_TOK_EVENTUALLY  shift 85
	.  error

	term  goto 72
	fmla  goto 812
	appelem  goto 75
	var  goto 76
	SYMBOLx  goto 87

state 727
	simpleact:  termtuple PARSER_TOK_ASSIGN.callatom 

	PARSER_TOK_PRESYMBOL  shift 63
	PARSER_TOK_THIS  shift 126
	PARSER_TOK_METHOD  shift 127
	.  error

	SYMBOLx  goto 123
	atom  goto 125
	callatom  goto 814

state 728
	simpleact:  PARSER_TOK_VAR tterm.optinit 
	optinit: .    (142)

	PARSER_TOK_ASSIGN  shift 816
	.  reduce 142 (src line 2385)

	optinit  goto 815

state 729
	simpleact:  PARSER_TOK_CALL optactualreturns.callatom 

	PARSER_TOK_PRESYMBOL  shift 63
	PARSER_TOK_THIS  shift 126
	PARSER_TOK_METHOD  shift 127
	.  error

	SYMBOLx  goto 123
	atom  goto 125
	callatom  goto 817

state 730
	callatom:  callatom.PARSER_TOK_DOT callatom 
	callatoms:  callatom.    (267)
	simpleact:  PARSER_TOK_CALL callatom.    (365)

	PARSER_TOK_COMMA  reduce 267 (src line 3292)
	PARSER_TOK_DOT  shift 288
	PARSER_TOK_ASSIGN  reduce 267 (src line 3292)
	.  reduce 365 (src line 4121)


state 731
	callatoms:  callatoms.PARSER_TOK_COMMA callatom 
	optactualreturns:  callatoms.PARSER_TOK_ASSIGN 

	PARSER_TOK_COMMA  shift 313
	PARSER_TOK_ASSIGN  shift 818
	.  error


state 732
	simpleact:  PARSER_TOK_SET lit.    (366)

	.  reduce 366 (src line 4128)


state 733
	lit:  atom.    (259)

	.  reduce 259 (src line 3223)


734: shift/reduce conflict (shift 286(0), red'n 250(0)) on PARSER_TOK_LPAREN
state 734
	SYMBOLx:  SYMBOLx.PARSER_TOK_LB SYMsubscr PARSER_TOK_RB 
	atom:  SYMBOLx.    (250)
	atom:  SYMBOLx.PARSER_TOK_LPAREN terms PARSER_TOK_RPAREN 
	lit:  SYMBOLx.PARSER_TOK_EQ SYMBOLx 
	lit:  SYMBOLx.PARSER_TOK_TILDAEQ SYMBOLx 

	PARSER_TOK_LPAREN  shift 286
	PARSER_TOK_LB  shift 189
	PARSER_TOK_EQ  shift 819
	PARSER_TOK_TILDAEQ  shift 820
	.  reduce 250 (src line 3162)


state 735
	lit:  PARSER_TOK_TILDA.lit 

	PARSER_TOK_PRESYMBOL  shift 63
	PARSER_TOK_TILDA  shift 735
	.  error

	SYMBOLx  goto 734
	atom  goto 733
	lit  goto 821

state 736
	callatom:  callatom.PARSER_TOK_DOT callatom 
	simpleact:  PARSER_TOK_INSTANTIATE callatom.    (367)

	PARSER_TOK_DOT  shift 288
	.  reduce 367 (src line 4136)


state 737
	SYMBOLx:  SYMBOLx.PARSER_TOK_LB SYMsubscr PARSER_TOK_RB 
	simpleact:  PARSER_TOK_DEBUG SYMBOLx.optdebugargs 
	optdebugargs: .    (374)

	PARSER_TOK_LB  shift 189
	PARSER_TOK_WITH  shift 823
	.  reduce 374 (src line 4206)

	optdebugargs  goto 822

state 738
	complexact:  PARSER_TOK_IF somefmla.sequence 
	complexact:  PARSER_TOK_IF somefmla.sequence PARSER_TOK_ELSE action 

	PARSER_TOK_LCB  shift 460
	.  error

	sequence  goto 824

state 739
	complexact:  PARSER_TOK_IF PARSER_TOK_TIMES.sequence PARSER_TOK_ELSE action 

	PARSER_TOK_LCB  shift 460
	.  error

	sequence  goto 825

state 740
	somefmla:  fmla.    (385)
	somefmla:  fmla.PARSER_TOK_ASSIGN fmla 

	PARSER_TOK_ASSIGN  shift 826
	.  reduce 385 (src line 4395)


state 741
	somefmla:  PARSER_TOK_SOME.bounds fmla 
	somefmla:  PARSER_TOK_SOME.bounds fmla PARSER_TOK_MINIMIZING term 
	somefmla:  PARSER_TOK_SOME.bounds fmla PARSER_TOK_MAXIMIZING term 

	PARSER_TOK_PRESYMBOL  shift 63
	PARSER_TOK_LPAREN  shift 829
	.  error

	SYMBOLx  goto 831
	param  goto 830
	params  goto 828
	bounds  goto 827

state 742
	complexact:  PARSER_TOK_WHILE somefmla.invariants decreases sequence 
	invariants: .    (392)

	.  reduce 392 (src line 4487)

	invariants  goto 832

state 743
	complexact:  PARSER_TOK_FOR tterm.PARSER_TOK_COMMA tterm PARSER_TOK_IN fmla invariants decreases sequence 

	PARSER_TOK_COMMA  shift 833
	.  error


state 744
	lparams:  lparams.PARSER_TOK_COMMA lparam 
	complexact:  PARSER_TOK_LOCAL lparams.sequence 

	PARSER_TOK_LCB  shift 460
	PARSER_TOK_COMMA  shift 535
	.  error

	sequence  goto 834

state 745
	complexact:  PARSER_TOK_LET eqns.sequence 
	eqns:  eqns.PARSER_TOK_COMMA eqn 

	PARSER_TOK_LCB  shift 460
	PARSER_TOK_COMMA  shift 836
	.  error

	sequence  goto 835

state 746
	eqns:  eqn.    (398)

	.  reduce 398 (src line 4541)


state 747
	SYMBOLx:  SYMBOLx.PARSER_TOK_LB SYMsubscr PARSER_TOK_RB 
	eqn:  SYMBOLx.PARSER_TOK_EQ SYMBOLx 

	PARSER_TOK_LB  shift 189
	PARSER_TOK_EQ  shift 837
	.  error


state 748
	complexact:  PARSER_TOK_THUNK labelname.SYMBOLx optargs PARSER_TOK_COLON atype PARSER_TOK_ASSIGN sequence 

	PARSER_TOK_PRESYMBOL  shift 63
	.  error

	SYMBOLx  goto 838

state 749
	term:  term.PARSER_TOK_DOT appelem 
	term:  PARSER_TOK_LPAREN term.PARSER_TOK_RPAREN 
	term:  term.PARSER_TOK_PLUS term 
	term:  term.PARSER_TOK_MINUS term 
	term:  term.PARSER_TOK_TIMES term 
	term:  term.PARSER_TOK_DIV term 
	term:  term.PARSER_TOK_IF fmla PARSER_TOK_ELSE term 
	term:  term.PARSER_TOK_EQ term 
	term:  term.PARSER_TOK_LE term 
	term:  term.PARSER_TOK_LT term 
	term:  term.PARSER_TOK_GE term 
	term:  term.PARSER_TOK_GT term 
	term:  term.PARSER_TOK_PTO term 
	term:  term.PARSER_TOK_TILDAEQ term 
	term:  term.PARSER_TOK_AND term 
	term:  term.PARSER_TOK_OR term 
	term:  term.PARSER_TOK_ARROW term 
	term:  term.PARSER_TOK_IFF term 
	term:  term.PARSER_TOK_WHENNEXT term 
	term:  term.PARSER_TOK_WHENPREV term 
	term:  term.PARSER_TOK_WHENFIRST term 
	term:  term.PARSER_TOK_WHENLAST term 
	term:  term.PARSER_TOK_ISA atype 
	term:  term.PARSER_TOK_COLON atype 
	termtuple:  PARSER_TOK_LPAREN term.PARSER_TOK_COMMA terms PARSER_TOK_RPAREN 

	PARSER_TOK_RPAREN  shift 364
	PARSER_TOK_COMMA  shift 839
	PARSER_TOK_COLON  shift 218
	PARSER_TOK_DOT  shift 196
	PARSER_TOK_PLUS  shift 197
	PARSER_TOK_MINUS  shift 198
	PARSER_TOK_TIMES  shift 199
	PARSER_TOK_DIV  shift 200
	PARSER_TOK_EQ  shift 202
	PARSER_TOK_TILDAEQ  shift 208
	PARSER_TOK_LE  shift 203
	PARSER_TOK_LT  shift 204
	PARSER_TOK_GE  shift 205
	PARSER_TOK_GT  shift 206
	PARSER_TOK_AND  shift 209
	PARSER_TOK_OR  shift 210
	PARSER_TOK_ARROW  shift 211
	PARSER_TOK_IFF  shift 212
	PARSER_TOK_PTO  shift 207
	PARSER_TOK_ISA  shift 217
	PARSER_TOK_IF  shift 201
	PARSER_TOK_WHENNEXT  shift 213
	PARSER_TOK_WHENPREV  shift 214
	PARSER_TOK_WHENFIRST  shift 215
	PARSER_TOK_WHENLAST  shift 216
	.  error


state 750
	top:  top optimpex actmeth SYMBOLx optargs optreturns optactiondef.    (33)

	.  reduce 33 (src line 1224)


state 751
	optactiondef:  PARSER_TOK_EQ.topseq 
	optactiondef:  PARSER_TOK_EQ.PARSER_TOK_TIMES 

	PARSER_TOK_LCB  shift 470
	PARSER_TOK_TIMES  shift 841
	.  error

	sequence  goto 469
	topseq  goto 840

state 752
	optreturns:  PARSER_TOK_RETURNS PARSER_TOK_LPAREN lparams.PARSER_TOK_RPAREN 
	lparams:  lparams.PARSER_TOK_COMMA lparam 

	PARSER_TOK_RPAREN  shift 842
	PARSER_TOK_COMMA  shift 535
	.  error


state 753
	topseq:  PARSER_TOK_LCB PARSER_TOK_NATIVEQUOTE PARSER_TOK_RCB.    (302)

	.  reduce 302 (src line 3559)


state 754
	top:  top PARSER_TOK_AROUND atype optargs optreturns PARSER_TOK_LCB actseq.optsemi PARSER_TOK_DOTDOTDOT actseq optsemi PARSER_TOK_RCB 
	optsemi: .    (147)

	PARSER_TOK_SEMI  shift 578
	.  reduce 147 (src line 2422)

	optsemi  goto 843

state 755
	top:  top opttrusted PARSER_TOK_ISOLATE SYMBOLx optargs PARSER_TOK_EQ callatoms.    (42)
	top:  top opttrusted PARSER_TOK_ISOLATE SYMBOLx optargs PARSER_TOK_EQ callatoms.PARSER_TOK_WITH callatoms 
	callatoms:  callatoms.PARSER_TOK_COMMA callatom 

	PARSER_TOK_COMMA  shift 313
	PARSER_TOK_WITH  shift 844
	.  reduce 42 (src line 1383)


state 756
	top:  top opttrusted PARSER_TOK_ISOLATE SYMBOLx optargs PARSER_TOK_EQ PARSER_TOK_LCB.top PARSER_TOK_RCB optwith 
	top: .    (1)

	.  reduce 1 (src line 667)

	top  goto 845

state 757
	top:  top.PARSER_TOK_USING SYMBOLx 
	top:  top.PARSER_TOK_INCLUDE SYMBOLx 
	top:  top.optexplicit opttemporal PARSER_TOK_AXIOM lgprop 
	top:  top.optexplicit opttemporal PARSER_TOK_PROPERTY labeledfmla optskolem optproof 
	top:  top.PARSER_TOK_CONJECTURE labeledfmla 
	top:  top.optexplicit PARSER_TOK_INVARIANT labeledfmla optproof 
	top:  top.PARSER_TOK_UNPROVABLE PARSER_TOK_INVARIANT labeledfmla optproof 
	top:  top.PARSER_TOK_MODULE modulestart modcat atom optwith PARSER_TOK_EQ PARSER_TOK_LCB top PARSER_TOK_RCB moduleend 
	top:  top.PARSER_TOK_OBJECT objsym objectargs PARSER_TOK_EQ PARSER_TOK_LCB optdotdotdot top PARSER_TOK_RCB objectend 
	top:  top.PARSER_TOK_CLASS objsym objectargs PARSER_TOK_EQ PARSER_TOK_LCB optdotdotdot top PARSER_TOK_RCB objectend 
	top:  top.PARSER_TOK_SUBCLASS objsym PARSER_TOK_OF atype PARSER_TOK_EQ PARSER_TOK_LCB optdotdotdot top PARSER_TOK_RCB objectend 
	top:  top.optexplicit PARSER_TOK_DEFINITION optlabel gdefn optproof 
	top:  top.PARSER_TOK_SCHEMA schdefn 
	top:  top.PARSER_TOK_THEOREM schdefn optproof 
	top:  top.PARSER_TOK_THEOREM labelname schdefnrhs optproof 
	top:  top.PARSER_TOK_PROOF labelname proofstep 
	top:  top.PARSER_TOK_INSTANTIATE insts 
	top:  top.PARSER_TOK_AUTOINSTANCE insts 
	top:  top.symdecl 
	top:  top.PARSER_TOK_RELATION rels 
	top:  top.PARSER_TOK_FUNCTION funs 
	top:  top.PARSER_TOK_DERIVED defns 
	top:  top.optfinite optghost PARSER_TOK_TYPE typesymbol 
	top:  top.optfinite optghost PARSER_TOK_TYPE typesymbol PARSER_TOK_EQ sort 
	top:  top.PARSER_TOK_PROGRESS defns 
	top:  top.PARSER_TOK_RELY atom PARSER_TOK_ARROW atom 
	top:  top.PARSER_TOK_RELY atom 
	top:  top.PARSER_TOK_MIXORD callatom PARSER_TOK_ARROW callatom 
	top:  top.PARSER_TOK_CONCEPT cdefns 
	top:  top.PARSER_TOK_UPDATE apps PARSER_TOK_FROM apps upaxes 
	top:  top.PARSER_TOK_MACRO atom PARSER_TOK_EQ sequence 
	top:  top.optimpex actmeth SYMBOLx optargs optreturns optactiondef 
	top:  top.PARSER_TOK_MIXIN callatom PARSER_TOK_BEFORE callatom 
	top:  top.PARSER_TOK_MIXIN callatom PARSER_TOK_AFTER callatom 
	top:  top.PARSER_TOK_BEFORE atype optargs optreturns sequence 
	top:  top.PARSER_TOK_AFTER atype optargs optreturns topseq 
	top:  top.PARSER_TOK_AROUND atype optargs optreturns PARSER_TOK_LCB actseq optsemi PARSER_TOK_DOTDOTDOT actseq optsemi PARSER_TOK_RCB 
	top:  top.PARSER_TOK_AFTER PARSER_TOK_INIT optargs topseq 
	top:  top.PARSER_TOK_IMPLEMENT atype optargs optreturns topseq 
	top:  top.PARSER_TOK_IMPLEMENT PARSER_TOK_TYPE SYMBOLx PARSER_TOK_WITH SYMBOLx 
	top:  top.opttrusted PARSER_TOK_ISOLATE SYMBOLx optargs PARSER_TOK_EQ callatoms 
	top:  top.opttrusted PARSER_TOK_ISOLATE SYMBOLx optargs PARSER_TOK_EQ callatoms PARSER_TOK_WITH callatoms 
	top:  top.opttrusted PARSER_TOK_ISOLATE SYMBOLx optargs PARSER_TOK_EQ PARSER_TOK_LCB top PARSER_TOK_RCB optwith 
	top:  top.PARSER_TOK_EXTRACT objsym objectargs PARSER_TOK_EQ PARSER_TOK_LCB top PARSER_TOK_RCB optwith 
	top:  top PARSER_TOK_EXTRACT objsym objectargs PARSER_TOK_EQ PARSER_TOK_LCB top.PARSER_TOK_RCB optwith 
	top:  top.PARSER_TOK_EXTRACT objsym objectargs PARSER_TOK_EQ callatoms 
	top:  top.PARSER_TOK_EXPORT callatom 
	top:  top.PARSER_TOK_IMPORT callatom 
	top:  top.PARSER_TOK_DELEGATE callatoms optdelegee 
	top:  top.PARSER_TOK_INTERPRET oper PARSER_TOK_ARROW oper 
	top:  top.PARSER_TOK_INTERPRET oper PARSER_TOK_ARROW PARSER_TOK_LCB term PARSER_TOK_DOTS term PARSER_TOK_RCB 
	top:  top.PARSER_TOK_INTERPRET oper PARSER_TOK_ARROW PARSER_TOK_LCB SYMBOLx moresymbols PARSER_TOK_RCB 
	top:  top.PARSER_TOK_ALIAS SYMBOLx PARSER_TOK_EQ callatom 
	top:  top.PARSER_TOK_ATTRIBUTE callatom PARSER_TOK_EQ attributeval 
	top:  top.PARSER_TOK_VARIANT typesymbol PARSER_TOK_OF atype 
	top:  top.PARSER_TOK_VARIANT typesymbol PARSER_TOK_OF atype PARSER_TOK_EQ sort 
	top:  top.PARSER_TOK_NATIVEQUOTE 
	top:  top.PARSER_TOK_SCENARIO PARSER_TOK_LCB sceninit PARSER_TOK_SEMI scentranss PARSER_TOK_RCB 
	top:  top.specimpl PARSER_TOK_LCB top PARSER_TOK_RCB 
	top:  top.PARSER_TOK_STATE SYMBOLx PARSER_TOK_EQ state_expr 
	top:  top.PARSER_TOK_ASSERT SYMBOLx PARSER_TOK_ARROW assert_rhs 
	optexplicit: .    (136)
	optfinite: .    (229)
	optimpex: .    (303)
	opttrusted: .    (281)

	PARSER_TOK_NATIVEQUOTE  shift 42
	PARSER_TOK_RCB  shift 846
	PARSER_TOK_ASSERT  shift 46
	PARSER_TOK_VAR  shift 60
	PARSER_TOK_UNPROVABLE  shift 6
	PARSER_TOK_PROOF  shift 13
	PARSER_TOK_INSTANTIATE  shift 14
	PARSER_TOK_RELATION  shift 17
	PARSER_TOK_INDIV  shift 59
	PARSER_TOK_FUNCTION  shift 18
	PARSER_TOK_DERIVED  shift 19
	PARSER_TOK_CONJECTURE  shift 5
	PARSER_TOK_SCHEMA  shift 11
	PARSER_TOK_THEOREM  shift 12
	PARSER_TOK_TYPE  reduce 229 (src line 3066)
	PARSER_TOK_MODULE  shift 7
	PARSER_TOK_OBJECT  shift 8
	PARSER_TOK_CLASS  shift 9
	PARSER_TOK_SUBCLASS  shift 10
	PARSER_TOK_ACTION  reduce 303 (src line 3571)
	PARSER_TOK_METHOD  reduce 303 (src line 3571)
	PARSER_TOK_BEFORE  shift 29
	PARSER_TOK_AFTER  shift 30
	PARSER_TOK_AROUND  shift 31
	PARSER_TOK_MIXIN  shift 28
	PARSER_TOK_IMPLEMENT  shift 32
	PARSER_TOK_ISOLATE  reduce 281 (src line 3405)
	PARSER_TOK_EXTRACT  shift 34
	PARSER_TOK_TRUSTED  shift 53
	PARSER_TOK_EXPORT  shift 35
	PARSER_TOK_IMPORT  shift 36
	PARSER_TOK_DELEGATE  shift 37
	PARSER_TOK_USING  shift 2
	PARSER_TOK_INCLUDE  shift 3
	PARSER_TOK_INTERPRET  shift 38
	PARSER_TOK_MACRO  shift 26
	PARSER_TOK_ALIAS  shift 39
	PARSER_TOK_ATTRIBUTE  shift 40
	PARSER_TOK_VARIANT  shift 41
	PARSER_TOK_SCENARIO  shift 43
	PARSER_TOK_PROGRESS  shift 21
	PARSER_TOK_RELY  shift 22
	PARSER_TOK_MIXORD  shift 23
	PARSER_TOK_CONCEPT  shift 24
	PARSER_TOK_STATE  shift 45
	PARSER_TOK_UPDATE  shift 25
	PARSER_TOK_EXPLICIT  shift 47
	PARSER_TOK_SPECIFICATION  shift 54
	PARSER_TOK_IMPLEMENTATION  shift 55
	PARSER_TOK_PRIVATE  shift 56
	PARSER_TOK_GLOBAL  shift 57
	PARSER_TOK_COMMON  shift 58
	PARSER_TOK_GHOST  reduce 229 (src line 3066)
	PARSER_TOK_FINITE  shift 52
	PARSER_TOK_PARAMETER  shift 61
	PARSER_TOK_DESTRUCTOR  shift 49
	PARSER_TOK_CONSTRUCTOR  shift 51
	PARSER_TOK_FIELD  shift 50
	PARSER_TOK_AUTOINSTANCE  shift 15
	.  reduce 136 (src line 2344)

	optexplicit  goto 4
	symdecl  goto 16
	constantdecl  goto 48
	optfinite  goto 20
	optimpex  goto 27
	opttrusted  goto 33
	specimpl  goto 44

state 758
	top:  top PARSER_TOK_INTERPRET oper PARSER_TOK_ARROW PARSER_TOK_LCB term PARSER_TOK_DOTS.term PARSER_TOK_RCB 

	PARSER_TOK_PRESYMBOL  shift 63
	PARSER_TOK_VARIABLE  shift 88
	PARSER_TOK_LPAREN  shift 78
	PARSER_TOK_TILDA  shift 81
	PARSER_TOK_DOLLAR  shift 86
	PARSER_TOK_FORALL  shift 82
	PARSER_TOK_EXISTS  shift 83
	PARSER_TOK_TRUE  shift 79
	PARSER_TOK_FALSE  shift 80
	PARSER_TOK_OLD  shift 77
	PARSER_TOK_GLOBALLY  shift 84
	PARSER_TOK_EVENTUALLY  shift 85
	.  error

	term  goto 847
	appelem  goto 75
	var  goto 76
	SYMBOLx  goto 87

state 759
	top:  top PARSER_TOK_INTERPRET oper PARSER_TOK_ARROW PARSER_TOK_LCB SYMBOLx moresymbols.PARSER_TOK_RCB 
	moresymbols:  moresymbols.PARSER_TOK_COMMA SYMBOLx 

	PARSER_TOK_RCB  shift 848
	PARSER_TOK_COMMA  shift 849
	.  error


state 760
	top:  top PARSER_TOK_VARIANT typesymbol PARSER_TOK_OF atype PARSER_TOK_EQ sort.    (56)

	.  reduce 56 (src line 1610)


state 761
	top:  top PARSER_TOK_SCENARIO PARSER_TOK_LCB sceninit PARSER_TOK_SEMI scentranss PARSER_TOK_RCB.    (58)

	.  reduce 58 (src line 1642)


state 762
	scentranss:  scentranss scentrans.    (404)

	.  reduce 404 (src line 4591)


state 763
	places:  places.PARSER_TOK_COMMA SYMBOLx 
	scentranss:  scentranss places.PARSER_TOK_ARROW places PARSER_TOK_COLON scenariomixin 
	scentranss:  scentranss places.PARSER_TOK_COLON scenariomixin 
	scentrans:  places.PARSER_TOK_ARROW places PARSER_TOK_COLON scenariomixin 
	scentrans:  places.PARSER_TOK_COLON scenariomixin 

	PARSER_TOK_COMMA  shift 634
	PARSER_TOK_COLON  shift 851
	PARSER_TOK_ARROW  shift 850
	.  error


state 764
	SYMBOLx:  SYMBOLx.PARSER_TOK_LB SYMsubscr PARSER_TOK_RB 
	places:  places PARSER_TOK_COMMA SYMBOLx.    (402)

	PARSER_TOK_LB  shift 189
	.  reduce 402 (src line 4576)


state 765
	state_expr:  state_expr.PARSER_TOK_OR state_expr 
	state_expr:  state_expr PARSER_TOK_OR state_expr.    (485)

	.  reduce 485 (src line 5253)


state 766
	state_expr:  SYMBOLx PARSER_TOK_LPAREN state_expr.PARSER_TOK_RPAREN 
	state_expr:  state_expr.PARSER_TOK_OR state_expr 

	PARSER_TOK_RPAREN  shift 852
	PARSER_TOK_OR  shift 635
	.  error


state 767
	state_expr:  PARSER_TOK_LCB requires modifies.ensures PARSER_TOK_RCB 

	PARSER_TOK_ENSURES  shift 854
	.  error

	ensures  goto 853

state 768
	modifies:  PARSER_TOK_MODIFIES.PARSER_TOK_LCB PARSER_TOK_RCB 
	modifies:  PARSER_TOK_MODIFIES.PARSER_TOK_TIMES 
	modifies:  PARSER_TOK_MODIFIES.atoms 

	PARSER_TOK_PRESYMBOL  shift 63
	PARSER_TOK_LCB  shift 855
	PARSER_TOK_TIMES  shift 856
	.  error

	SYMBOLx  goto 123
	atom  goto 858
	atoms  goto 857

state 769
	requires:  PARSER_TOK_REQUIRES fmla.    (470)

	.  reduce 470 (src line 5156)


state 770
	assert_rhs:  PARSER_TOK_LCB requires modifies.ensures PARSER_TOK_RCB 

	PARSER_TOK_ENSURES  shift 854
	.  error

	ensures  goto 859

state 771
	tsyms:  tsyms PARSER_TOK_COMMA var.    (213)

	.  reduce 213 (src line 2942)


state 772
	tapp:  PARSER_TOK_LPAREN var infix var PARSER_TOK_RPAREN.    (205)

	.  reduce 205 (src line 2885)


state 773
	term:  PARSER_TOK_LPAREN PARSER_TOK_DOLLAR SYMBOLx simplevars PARSER_TOK_DOT fmla.PARSER_TOK_RPAREN PARSER_TOK_LPAREN terms PARSER_TOK_RPAREN 

	PARSER_TOK_RPAREN  shift 860
	.  error


state 774
	top:  top PARSER_TOK_MODULE modulestart modcat atom optwith PARSER_TOK_EQ PARSER_TOK_LCB.top PARSER_TOK_RCB moduleend 
	top: .    (1)

	.  reduce 1 (src line 667)

	top  goto 861

state 775
	top:  top.PARSER_TOK_USING SYMBOLx 
	top:  top.PARSER_TOK_INCLUDE SYMBOLx 
	top:  top.optexplicit opttemporal PARSER_TOK_AXIOM lgprop 
	top:  top.optexplicit opttemporal PARSER_TOK_PROPERTY labeledfmla optskolem optproof 
	top:  top.PARSER_TOK_CONJECTURE labeledfmla 
	top:  top.optexplicit PARSER_TOK_INVARIANT labeledfmla optproof 
	top:  top.PARSER_TOK_UNPROVABLE PARSER_TOK_INVARIANT labeledfmla optproof 
	top:  top.PARSER_TOK_MODULE modulestart modcat atom optwith PARSER_TOK_EQ PARSER_TOK_LCB top PARSER_TOK_RCB moduleend 
	top:  top.PARSER_TOK_OBJECT objsym objectargs PARSER_TOK_EQ PARSER_TOK_LCB optdotdotdot top PARSER_TOK_RCB objectend 
	top:  top PARSER_TOK_OBJECT objsym objectargs PARSER_TOK_EQ PARSER_TOK_LCB optdotdotdot top.PARSER_TOK_RCB objectend 
	top:  top.PARSER_TOK_CLASS objsym objectargs PARSER_TOK_EQ PARSER_TOK_LCB optdotdotdot top PARSER_TOK_RCB objectend 
	top:  top.PARSER_TOK_SUBCLASS objsym PARSER_TOK_OF atype PARSER_TOK_EQ PARSER_TOK_LCB optdotdotdot top PARSER_TOK_RCB objectend 
	top:  top.optexplicit PARSER_TOK_DEFINITION optlabel gdefn optproof 
	top:  top.PARSER_TOK_SCHEMA schdefn 
	top:  top.PARSER_TOK_THEOREM schdefn optproof 
	top:  top.PARSER_TOK_THEOREM labelname schdefnrhs optproof 
	top:  top.PARSER_TOK_PROOF labelname proofstep 
	top:  top.PARSER_TOK_INSTANTIATE insts 
	top:  top.PARSER_TOK_AUTOINSTANCE insts 
	top:  top.symdecl 
	top:  top.PARSER_TOK_RELATION rels 
	top:  top.PARSER_TOK_FUNCTION funs 
	top:  top.PARSER_TOK_DERIVED defns 
	top:  top.optfinite optghost PARSER_TOK_TYPE typesymbol 
	top:  top.optfinite optghost PARSER_TOK_TYPE typesymbol PARSER_TOK_EQ sort 
	top:  top.PARSER_TOK_PROGRESS defns 
	top:  top.PARSER_TOK_RELY atom PARSER_TOK_ARROW atom 
	top:  top.PARSER_TOK_RELY atom 
	top:  top.PARSER_TOK_MIXORD callatom PARSER_TOK_ARROW callatom 
	top:  top.PARSER_TOK_CONCEPT cdefns 
	top:  top.PARSER_TOK_UPDATE apps PARSER_TOK_FROM apps upaxes 
	top:  top.PARSER_TOK_MACRO atom PARSER_TOK_EQ sequence 
	top:  top.optimpex actmeth SYMBOLx optargs optreturns optactiondef 
	top:  top.PARSER_TOK_MIXIN callatom PARSER_TOK_BEFORE callatom 
	top:  top.PARSER_TOK_MIXIN callatom PARSER_TOK_AFTER callatom 
	top:  top.PARSER_TOK_BEFORE atype optargs optreturns sequence 
	top:  top.PARSER_TOK_AFTER atype optargs optreturns topseq 
	top:  top.PARSER_TOK_AROUND atype optargs optreturns PARSER_TOK_LCB actseq optsemi PARSER_TOK_DOTDOTDOT actseq optsemi PARSER_TOK_RCB 
	top:  top.PARSER_TOK_AFTER PARSER_TOK_INIT optargs topseq 
	top:  top.PARSER_TOK_IMPLEMENT atype optargs optreturns topseq 
	top:  top.PARSER_TOK_IMPLEMENT PARSER_TOK_TYPE SYMBOLx PARSER_TOK_WITH SYMBOLx 
	top:  top.opttrusted PARSER_TOK_ISOLATE SYMBOLx optargs PARSER_TOK_EQ callatoms 
	top:  top.opttrusted PARSER_TOK_ISOLATE SYMBOLx optargs PARSER_TOK_EQ callatoms PARSER_TOK_WITH callatoms 
	top:  top.opttrusted PARSER_TOK_ISOLATE SYMBOLx optargs PARSER_TOK_EQ PARSER_TOK_LCB top PARSER_TOK_RCB optwith 
	top:  top.PARSER_TOK_EXTRACT objsym objectargs PARSER_TOK_EQ PARSER_TOK_LCB top PARSER_TOK_RCB optwith 
	top:  top.PARSER_TOK_EXTRACT objsym objectargs PARSER_TOK_EQ callatoms 
	top:  top.PARSER_TOK_EXPORT callatom 
	top:  top.PARSER_TOK_IMPORT callatom 
	top:  top.PARSER_TOK_DELEGATE callatoms optdelegee 
	top:  top.PARSER_TOK_INTERPRET oper PARSER_TOK_ARROW oper 
	top:  top.PARSER_TOK_INTERPRET oper PARSER_TOK_ARROW PARSER_TOK_LCB term PARSER_TOK_DOTS term PARSER_TOK_RCB 
	top:  top.PARSER_TOK_INTERPRET oper PARSER_TOK_ARROW PARSER_TOK_LCB SYMBOLx moresymbols PARSER_TOK_RCB 
	top:  top.PARSER_TOK_ALIAS SYMBOLx PARSER_TOK_EQ callatom 
	top:  top.PARSER_TOK_ATTRIBUTE callatom PARSER_TOK_EQ attributeval 
	top:  top.PARSER_TOK_VARIANT typesymbol PARSER_TOK_OF atype 
	top:  top.PARSER_TOK_VARIANT typesymbol PARSER_TOK_OF atype PARSER_TOK_EQ sort 
	top:  top.PARSER_TOK_NATIVEQUOTE 
	top:  top.PARSER_TOK_SCENARIO PARSER_TOK_LCB sceninit PARSER_TOK_SEMI scentranss PARSER_TOK_RCB 
	top:  top.specimpl PARSER_TOK_LCB top PARSER_TOK_RCB 
	top:  top.PARSER_TOK_STATE SYMBOLx PARSER_TOK_EQ state_expr 
	top:  top.PARSER_TOK_ASSERT SYMBOLx PARSER_TOK_ARROW assert_rhs 
	optexplicit: .    (136)
	optfinite: .    (229)
	optimpex: .    (303)
	opttrusted: .    (281)

	PARSER_TOK_NATIVEQUOTE  shift 42
	PARSER_TOK_RCB  shift 862
	PARSER_TOK_ASSERT  shift 46
	PARSER_TOK_VAR  shift 60
	PARSER_TOK_UNPROVABLE  shift 6
	PARSER_TOK_PROOF  shift 13
	PARSER_TOK_INSTANTIATE  shift 14
	PARSER_TOK_RELATION  shift 17
	PARSER_TOK_INDIV  shift 59
	PARSER_TOK_FUNCTION  shift 18
	PARSER_TOK_DERIVED  shift 19
	PARSER_TOK_CONJECTURE  shift 5
	PARSER_TOK_SCHEMA  shift 11
	PARSER_TOK_THEOREM  shift 12
	PARSER_TOK_TYPE  reduce 229 (src line 3066)
	PARSER_TOK_MODULE  shift 7
	PARSER_TOK_OBJECT  shift 8
	PARSER_TOK_CLASS  shift 9
	PARSER_TOK_SUBCLASS  shift 10
	PARSER_TOK_ACTION  reduce 303 (src line 3571)
	PARSER_TOK_METHOD  reduce 303 (src line 3571)
	PARSER_TOK_BEFORE  shift 29
	PARSER_TOK_AFTER  shift 30
	PARSER_TOK_AROUND  shift 31
	PARSER_TOK_MIXIN  shift 28
	PARSER_TOK_IMPLEMENT  shift 32
	PARSER_TOK_ISOLATE  reduce 281 (src line 3405)
	PARSER_TOK_EXTRACT  shift 34
	PARSER_TOK_TRUSTED  shift 53
	PARSER_TOK_EXPORT  shift 35
	PARSER_TOK_IMPORT  shift 36
	PARSER_TOK_DELEGATE  shift 37
	PARSER_TOK_USING  shift 2
	PARSER_TOK_INCLUDE  shift 3
	PARSER_TOK_INTERPRET  shift 38
	PARSER_TOK_MACRO  shift 26
	PARSER_TOK_ALIAS  shift 39
	PARSER_TOK_ATTRIBUTE  shift 40
	PARSER_TOK_VARIANT  shift 41
	PARSER_TOK_SCENARIO  shift 43
	PARSER_TOK_PROGRESS  shift 21
	PARSER_TOK_RELY  shift 22
	PARSER_TOK_MIXORD  shift 23
	PARSER_TOK_CONCEPT  shift 24
	PARSER_TOK_STATE  shift 45
	PARSER_TOK_UPDATE  shift 25
	PARSER_TOK_EXPLICIT  shift 47
	PARSER_TOK_SPECIFICATION  shift 54
	PARSER_TOK_IMPLEMENTATION  shift 55
	PARSER_TOK_PRIVATE  shift 56
	PARSER_TOK_GLOBAL  shift 57
	PARSER_TOK_COMMON  shift 58
	PARSER_TOK_GHOST  reduce 229 (src line 3066)
	PARSER_TOK_FINITE  shift 52
	PARSER_TOK_PARAMETER  shift 61
	PARSER_TOK_DESTRUCTOR  shift 49
	PARSER_TOK_CONSTRUCTOR  shift 51
	PARSER_TOK_FIELD  shift 50
	PARSER_TOK_AUTOINSTANCE  shift 15
	.  reduce 136 (src line 2344)

	optexplicit  goto 4
	symdecl  goto 16
	constantdecl  goto 48
	optfinite  goto 20
	optimpex  goto 27
	opttrusted  goto 33
	specimpl  goto 44

state 776
	top:  top.PARSER_TOK_USING SYMBOLx 
	top:  top.PARSER_TOK_INCLUDE SYMBOLx 
	top:  top.optexplicit opttemporal PARSER_TOK_AXIOM lgprop 
	top:  top.optexplicit opttemporal PARSER_TOK_PROPERTY labeledfmla optskolem optproof 
	top:  top.PARSER_TOK_CONJECTURE labeledfmla 
	top:  top.optexplicit PARSER_TOK_INVARIANT labeledfmla optproof 
	top:  top.PARSER_TOK_UNPROVABLE PARSER_TOK_INVARIANT labeledfmla optproof 
	top:  top.PARSER_TOK_MODULE modulestart modcat atom optwith PARSER_TOK_EQ PARSER_TOK_LCB top PARSER_TOK_RCB moduleend 
	top:  top.PARSER_TOK_OBJECT objsym objectargs PARSER_TOK_EQ PARSER_TOK_LCB optdotdotdot top PARSER_TOK_RCB objectend 
	top:  top.PARSER_TOK_CLASS objsym objectargs PARSER_TOK_EQ PARSER_TOK_LCB optdotdotdot top PARSER_TOK_RCB objectend 
	top:  top PARSER_TOK_CLASS objsym objectargs PARSER_TOK_EQ PARSER_TOK_LCB optdotdotdot top.PARSER_TOK_RCB objectend 
	top:  top.PARSER_TOK_SUBCLASS objsym PARSER_TOK_OF atype PARSER_TOK_EQ PARSER_TOK_LCB optdotdotdot top PARSER_TOK_RCB objectend 
	top:  top.optexplicit PARSER_TOK_DEFINITION optlabel gdefn optproof 
	top:  top.PARSER_TOK_SCHEMA schdefn 
	top:  top.PARSER_TOK_THEOREM schdefn optproof 
	top:  top.PARSER_TOK_THEOREM labelname schdefnrhs optproof 
	top:  top.PARSER_TOK_PROOF labelname proofstep 
	top:  top.PARSER_TOK_INSTANTIATE insts 
	top:  top.PARSER_TOK_AUTOINSTANCE insts 
	top:  top.symdecl 
	top:  top.PARSER_TOK_RELATION rels 
	top:  top.PARSER_TOK_FUNCTION funs 
	top:  top.PARSER_TOK_DERIVED defns 
	top:  top.optfinite optghost PARSER_TOK_TYPE typesymbol 
	top:  top.optfinite optghost PARSER_TOK_TYPE typesymbol PARSER_TOK_EQ sort 
	top:  top.PARSER_TOK_PROGRESS defns 
	top:  top.PARSER_TOK_RELY atom PARSER_TOK_ARROW atom 
	top:  top.PARSER_TOK_RELY atom 
	top:  top.PARSER_TOK_MIXORD callatom PARSER_TOK_ARROW callatom 
	top:  top.PARSER_TOK_CONCEPT cdefns 
	top:  top.PARSER_TOK_UPDATE apps PARSER_TOK_FROM apps upaxes 
	top:  top.PARSER_TOK_MACRO atom PARSER_TOK_EQ sequence 
	top:  top.optimpex actmeth SYMBOLx optargs optreturns optactiondef 
	top:  top.PARSER_TOK_MIXIN callatom PARSER_TOK_BEFORE callatom 
	top:  top.PARSER_TOK_MIXIN callatom PARSER_TOK_AFTER callatom 
	top:  top.PARSER_TOK_BEFORE atype optargs optreturns sequence 
	top:  top.PARSER_TOK_AFTER atype optargs optreturns topseq 
	top:  top.PARSER_TOK_AROUND atype optargs optreturns PARSER_TOK_LCB actseq optsemi PARSER_TOK_DOTDOTDOT actseq optsemi PARSER_TOK_RCB 
	top:  top.PARSER_TOK_AFTER PARSER_TOK_INIT optargs topseq 
	top:  top.PARSER_TOK_IMPLEMENT atype optargs optreturns topseq 
	top:  top.PARSER_TOK_IMPLEMENT PARSER_TOK_TYPE SYMBOLx PARSER_TOK_WITH SYMBOLx 
	top:  top.opttrusted PARSER_TOK_ISOLATE SYMBOLx optargs PARSER_TOK_EQ callatoms 
	top:  top.opttrusted PARSER_TOK_ISOLATE SYMBOLx optargs PARSER_TOK_EQ callatoms PARSER_TOK_WITH callatoms 
	top:  top.opttrusted PARSER_TOK_ISOLATE SYMBOLx optargs PARSER_TOK_EQ PARSER_TOK_LCB top PARSER_TOK_RCB optwith 
	top:  top.PARSER_TOK_EXTRACT objsym objectargs PARSER_TOK_EQ PARSER_TOK_LCB top PARSER_TOK_RCB optwith 
	top:  top.PARSER_TOK_EXTRACT objsym objectargs PARSER_TOK_EQ callatoms 
	top:  top.PARSER_TOK_EXPORT callatom 
	top:  top.PARSER_TOK_IMPORT callatom 
	top:  top.PARSER_TOK_DELEGATE callatoms optdelegee 
	top:  top.PARSER_TOK_INTERPRET oper PARSER_TOK_ARROW oper 
	top:  top.PARSER_TOK_INTERPRET oper PARSER_TOK_ARROW PARSER_TOK_LCB term PARSER_TOK_DOTS term PARSER_TOK_RCB 
	top:  top.PARSER_TOK_INTERPRET oper PARSER_TOK_ARROW PARSER_TOK_LCB SYMBOLx moresymbols PARSER_TOK_RCB 
	top:  top.PARSER_TOK_ALIAS SYMBOLx PARSER_TOK_EQ callatom 
	top:  top.PARSER_TOK_ATTRIBUTE callatom PARSER_TOK_EQ attributeval 
	top:  top.PARSER_TOK_VARIANT typesymbol PARSER_TOK_OF atype 
	top:  top.PARSER_TOK_VARIANT typesymbol PARSER_TOK_OF atype PARSER_TOK_EQ sort 
	top:  top.PARSER_TOK_NATIVEQUOTE 
	top:  top.PARSER_TOK_SCENARIO PARSER_TOK_LCB sceninit PARSER_TOK_SEMI scentranss PARSER_TOK_RCB 
	top:  top.specimpl PARSER_TOK_LCB top PARSER_TOK_RCB 
	top:  top.PARSER_TOK_STATE SYMBOLx PARSER_TOK_EQ state_expr 
	top:  top.PARSER_TOK_ASSERT SYMBOLx PARSER_TOK_ARROW assert_rhs 
	optexplicit: .    (136)
	optfinite: .    (229)
	optimpex: .    (303)
	opttrusted: .    (281)

	PARSER_TOK_NATIVEQUOTE  shift 42
	PARSER_TOK_RCB  shift 863
	PARSER_TOK_ASSERT  shift 46
	PARSER_TOK_VAR  shift 60
	PARSER_TOK_UNPROVABLE  shift 6
	PARSER_TOK_PROOF  shift 13
	PARSER_TOK_INSTANTIATE  shift 14
	PARSER_TOK_RELATION  shift 17
	PARSER_TOK_INDIV  shift 59
	PARSER_TOK_FUNCTION  shift 18
	PARSER_TOK_DERIVED  shift 19
	PARSER_TOK_CONJECTURE  shift 5
	PARSER_TOK_SCHEMA  shift 11
	PARSER_TOK_THEOREM  shift 12
	PARSER_TOK_TYPE  reduce 229 (src line 3066)
	PARSER_TOK_MODULE  shift 7
	PARSER_TOK_OBJECT  shift 8
	PARSER_TOK_CLASS  shift 9
	PARSER_TOK_SUBCLASS  shift 10
	PARSER_TOK_ACTION  reduce 303 (src line 3571)
	PARSER_TOK_METHOD  reduce 303 (src line 3571)
	PARSER_TOK_BEFORE  shift 29
	PARSER_TOK_AFTER  shift 30
	PARSER_TOK_AROUND  shift 31
	PARSER_TOK_MIXIN  shift 28
	PARSER_TOK_IMPLEMENT  shift 32
	PARSER_TOK_ISOLATE  reduce 281 (src line 3405)
	PARSER_TOK_EXTRACT  shift 34
	PARSER_TOK_TRUSTED  shift 53
	PARSER_TOK_EXPORT  shift 35
	PARSER_TOK_IMPORT  shift 36
	PARSER_TOK_DELEGATE  shift 37
	PARSER_TOK_USING  shift 2
	PARSER_TOK_INCLUDE  shift 3
	PARSER_TOK_INTERPRET  shift 38
	PARSER_TOK_MACRO  shift 26
	PARSER_TOK_ALIAS  shift 39
	PARSER_TOK_ATTRIBUTE  shift 40
	PARSER_TOK_VARIANT  shift 41
	PARSER_TOK_SCENARIO  shift 43
	PARSER_TOK_PROGRESS  shift 21
	PARSER_TOK_RELY  shift 22
	PARSER_TOK_MIXORD  shift 23
	PARSER_TOK_CONCEPT  shift 24
	PARSER_TOK_STATE  shift 45
	PARSER_TOK_UPDATE  shift 25
	PARSER_TOK_EXPLICIT  shift 47
	PARSER_TOK_SPECIFICATION  shift 54
	PARSER_TOK_IMPLEMENTATION  shift 55
	PARSER_TOK_PRIVATE  shift 56
	PARSER_TOK_GLOBAL  shift 57
	PARSER_TOK_COMMON  shift 58
	PARSER_TOK_GHOST  reduce 229 (src line 3066)
	PARSER_TOK_FINITE  shift 52
	PARSER_TOK_PARAMETER  shift 61
	PARSER_TOK_DESTRUCTOR  shift 49
	PARSER_TOK_CONSTRUCTOR  shift 51
	PARSER_TOK_FIELD  shift 50
	PARSER_TOK_AUTOINSTANCE  shift 15
	.  reduce 136 (src line 2344)

	optexplicit  goto 4
	symdecl  goto 16
	constantdecl  goto 48
	optfinite  goto 20
	optimpex  goto 27
	opttrusted  goto 33
	specimpl  goto 44

state 777
	top:  top PARSER_TOK_SUBCLASS objsym PARSER_TOK_OF atype PARSER_TOK_EQ PARSER_TOK_LCB optdotdotdot.top PARSER_TOK_RCB objectend 
	top: .    (1)

	.  reduce 1 (src line 667)

	top  goto 864

state 778
	schdecl:  optexplicit PARSER_TOK_PROPERTY lgprop.    (183)
	schconc:  optexplicit PARSER_TOK_PROPERTY lgprop.    (189)

	PARSER_TOK_RCB  reduce 189 (src line 2736)
	.  reduce 183 (src line 2690)


state 779
	schdecl:  PARSER_TOK_FRESH PARSER_TOK_FUNCTION funs.    (177)
	funs:  funs.PARSER_TOK_COMMA fun 

	PARSER_TOK_COMMA  shift 281
	.  reduce 177 (src line 2651)


state 780
	schdecl:  PARSER_TOK_FRESH PARSER_TOK_INDIV funs.    (179)
	funs:  funs.PARSER_TOK_COMMA fun 

	PARSER_TOK_COMMA  shift 281
	.  reduce 179 (src line 2663)


state 781
	schdecl:  PARSER_TOK_FRESH PARSER_TOK_RELATION rels.    (181)
	rels:  rels.PARSER_TOK_COMMA rel 

	PARSER_TOK_COMMA  shift 278
	.  reduce 181 (src line 2675)


state 782
	matches:  matches.PARSER_TOK_COMMA match 
	proofstep:  PARSER_TOK_APPLY atype optrenaming PARSER_TOK_WITH matches.    (447)

	PARSER_TOK_COMMA  shift 865
	.  reduce 447 (src line 4934)


state 783
	matches:  match.    (432)

	.  reduce 432 (src line 4818)


state 784
	match:  defn.    (430)

	.  reduce 430 (src line 4803)


state 785
	match:  var.PARSER_TOK_EQ fmla 

	PARSER_TOK_EQ  shift 866
	.  error


state 786
	renaminglist:  renaminglist PARSER_TOK_COMMA.renamingitem 

	PARSER_TOK_PRESYMBOL  shift 63
	PARSER_TOK_VARIABLE  shift 678
	.  error

	SYMBOLx  goto 679
	renamingitem  goto 867

state 787
	renaming:  PARSER_TOK_LT renaminglist PARSER_TOK_GT.    (440)

	.  reduce 440 (src line 4871)


state 788
	renamingitem:  PARSER_TOK_VARIABLE PARSER_TOK_DIV.PARSER_TOK_VARIABLE 

	PARSER_TOK_VARIABLE  shift 868
	.  error


state 789
	renamingitem:  SYMBOLx PARSER_TOK_DIV.SYMBOLx 

	PARSER_TOK_PRESYMBOL  shift 63
	.  error

	SYMBOLx  goto 869

state 790
	matches:  matches.PARSER_TOK_COMMA match 
	proofstep:  PARSER_TOK_ASSUME atype optrenaming PARSER_TOK_WITH matches.    (449)

	PARSER_TOK_COMMA  shift 865
	.  reduce 449 (src line 4954)


state 791
	matches:  matches.PARSER_TOK_COMMA match 
	proofstep:  PARSER_TOK_INSTANTIATE atype optrenaming PARSER_TOK_WITH matches.    (453)

	PARSER_TOK_COMMA  shift 865
	.  reduce 453 (src line 5001)


state 792
	proofstep:  PARSER_TOK_INSTANTIATE labelname atype optrenaming PARSER_TOK_WITH.matches 

	PARSER_TOK_PRESYMBOL  shift 63
	PARSER_TOK_VARIABLE  shift 88
	PARSER_TOK_LPAREN  shift 98
	.  error

	var  goto 785
	SYMBOLx  goto 99
	defn  goto 784
	defnlhs  goto 116
	typeddefn  goto 112
	dotsym  goto 97
	match  goto 783
	matches  goto 870

state 793
	tacticwithlist:  tacticwithlist.tacticwithelem 
	opttacticwith:  PARSER_TOK_WITH PARSER_TOK_LCB tacticwithlist.PARSER_TOK_RCB 

	PARSER_TOK_RCB  shift 871
	PARSER_TOK_INVARIANT  shift 689
	PARSER_TOK_DEFINITION  shift 690
	PARSER_TOK_TRIGGER  shift 691
	.  error

	tacticwithelem  goto 794

state 794
	tacticwithlist:  tacticwithlist tacticwithelem.    (418)

	.  reduce 418 (src line 4719)


state 795
	tacticwithelem:  PARSER_TOK_INVARIANT labeledfmla.    (414)

	.  reduce 414 (src line 4687)


state 796
	tacticwithelem:  PARSER_TOK_DEFINITION typeddefn.PARSER_TOK_EQ fmla 

	PARSER_TOK_EQ  shift 872
	.  error


state 797
	atype:  atype.PARSER_TOK_DOT SYMBOLx 
	tacticwithelem:  PARSER_TOK_TRIGGER atype.PARSER_TOK_WITH terms 

	PARSER_TOK_DOT  shift 304
	PARSER_TOK_WITH  shift 873
	.  error


state 798
	proofstep:  opttemporal PARSER_TOK_PROPERTY labeledfmla optskolem optproofgroup.    (459)

	.  reduce 459 (src line 5055)


state 799
	proofstep:  PARSER_TOK_IF fmla proofgroup PARSER_TOK_ELSE proofgroup.    (464)

	.  reduce 464 (src line 5107)


state 800
	unfspecs:  unfspecs PARSER_TOK_COMMA unfspec.    (445)

	.  reduce 445 (src line 4913)


state 801
	renamings:  renamings renaming.    (442)

	.  reduce 442 (src line 4889)


state 802
	somevarfmla:  PARSER_TOK_SOME simplevar PARSER_TOK_DOT fmla.optin optelse 
	optin: .    (170)

	PARSER_TOK_IN  shift 875
	.  reduce 170 (src line 2599)

	optin  goto 874

state 803
	SYMBOLx:  SYMBOLx.PARSER_TOK_LB SYMsubscr PARSER_TOK_RB 
	sort:  PARSER_TOK_LCB SYMBOLx.PARSER_TOK_RCB 
	sort:  PARSER_TOK_LCB SYMBOLx.PARSER_TOK_COMMA names PARSER_TOK_RCB 
	sort:  PARSER_TOK_LCB SYMBOLx.PARSER_TOK_DOTS SYMBOLx PARSER_TOK_RCB 

	PARSER_TOK_LB  shift 189
	PARSER_TOK_RCB  shift 876
	PARSER_TOK_COMMA  shift 877
	PARSER_TOK_DOTS  shift 878
	.  error


state 804
	sort:  PARSER_TOK_STRUCT PARSER_TOK_LCB.tterms PARSER_TOK_RCB 
	sort:  PARSER_TOK_STRUCT PARSER_TOK_LCB.PARSER_TOK_RCB 

	PARSER_TOK_PRESYMBOL  shift 63
	PARSER_TOK_LPAREN  shift 182
	PARSER_TOK_RCB  shift 880
	.  error

	SYMBOLx  goto 181
	tapp  goto 180
	tterm  goto 179
	tterms  goto 879

state 805
	tterms:  tterms.PARSER_TOK_COMMA tterm 
	upax:  PARSER_TOK_PARAMS tterms.PARSER_TOK_IN action PARSER_TOK_ARROW requires ensures 

	PARSER_TOK_COMMA  shift 324
	PARSER_TOK_IN  shift 881
	.  error


state 806
	sequence:  PARSER_TOK_LCB actseq PARSER_TOK_SEMI PARSER_TOK_RCB.    (342)

	.  reduce 342 (src line 3883)


state 807
	actseqrev:  simpleact PARSER_TOK_SEMI actseqrev.    (346)

	.  reduce 346 (src line 3923)


state 808
	actseqrev:  complexact PARSER_TOK_SEMI actseqrev.    (349)

	.  reduce 349 (src line 3938)


state 809
	simpleact:  optunprovable PARSER_TOK_ASSERT labeledfmla.    (354)
	simpleact:  optunprovable PARSER_TOK_ASSERT labeledfmla.PARSER_TOK_PROOF proofstep 

	PARSER_TOK_PROOF  shift 882
	.  reduce 354 (src line 3977)


state 810
	simpleact:  optunprovable PARSER_TOK_REQUIRE labeledfmla.    (356)
	simpleact:  optunprovable PARSER_TOK_REQUIRE labeledfmla.PARSER_TOK_PROOF proofstep 

	PARSER_TOK_PROOF  shift 883
	.  reduce 356 (src line 4010)


state 811
	simpleact:  optunprovable PARSER_TOK_ENSURE labeledfmla.    (358)
	simpleact:  optunprovable PARSER_TOK_ENSURE labeledfmla.PARSER_TOK_PROOF proofstep 

	PARSER_TOK_PROOF  shift 884
	.  reduce 358 (src line 4044)


state 812
	simpleact:  term PARSER_TOK_ASSIGN fmla.    (360)

	.  reduce 360 (src line 4078)


state 813
	simpleact:  term PARSER_TOK_ASSIGN PARSER_TOK_TIMES.    (362)

	.  reduce 362 (src line 4094)


state 814
	callatom:  callatom.PARSER_TOK_DOT callatom 
	simpleact:  termtuple PARSER_TOK_ASSIGN callatom.    (361)

	PARSER_TOK_DOT  shift 288
	.  reduce 361 (src line 4086)


state 815
	simpleact:  PARSER_TOK_VAR tterm optinit.    (363)

	.  reduce 363 (src line 4102)


state 816
	optinit:  PARSER_TOK_ASSIGN.fmla 

	PARSER_TOK_PRESYMBOL  shift 63
	PARSER_TOK_VARIABLE  shift 88
	PARSER_TOK_LPAREN  shift 78
	PARSER_TOK_TILDA  shift 81
	PARSER_TOK_DOLLAR  shift 86
	PARSER_TOK_FORALL  shift 82
	PARSER_TOK_EXISTS  shift 83
	PARSER_TOK_TRUE  shift 79
	PARSER_TOK_FALSE  shift 80
	PARSER_TOK_OLD  shift 77
	PARSER_TOK_GLOBALLY  shift 84
	PARSER_TOK_EVENTUALLY  shift 85
	.  error

	term  goto 72
	fmla  goto 885
	appelem  goto 75
	var  goto 76
	SYMBOLx  goto 87

state 817
	callatom:  callatom.PARSER_TOK_DOT callatom 
	simpleact:  PARSER_TOK_CALL optactualreturns callatom.    (364)

	PARSER_TOK_DOT  shift 288
	.  reduce 364 (src line 4113)


state 818
	optactualreturns:  callatoms PARSER_TOK_ASSIGN.    (288)

	.  reduce 288 (src line 3450)


state 819
	lit:  SYMBOLx PARSER_TOK_EQ.SYMBOLx 

	PARSER_TOK_PRESYMBOL  shift 63
	.  error

	SYMBOLx  goto 886

state 820
	lit:  SYMBOLx PARSER_TOK_TILDAEQ.SYMBOLx 

	PARSER_TOK_PRESYMBOL  shift 63
	.  error

	SYMBOLx  goto 887

state 821
	lit:  PARSER_TOK_TILDA lit.    (262)

	.  reduce 262 (src line 3247)


state 822
	simpleact:  PARSER_TOK_DEBUG SYMBOLx optdebugargs.    (368)

	.  reduce 368 (src line 4144)


state 823
	optdebugargs:  PARSER_TOK_WITH.debugargs 

	PARSER_TOK_PRESYMBOL  shift 63
	.  error

	SYMBOLx  goto 890
	debugarg  goto 889
	debugargs  goto 888

state 824
	complexact:  PARSER_TOK_IF somefmla sequence.    (377)
	complexact:  PARSER_TOK_IF somefmla sequence.PARSER_TOK_ELSE action 

	PARSER_TOK_ELSE  shift 891
	.  reduce 377 (src line 4229)


state 825
	complexact:  PARSER_TOK_IF PARSER_TOK_TIMES sequence.PARSER_TOK_ELSE action 

	PARSER_TOK_ELSE  shift 892
	.  error


state 826
	somefmla:  fmla PARSER_TOK_ASSIGN.fmla 

	PARSER_TOK_PRESYMBOL  shift 63
	PARSER_TOK_VARIABLE  shift 88
	PARSER_TOK_LPAREN  shift 78
	PARSER_TOK_TILDA  shift 81
	PARSER_TOK_DOLLAR  shift 86
	PARSER_TOK_FORALL  shift 82
	PARSER_TOK_EXISTS  shift 83
	PARSER_TOK_TRUE  shift 79
	PARSER_TOK_FALSE  shift 80
	PARSER_TOK_OLD  shift 77
	PARSER_TOK_GLOBALLY  shift 84
	PARSER_TOK_EVENTUALLY  shift 85
	.  error

	term  goto 72
	fmla  goto 893
	appelem  goto 75
	var  goto 76
	SYMBOLx  goto 87

state 827
	somefmla:  PARSER_TOK_SOME bounds.fmla 
	somefmla:  PARSER_TOK_SOME bounds.fmla PARSER_TOK_MINIMIZING term 
	somefmla:  PARSER_TOK_SOME bounds.fmla PARSER_TOK_MAXIMIZING term 

	PARSER_TOK_PRESYMBOL  shift 63
	PARSER_TOK_VARIABLE  shift 88
	PARSER_TOK_LPAREN  shift 78
	PARSER_TOK_TILDA  shift 81
	PARSER_TOK_DOLLAR  shift 86
	PARSER_TOK_FORALL  shift 82
	PARSER_TOK_EXISTS  shift 83
	PARSER_TOK_TRUE  shift 79
	PARSER_TOK_FALSE  shift 80
	PARSER_TOK_OLD  shift 77
	PARSER_TOK_GLOBALLY  shift 84
	PARSER_TOK_EVENTUALLY  shift 85
	.  error

	term  goto 72
	fmla  goto 894
	appelem  goto 75
	var  goto 76
	SYMBOLx  goto 87

state 828
	params:  params.PARSER_TOK_COMMA param 
	bounds:  params.PARSER_TOK_DOT 

	PARSER_TOK_COMMA  shift 895
	PARSER_TOK_DOT  shift 896
	.  error


state 829
	bounds:  PARSER_TOK_LPAREN.lparams PARSER_TOK_RPAREN 

	PARSER_TOK_PRESYMBOL  shift 63
	PARSER_TOK_CARET  shift 251
	.  error

	SYMBOLx  goto 250
	lparam  goto 382
	lparams  goto 897

state 830
	params:  param.    (290)

	.  reduce 290 (src line 3468)


state 831
	SYMBOLx:  SYMBOLx.PARSER_TOK_LB SYMsubscr PARSER_TOK_RB 
	param:  SYMBOLx.PARSER_TOK_COLON SYMBOLx 

	PARSER_TOK_LB  shift 189
	PARSER_TOK_COLON  shift 898
	.  error


state 832
	complexact:  PARSER_TOK_WHILE somefmla invariants.decreases sequence 
	invariants:  invariants.PARSER_TOK_INVARIANT labeledfmla 
	invariants:  invariants.PARSER_TOK_INVARIANT labeledfmla PARSER_TOK_PROOF proofstep 
	decreases: .    (395)

	PARSER_TOK_INVARIANT  shift 900
	PARSER_TOK_DECREASES  shift 901
	.  reduce 395 (src line 4513)

	decreases  goto 899

state 833
	complexact:  PARSER_TOK_FOR tterm PARSER_TOK_COMMA.tterm PARSER_TOK_IN fmla invariants decreases sequence 

	PARSER_TOK_PRESYMBOL  shift 63
	PARSER_TOK_LPAREN  shift 182
	.  error

	SYMBOLx  goto 181
	tapp  goto 180
	tterm  goto 902

state 834
	complexact:  PARSER_TOK_LOCAL lparams sequence.    (382)

	.  reduce 382 (src line 4347)


state 835
	complexact:  PARSER_TOK_LET eqns sequence.    (383)

	.  reduce 383 (src line 4367)


state 836
	eqns:  eqns PARSER_TOK_COMMA.eqn 

	PARSER_TOK_PRESYMBOL  shift 63
	.  error

	SYMBOLx  goto 747
	eqn  goto 903

state 837
	eqn:  SYMBOLx PARSER_TOK_EQ.SYMBOLx 

	PARSER_TOK_PRESYMBOL  shift 63
	.  error

	SYMBOLx  goto 904

state 838
	SYMBOLx:  SYMBOLx.PARSER_TOK_LB SYMsubscr PARSER_TOK_RB 
	complexact:  PARSER_TOK_THUNK labelname SYMBOLx.optargs PARSER_TOK_COLON atype PARSER_TOK_ASSIGN sequence 
	optargs: .    (283)

	PARSER_TOK_LPAREN  shift 241
	PARSER_TOK_LB  shift 189
	.  reduce 283 (src line 3418)

	optargs  goto 905

state 839
	termtuple:  PARSER_TOK_LPAREN term PARSER_TOK_COMMA.terms PARSER_TOK_RPAREN 
	terms: .    (82)

	PARSER_TOK_PRESYMBOL  shift 63
	PARSER_TOK_VARIABLE  shift 88
	PARSER_TOK_LPAREN  shift 78
	PARSER_TOK_TILDA  shift 81
	PARSER_TOK_DOLLAR  shift 86
	PARSER_TOK_FORALL  shift 82
	PARSER_TOK_EXISTS  shift 83
	PARSER_TOK_TRUE  shift 79
	PARSER_TOK_FALSE  shift 80
	PARSER_TOK_OLD  shift 77
	PARSER_TOK_GLOBALLY  shift 84
	PARSER_TOK_EVENTUALLY  shift 85
	.  reduce 82 (src line 1867)

	term  goto 376
	appelem  goto 75
	var  goto 76
	terms  goto 906
	SYMBOLx  goto 87

state 840
	optactiondef:  PARSER_TOK_EQ topseq.    (299)

	.  reduce 299 (src line 3541)


state 841
	optactiondef:  PARSER_TOK_EQ PARSER_TOK_TIMES.    (300)

	.  reduce 300 (src line 3546)


state 842
	optreturns:  PARSER_TOK_RETURNS PARSER_TOK_LPAREN lparams PARSER_TOK_RPAREN.    (286)

	.  reduce 286 (src line 3437)


state 843
	top:  top PARSER_TOK_AROUND atype optargs optreturns PARSER_TOK_LCB actseq optsemi.PARSER_TOK_DOTDOTDOT actseq optsemi PARSER_TOK_RCB 

	PARSER_TOK_DOTDOTDOT  shift 907
	.  error


state 844
	top:  top opttrusted PARSER_TOK_ISOLATE SYMBOLx optargs PARSER_TOK_EQ callatoms PARSER_TOK_WITH.callatoms 

	PARSER_TOK_PRESYMBOL  shift 63
	PARSER_TOK_THIS  shift 126
	PARSER_TOK_METHOD  shift 127
	.  error

	SYMBOLx  goto 123
	atom  goto 125
	callatom  goto 153
	callatoms  goto 908

state 845
	top:  top.PARSER_TOK_USING SYMBOLx 
	top:  top.PARSER_TOK_INCLUDE SYMBOLx 
	top:  top.optexplicit opttemporal PARSER_TOK_AXIOM lgprop 
	top:  top.optexplicit opttemporal PARSER_TOK_PROPERTY labeledfmla optskolem optproof 
	top:  top.PARSER_TOK_CONJECTURE labeledfmla 
	top:  top.optexplicit PARSER_TOK_INVARIANT labeledfmla optproof 
	top:  top.PARSER_TOK_UNPROVABLE PARSER_TOK_INVARIANT labeledfmla optproof 
	top:  top.PARSER_TOK_MODULE modulestart modcat atom optwith PARSER_TOK_EQ PARSER_TOK_LCB top PARSER_TOK_RCB moduleend 
	top:  top.PARSER_TOK_OBJECT objsym objectargs PARSER_TOK_EQ PARSER_TOK_LCB optdotdotdot top PARSER_TOK_RCB objectend 
	top:  top.PARSER_TOK_CLASS objsym objectargs PARSER_TOK_EQ PARSER_TOK_LCB optdotdotdot top PARSER_TOK_RCB objectend 
	top:  top.PARSER_TOK_SUBCLASS objsym PARSER_TOK_OF atype PARSER_TOK_EQ PARSER_TOK_LCB optdotdotdot top PARSER_TOK_RCB objectend 
	top:  top.optexplicit PARSER_TOK_DEFINITION optlabel gdefn optproof 
	top:  top.PARSER_TOK_SCHEMA schdefn 
	top:  top.PARSER_TOK_THEOREM schdefn optproof 
	top:  top.PARSER_TOK_THEOREM labelname schdefnrhs optproof 
	top:  top.PARSER_TOK_PROOF labelname proofstep 
	top:  top.PARSER_TOK_INSTANTIATE insts 
	top:  top.PARSER_TOK_AUTOINSTANCE insts 
	top:  top.symdecl 
	top:  top.PARSER_TOK_RELATION rels 
	top:  top.PARSER_TOK_FUNCTION funs 
	top:  top.PARSER_TOK_DERIVED defns 
	top:  top.optfinite optghost PARSER_TOK_TYPE typesymbol 
	top:  top.optfinite optghost PARSER_TOK_TYPE typesymbol PARSER_TOK_EQ sort 
	top:  top.PARSER_TOK_PROGRESS defns 
	top:  top.PARSER_TOK_RELY atom PARSER_TOK_ARROW atom 
	top:  top.PARSER_TOK_RELY atom 
	top:  top.PARSER_TOK_MIXORD callatom PARSER_TOK_ARROW callatom 
	top:  top.PARSER_TOK_CONCEPT cdefns 
	top:  top.PARSER_TOK_UPDATE apps PARSER_TOK_FROM apps upaxes 
	top:  top.PARSER_TOK_MACRO atom PARSER_TOK_EQ sequence 
	top:  top.optimpex actmeth SYMBOLx optargs optreturns optactiondef 
	top:  top.PARSER_TOK_MIXIN callatom PARSER_TOK_BEFORE callatom 
	top:  top.PARSER_TOK_MIXIN callatom PARSER_TOK_AFTER callatom 
	top:  top.PARSER_TOK_BEFORE atype optargs optreturns sequence 
	top:  top.PARSER_TOK_AFTER atype optargs optreturns topseq 
	top:  top.PARSER_TOK_AROUND atype optargs optreturns PARSER_TOK_LCB actseq optsemi PARSER_TOK_DOTDOTDOT actseq optsemi PARSER_TOK_RCB 
	top:  top.PARSER_TOK_AFTER PARSER_TOK_INIT optargs topseq 
	top:  top.PARSER_TOK_IMPLEMENT atype optargs optreturns topseq 
	top:  top.PARSER_TOK_IMPLEMENT PARSER_TOK_TYPE SYMBOLx PARSER_TOK_WITH SYMBOLx 
	top:  top.opttrusted PARSER_TOK_ISOLATE SYMBOLx optargs PARSER_TOK_EQ callatoms 
	top:  top.opttrusted PARSER_TOK_ISOLATE SYMBOLx optargs PARSER_TOK_EQ callatoms PARSER_TOK_WITH callatoms 
	top:  top.opttrusted PARSER_TOK_ISOLATE SYMBOLx optargs PARSER_TOK_EQ PARSER_TOK_LCB top PARSER_TOK_RCB optwith 
	top:  top opttrusted PARSER_TOK_ISOLATE SYMBOLx optargs PARSER_TOK_EQ PARSER_TOK_LCB top.PARSER_TOK_RCB optwith 
	top:  top.PARSER_TOK_EXTRACT objsym objectargs PARSER_TOK_EQ PARSER_TOK_LCB top PARSER_TOK_RCB optwith 
	top:  top.PARSER_TOK_EXTRACT objsym objectargs PARSER_TOK_EQ callatoms 
	top:  top.PARSER_TOK_EXPORT callatom 
	top:  top.PARSER_TOK_IMPORT callatom 
	top:  top.PARSER_TOK_DELEGATE callatoms optdelegee 
	top:  top.PARSER_TOK_INTERPRET oper PARSER_TOK_ARROW oper 
	top:  top.PARSER_TOK_INTERPRET oper PARSER_TOK_ARROW PARSER_TOK_LCB term PARSER_TOK_DOTS term PARSER_TOK_RCB 
	top:  top.PARSER_TOK_INTERPRET oper PARSER_TOK_ARROW PARSER_TOK_LCB SYMBOLx moresymbols PARSER_TOK_RCB 
	top:  top.PARSER_TOK_ALIAS SYMBOLx PARSER_TOK_EQ callatom 
	top:  top.PARSER_TOK_ATTRIBUTE callatom PARSER_TOK_EQ attributeval 
	top:  top.PARSER_TOK_VARIANT typesymbol PARSER_TOK_OF atype 
	top:  top.PARSER_TOK_VARIANT typesymbol PARSER_TOK_OF atype PARSER_TOK_EQ sort 
	top:  top.PARSER_TOK_NATIVEQUOTE 
	top:  top.PARSER_TOK_SCENARIO PARSER_TOK_LCB sceninit PARSER_TOK_SEMI scentranss PARSER_TOK_RCB 
	top:  top.specimpl PARSER_TOK_LCB top PARSER_TOK_RCB 
	top:  top.PARSER_TOK_STATE SYMBOLx PARSER_TOK_EQ state_expr 
	top:  top.PARSER_TOK_ASSERT SYMBOLx PARSER_TOK_ARROW assert_rhs 
	optexplicit: .    (136)
	optfinite: .    (229)
	optimpex: .    (303)
	opttrusted: .    (281)

	PARSER_TOK_NATIVEQUOTE  shift 42
	PARSER_TOK_RCB  shift 909
	PARSER_TOK_ASSERT  shift 46
	PARSER_TOK_VAR  shift 60
	PARSER_TOK_UNPROVABLE  shift 6
	PARSER_TOK_PROOF  shift 13
	PARSER_TOK_INSTANTIATE  shift 14
	PARSER_TOK_RELATION  shift 17
	PARSER_TOK_INDIV  shift 59
	PARSER_TOK_FUNCTION  shift 18
	PARSER_TOK_DERIVED  shift 19
	PARSER_TOK_CONJECTURE  shift 5
	PARSER_TOK_SCHEMA  shift 11
	PARSER_TOK_THEOREM  shift 12
	PARSER_TOK_TYPE  reduce 229 (src line 3066)
	PARSER_TOK_MODULE  shift 7
	PARSER_TOK_OBJECT  shift 8
	PARSER_TOK_CLASS  shift 9
	PARSER_TOK_SUBCLASS  shift 10
	PARSER_TOK_ACTION  reduce 303 (src line 3571)
	PARSER_TOK_METHOD  reduce 303 (src line 3571)
	PARSER_TOK_BEFORE  shift 29
	PARSER_TOK_AFTER  shift 30
	PARSER_TOK_AROUND  shift 31
	PARSER_TOK_MIXIN  shift 28
	PARSER_TOK_IMPLEMENT  shift 32
	PARSER_TOK_ISOLATE  reduce 281 (src line 3405)
	PARSER_TOK_EXTRACT  shift 34
	PARSER_TOK_TRUSTED  shift 53
	PARSER_TOK_EXPORT  shift 35
	PARSER_TOK_IMPORT  shift 36
	PARSER_TOK_DELEGATE  shift 37
	PARSER_TOK_USING  shift 2
	PARSER_TOK_INCLUDE  shift 3
	PARSER_TOK_INTERPRET  shift 38
	PARSER_TOK_MACRO  shift 26
	PARSER_TOK_ALIAS  shift 39
	PARSER_TOK_ATTRIBUTE  shift 40
	PARSER_TOK_VARIANT  shift 41
	PARSER_TOK_SCENARIO  shift 43
	PARSER_TOK_PROGRESS  shift 21
	PARSER_TOK_RELY  shift 22
	PARSER_TOK_MIXORD  shift 23
	PARSER_TOK_CONCEPT  shift 24
	PARSER_TOK_STATE  shift 45
	PARSER_TOK_UPDATE  shift 25
	PARSER_TOK_EXPLICIT  shift 47
	PARSER_TOK_SPECIFICATION  shift 54
	PARSER_TOK_IMPLEMENTATION  shift 55
	PARSER_TOK_PRIVATE  shift 56
	PARSER_TOK_GLOBAL  shift 57
	PARSER_TOK_COMMON  shift 58
	PARSER_TOK_GHOST  reduce 229 (src line 3066)
	PARSER_TOK_FINITE  shift 52
	PARSER_TOK_PARAMETER  shift 61
	PARSER_TOK_DESTRUCTOR  shift 49
	PARSER_TOK_CONSTRUCTOR  shift 51
	PARSER_TOK_FIELD  shift 50
	PARSER_TOK_AUTOINSTANCE  shift 15
	.  reduce 136 (src line 2344)

	optexplicit  goto 4
	symdecl  goto 16
	constantdecl  goto 48
	optfinite  goto 20
	optimpex  goto 27
	opttrusted  goto 33
	specimpl  goto 44

state 846
	top:  top PARSER_TOK_EXTRACT objsym objectargs PARSER_TOK_EQ PARSER_TOK_LCB top PARSER_TOK_RCB.optwith 
	optwith: .    (292)

	PARSER_TOK_WITH  shift 532
	.  reduce 292 (src line 3481)

	optwith  goto 910

state 847
	top:  top PARSER_TOK_INTERPRET oper PARSER_TOK_ARROW PARSER_TOK_LCB term PARSER_TOK_DOTS term.PARSER_TOK_RCB 
	term:  term.PARSER_TOK_DOT appelem 
	term:  term.PARSER_TOK_PLUS term 
	term:  term.PARSER_TOK_MINUS term 
	term:  term.PARSER_TOK_TIMES term 
	term:  term.PARSER_TOK_DIV term 
	term:  term.PARSER_TOK_IF fmla PARSER_TOK_ELSE term 
	term:  term.PARSER_TOK_EQ term 
	term:  term.PARSER_TOK_LE term 
	term:  term.PARSER_TOK_LT term 
	term:  term.PARSER_TOK_GE term 
	term:  term.PARSER_TOK_GT term 
	term:  term.PARSER_TOK_PTO term 
	term:  term.PARSER_TOK_TILDAEQ term 
	term:  term.PARSER_TOK_AND term 
	term:  term.PARSER_TOK_OR term 
	term:  term.PARSER_TOK_ARROW term 
	term:  term.PARSER_TOK_IFF term 
	term:  term.PARSER_TOK_WHENNEXT term 
	term:  term.PARSER_TOK_WHENPREV term 
	term:  term.PARSER_TOK_WHENFIRST term 
	term:  term.PARSER_TOK_WHENLAST term 
	term:  term.PARSER_TOK_ISA atype 
	term:  term.PARSER_TOK_COLON atype 

	PARSER_TOK_RCB  shift 911
	PARSER_TOK_COLON  shift 218
	PARSER_TOK_DOT  shift 196
	PARSER_TOK_PLUS  shift 197
	PARSER_TOK_MINUS  shift 198
	PARSER_TOK_TIMES  shift 199
	PARSER_TOK_DIV  shift 200
	PARSER_TOK_EQ  shift 202
	PARSER_TOK_TILDAEQ  shift 208
	PARSER_TOK_LE  shift 203
	PARSER_TOK_LT  shift 204
	PARSER_TOK_GE  shift 205
	PARSER_TOK_GT  shift 206
	PARSER_TOK_AND  shift 209
	PARSER_TOK_OR  shift 210
	PARSER_TOK_ARROW  shift 211
	PARSER_TOK_IFF  shift 212
	PARSER_TOK_PTO  shift 207
	PARSER_TOK_ISA  shift 217
	PARSER_TOK_IF  shift 201
	PARSER_TOK_WHENNEXT  shift 213
	PARSER_TOK_WHENPREV  shift 214
	PARSER_TOK_WHENFIRST  shift 215
	PARSER_TOK_WHENLAST  shift 216
	.  error


state 848
	top:  top PARSER_TOK_INTERPRET oper PARSER_TOK_ARROW PARSER_TOK_LCB SYMBOLx moresymbols PARSER_TOK_RCB.    (52)

	.  reduce 52 (src line 1548)


state 849
	moresymbols:  moresymbols PARSER_TOK_COMMA.SYMBOLx 

	PARSER_TOK_PRESYMBOL  shift 63
	.  error

	SYMBOLx  goto 912

state 850
	scentranss:  scentranss places PARSER_TOK_ARROW.places PARSER_TOK_COLON scenariomixin 
	scentrans:  places PARSER_TOK_ARROW.places PARSER_TOK_COLON scenariomixin 

	PARSER_TOK_PRESYMBOL  shift 63
	.  error

	SYMBOLx  goto 488
	places  goto 913

state 851
	scentranss:  scentranss places PARSER_TOK_COLON.scenariomixin 
	scentrans:  places PARSER_TOK_COLON.scenariomixin 

	PARSER_TOK_BEFORE  shift 915
	PARSER_TOK_AFTER  shift 916
	.  error

	scenariomixin  goto 914

state 852
	state_expr:  SYMBOLx PARSER_TOK_LPAREN state_expr PARSER_TOK_RPAREN.    (484)

	.  reduce 484 (src line 5248)


state 853
	state_expr:  PARSER_TOK_LCB requires modifies ensures.PARSER_TOK_RCB 

	PARSER_TOK_RCB  shift 917
	.  error


state 854
	ensures:  PARSER_TOK_ENSURES.fmla 

	PARSER_TOK_PRESYMBOL  shift 63
	PARSER_TOK_VARIABLE  shift 88
	PARSER_TOK_LPAREN  shift 78
	PARSER_TOK_TILDA  shift 81
	PARSER_TOK_DOLLAR  shift 86
	PARSER_TOK_FORALL  shift 82
	PARSER_TOK_EXISTS  shift 83
	PARSER_TOK_TRUE  shift 79
	PARSER_TOK_FALSE  shift 80
	PARSER_TOK_OLD  shift 77
	PARSER_TOK_GLOBALLY  shift 84
	PARSER_TOK_EVENTUALLY  shift 85
	.  error

	term  goto 72
	fmla  goto 918
	appelem  goto 75
	var  goto 76
	SYMBOLx  goto 87

state 855
	modifies:  PARSER_TOK_MODIFIES PARSER_TOK_LCB.PARSER_TOK_RCB 

	PARSER_TOK_RCB  shift 919
	.  error


state 856
	modifies:  PARSER_TOK_MODIFIES PARSER_TOK_TIMES.    (474)

	.  reduce 474 (src line 5182)


state 857
	atoms:  atoms.PARSER_TOK_COMMA atom 
	modifies:  PARSER_TOK_MODIFIES atoms.    (475)

	PARSER_TOK_COMMA  shift 920
	.  reduce 475 (src line 5187)


state 858
	atoms:  atom.    (252)

	.  reduce 252 (src line 3179)


state 859
	assert_rhs:  PARSER_TOK_LCB requires modifies ensures.PARSER_TOK_RCB 

	PARSER_TOK_RCB  shift 921
	.  error


state 860
	term:  PARSER_TOK_LPAREN PARSER_TOK_DOLLAR SYMBOLx simplevars PARSER_TOK_DOT fmla PARSER_TOK_RPAREN.PARSER_TOK_LPAREN terms PARSER_TOK_RPAREN 

	PARSER_TOK_LPAREN  shift 922
	.  error


state 861
	top:  top.PARSER_TOK_USING SYMBOLx 
	top:  top.PARSER_TOK_INCLUDE SYMBOLx 
	top:  top.optexplicit opttemporal PARSER_TOK_AXIOM lgprop 
	top:  top.optexplicit opttemporal PARSER_TOK_PROPERTY labeledfmla optskolem optproof 
	top:  top.PARSER_TOK_CONJECTURE labeledfmla 
	top:  top.optexplicit PARSER_TOK_INVARIANT labeledfmla optproof 
	top:  top.PARSER_TOK_UNPROVABLE PARSER_TOK_INVARIANT labeledfmla optproof 
	top:  top.PARSER_TOK_MODULE modulestart modcat atom optwith PARSER_TOK_EQ PARSER_TOK_LCB top PARSER_TOK_RCB moduleend 
	top:  top PARSER_TOK_MODULE modulestart modcat atom optwith PARSER_TOK_EQ PARSER_TOK_LCB top.PARSER_TOK_RCB moduleend 
	top:  top.PARSER_TOK_OBJECT objsym objectargs PARSER_TOK_EQ PARSER_TOK_LCB optdotdotdot top PARSER_TOK_RCB objectend 
	top:  top.PARSER_TOK_CLASS objsym objectargs PARSER_TOK_EQ PARSER_TOK_LCB optdotdotdot top PARSER_TOK_RCB objectend 
	top:  top.PARSER_TOK_SUBCLASS objsym PARSER_TOK_OF atype PARSER_TOK_EQ PARSER_TOK_LCB optdotdotdot top PARSER_TOK_RCB objectend 
	top:  top.optexplicit PARSER_TOK_DEFINITION optlabel gdefn optproof 
	top:  top.PARSER_TOK_SCHEMA schdefn 
	top:  top.PARSER_TOK_THEOREM schdefn optproof 
	top:  top.PARSER_TOK_THEOREM labelname schdefnrhs optproof 
	top:  top.PARSER_TOK_PROOF labelname proofstep 
	top:  top.PARSER_TOK_INSTANTIATE insts 
	top:  top.PARSER_TOK_AUTOINSTANCE insts 
	top:  top.symdecl 
	top:  top.PARSER_TOK_RELATION rels 
	top:  top.PARSER_TOK_FUNCTION funs 
	top:  top.PARSER_TOK_DERIVED defns 
	top:  top.optfinite optghost PARSER_TOK_TYPE typesymbol 
	top:  top.optfinite optghost PARSER_TOK_TYPE typesymbol PARSER_TOK_EQ sort 
	top:  top.PARSER_TOK_PROGRESS defns 
	top:  top.PARSER_TOK_RELY atom PARSER_TOK_ARROW atom 
	top:  top.PARSER_TOK_RELY atom 
	top:  top.PARSER_TOK_MIXORD callatom PARSER_TOK_ARROW callatom 
	top:  top.PARSER_TOK_CONCEPT cdefns 
	top:  top.PARSER_TOK_UPDATE apps PARSER_TOK_FROM apps upaxes 
	top:  top.PARSER_TOK_MACRO atom PARSER_TOK_EQ sequence 
	top:  top.optimpex actmeth SYMBOLx optargs optreturns optactiondef 
	top:  top.PARSER_TOK_MIXIN callatom PARSER_TOK_BEFORE callatom 
	top:  top.PARSER_TOK_MIXIN callatom PARSER_TOK_AFTER callatom 
	top:  top.PARSER_TOK_BEFORE atype optargs optreturns sequence 
	top:  top.PARSER_TOK_AFTER atype optargs optreturns topseq 
	top:  top.PARSER_TOK_AROUND atype optargs optreturns PARSER_TOK_LCB actseq optsemi PARSER_TOK_DOTDOTDOT actseq optsemi PARSER_TOK_RCB 
	top:  top.PARSER_TOK_AFTER PARSER_TOK_INIT optargs topseq 
	top:  top.PARSER_TOK_IMPLEMENT atype optargs optreturns topseq 
	top:  top.PARSER_TOK_IMPLEMENT PARSER_TOK_TYPE SYMBOLx PARSER_TOK_WITH SYMBOLx 
	top:  top.opttrusted PARSER_TOK_ISOLATE SYMBOLx optargs PARSER_TOK_EQ callatoms 
	top:  top.opttrusted PARSER_TOK_ISOLATE SYMBOLx optargs PARSER_TOK_EQ callatoms PARSER_TOK_WITH callatoms 
	top:  top.opttrusted PARSER_TOK_ISOLATE SYMBOLx optargs PARSER_TOK_EQ PARSER_TOK_LCB top PARSER_TOK_RCB optwith 
	top:  top.PARSER_TOK_EXTRACT objsym objectargs PARSER_TOK_EQ PARSER_TOK_LCB top PARSER_TOK_RCB optwith 
	top:  top.PARSER_TOK_EXTRACT objsym objectargs PARSER_TOK_EQ callatoms 
	top:  top.PARSER_TOK_EXPORT callatom 
	top:  top.PARSER_TOK_IMPORT callatom 
	top:  top.PARSER_TOK_DELEGATE callatoms optdelegee 
	top:  top.PARSER_TOK_INTERPRET oper PARSER_TOK_ARROW oper 
	top:  top.PARSER_TOK_INTERPRET oper PARSER_TOK_ARROW PARSER_TOK_LCB term PARSER_TOK_DOTS term PARSER_TOK_RCB 
	top:  top.PARSER_TOK_INTERPRET oper PARSER_TOK_ARROW PARSER_TOK_LCB SYMBOLx moresymbols PARSER_TOK_RCB 
	top:  top.PARSER_TOK_ALIAS SYMBOLx PARSER_TOK_EQ callatom 
	top:  top.PARSER_TOK_ATTRIBUTE callatom PARSER_TOK_EQ attributeval 
	top:  top.PARSER_TOK_VARIANT typesymbol PARSER_TOK_OF atype 
	top:  top.PARSER_TOK_VARIANT typesymbol PARSER_TOK_OF atype PARSER_TOK_EQ sort 
	top:  top.PARSER_TOK_NATIVEQUOTE 
	top:  top.PARSER_TOK_SCENARIO PARSER_TOK_LCB sceninit PARSER_TOK_SEMI scentranss PARSER_TOK_RCB 
	top:  top.specimpl PARSER_TOK_LCB top PARSER_TOK_RCB 
	top:  top.PARSER_TOK_STATE SYMBOLx PARSER_TOK_EQ state_expr 
	top:  top.PARSER_TOK_ASSERT SYMBOLx PARSER_TOK_ARROW assert_rhs 
	optexplicit: .    (136)
	optfinite: .    (229)
	optimpex: .    (303)
	opttrusted: .    (281)

	PARSER_TOK_NATIVEQUOTE  shift 42
	PARSER_TOK_RCB  shift 923
	PARSER_TOK_ASSERT  shift 46
	PARSER_TOK_VAR  shift 60
	PARSER_TOK_UNPROVABLE  shift 6
	PARSER_TOK_PROOF  shift 13
	PARSER_TOK_INSTANTIATE  shift 14
	PARSER_TOK_RELATION  shift 17
	PARSER_TOK_INDIV  shift 59
	PARSER_TOK_FUNCTION  shift 18
	PARSER_TOK_DERIVED  shift 19
	PARSER_TOK_CONJECTURE  shift 5
	PARSER_TOK_SCHEMA  shift 11
	PARSER_TOK_THEOREM  shift 12
	PARSER_TOK_TYPE  reduce 229 (src line 3066)
	PARSER_TOK_MODULE  shift 7
	PARSER_TOK_OBJECT  shift 8
	PARSER_TOK_CLASS  shift 9
	PARSER_TOK_SUBCLASS  shift 10
	PARSER_TOK_ACTION  reduce 303 (src line 3571)
	PARSER_TOK_METHOD  reduce 303 (src line 3571)
	PARSER_TOK_BEFORE  shift 29
	PARSER_TOK_AFTER  shift 30
	PARSER_TOK_AROUND  shift 31
	PARSER_TOK_MIXIN  shift 28
	PARSER_TOK_IMPLEMENT  shift 32
	PARSER_TOK_ISOLATE  reduce 281 (src line 3405)
	PARSER_TOK_EXTRACT  shift 34
	PARSER_TOK_TRUSTED  shift 53
	PARSER_TOK_EXPORT  shift 35
	PARSER_TOK_IMPORT  shift 36
	PARSER_TOK_DELEGATE  shift 37
	PARSER_TOK_USING  shift 2
	PARSER_TOK_INCLUDE  shift 3
	PARSER_TOK_INTERPRET  shift 38
	PARSER_TOK_MACRO  shift 26
	PARSER_TOK_ALIAS  shift 39
	PARSER_TOK_ATTRIBUTE  shift 40
	PARSER_TOK_VARIANT  shift 41
	PARSER_TOK_SCENARIO  shift 43
	PARSER_TOK_PROGRESS  shift 21
	PARSER_TOK_RELY  shift 22
	PARSER_TOK_MIXORD  shift 23
	PARSER_TOK_CONCEPT  shift 24
	PARSER_TOK_STATE  shift 45
	PARSER_TOK_UPDATE  shift 25
	PARSER_TOK_EXPLICIT  shift 47
	PARSER_TOK_SPECIFICATION  shift 54
	PARSER_TOK_IMPLEMENTATION  shift 55
	PARSER_TOK_PRIVATE  shift 56
	PARSER_TOK_GLOBAL  shift 57
	PARSER_TOK_COMMON  shift 58
	PARSER_TOK_GHOST  reduce 229 (src line 3066)
	PARSER_TOK_FINITE  shift 52
	PARSER_TOK_PARAMETER  shift 61
	PARSER_TOK_DESTRUCTOR  shift 49
	PARSER_TOK_CONSTRUCTOR  shift 51
	PARSER_TOK_FIELD  shift 50
	PARSER_TOK_AUTOINSTANCE  shift 15
	.  reduce 136 (src line 2344)

	optexplicit  goto 4
	symdecl  goto 16
	constantdecl  goto 48
	optfinite  goto 20
	optimpex  goto 27
	opttrusted  goto 33
	specimpl  goto 44

state 862
	top:  top PARSER_TOK_OBJECT objsym objectargs PARSER_TOK_EQ PARSER_TOK_LCB optdotdotdot top PARSER_TOK_RCB.objectend 
	objectend: .    (271)

	.  reduce 271 (src line 3327)

	objectend  goto 924

state 863
	top:  top PARSER_TOK_CLASS objsym objectargs PARSER_TOK_EQ PARSER_TOK_LCB optdotdotdot top PARSER_TOK_RCB.objectend 
	objectend: .    (271)

	.  reduce 271 (src line 3327)

	objectend  goto 925

state 864
	top:  top.PARSER_TOK_USING SYMBOLx 
	top:  top.PARSER_TOK_INCLUDE SYMBOLx 
	top:  top.optexplicit opttemporal PARSER_TOK_AXIOM lgprop 
	top:  top.optexplicit opttemporal PARSER_TOK_PROPERTY labeledfmla optskolem optproof 
	top:  top.PARSER_TOK_CONJECTURE labeledfmla 
	top:  top.optexplicit PARSER_TOK_INVARIANT labeledfmla optproof 
	top:  top.PARSER_TOK_UNPROVABLE PARSER_TOK_INVARIANT labeledfmla optproof 
	top:  top.PARSER_TOK_MODULE modulestart modcat atom optwith PARSER_TOK_EQ PARSER_TOK_LCB top PARSER_TOK_RCB moduleend 
	top:  top.PARSER_TOK_OBJECT objsym objectargs PARSER_TOK_EQ PARSER_TOK_LCB optdotdotdot top PARSER_TOK_RCB objectend 
	top:  top.PARSER_TOK_CLASS objsym objectargs PARSER_TOK_EQ PARSER_TOK_LCB optdotdotdot top PARSER_TOK_RCB objectend 
	top:  top.PARSER_TOK_SUBCLASS objsym PARSER_TOK_OF atype PARSER_TOK_EQ PARSER_TOK_LCB optdotdotdot top PARSER_TOK_RCB objectend 
	top:  top PARSER_TOK_SUBCLASS objsym PARSER_TOK_OF atype PARSER_TOK_EQ PARSER_TOK_LCB optdotdotdot top.PARSER_TOK_RCB objectend 
	top:  top.optexplicit PARSER_TOK_DEFINITION optlabel gdefn optproof 
	top:  top.PARSER_TOK_SCHEMA schdefn 
	top:  top.PARSER_TOK_THEOREM schdefn optproof 
	top:  top.PARSER_TOK_THEOREM labelname schdefnrhs optproof 
	top:  top.PARSER_TOK_PROOF labelname proofstep 
	top:  top.PARSER_TOK_INSTANTIATE insts 
	top:  top.PARSER_TOK_AUTOINSTANCE insts 
	top:  top.symdecl 
	top:  top.PARSER_TOK_RELATION rels 
	top:  top.PARSER_TOK_FUNCTION funs 
	top:  top.PARSER_TOK_DERIVED defns 
	top:  top.optfinite optghost PARSER_TOK_TYPE typesymbol 
	top:  top.optfinite optghost PARSER_TOK_TYPE typesymbol PARSER_TOK_EQ sort 
	top:  top.PARSER_TOK_PROGRESS defns 
	top:  top.PARSER_TOK_RELY atom PARSER_TOK_ARROW atom 
	top:  top.PARSER_TOK_RELY atom 
	top:  top.PARSER_TOK_MIXORD callatom PARSER_TOK_ARROW callatom 
	top:  top.PARSER_TOK_CONCEPT cdefns 
	top:  top.PARSER_TOK_UPDATE apps PARSER_TOK_FROM apps upaxes 
	top:  top.PARSER_TOK_MACRO atom PARSER_TOK_EQ sequence 
	top:  top.optimpex actmeth SYMBOLx optargs optreturns optactiondef 
	top:  top.PARSER_TOK_MIXIN callatom PARSER_TOK_BEFORE callatom 
	top:  top.PARSER_TOK_MIXIN callatom PARSER_TOK_AFTER callatom 
	top:  top.PARSER_TOK_BEFORE atype optargs optreturns sequence 
	top:  top.PARSER_TOK_AFTER atype optargs optreturns topseq 
	top:  top.PARSER_TOK_AROUND atype optargs optreturns PARSER_TOK_LCB actseq optsemi PARSER_TOK_DOTDOTDOT actseq optsemi PARSER_TOK_RCB 
	top:  top.PARSER_TOK_AFTER PARSER_TOK_INIT optargs topseq 
	top:  top.PARSER_TOK_IMPLEMENT atype optargs optreturns topseq 
	top:  top.PARSER_TOK_IMPLEMENT PARSER_TOK_TYPE SYMBOLx PARSER_TOK_WITH SYMBOLx 
	top:  top.opttrusted PARSER_TOK_ISOLATE SYMBOLx optargs PARSER_TOK_EQ callatoms 
	top:  top.opttrusted PARSER_TOK_ISOLATE SYMBOLx optargs PARSER_TOK_EQ callatoms PARSER_TOK_WITH callatoms 
	top:  top.opttrusted PARSER_TOK_ISOLATE SYMBOLx optargs PARSER_TOK_EQ PARSER_TOK_LCB top PARSER_TOK_RCB optwith 
	top:  top.PARSER_TOK_EXTRACT objsym objectargs PARSER_TOK_EQ PARSER_TOK_LCB top PARSER_TOK_RCB optwith 
	top:  top.PARSER_TOK_EXTRACT objsym objectargs PARSER_TOK_EQ callatoms 
	top:  top.PARSER_TOK_EXPORT callatom 
	top:  top.PARSER_TOK_IMPORT callatom 
	top:  top.PARSER_TOK_DELEGATE callatoms optdelegee 
	top:  top.PARSER_TOK_INTERPRET oper PARSER_TOK_ARROW oper 
	top:  top.PARSER_TOK_INTERPRET oper PARSER_TOK_ARROW PARSER_TOK_LCB term PARSER_TOK_DOTS term PARSER_TOK_RCB 
	top:  top.PARSER_TOK_INTERPRET oper PARSER_TOK_ARROW PARSER_TOK_LCB SYMBOLx moresymbols PARSER_TOK_RCB 
	top:  top.PARSER_TOK_ALIAS SYMBOLx PARSER_TOK_EQ callatom 
	top:  top.PARSER_TOK_ATTRIBUTE callatom PARSER_TOK_EQ attributeval 
	top:  top.PARSER_TOK_VARIANT typesymbol PARSER_TOK_OF atype 
	top:  top.PARSER_TOK_VARIANT typesymbol PARSER_TOK_OF atype PARSER_TOK_EQ sort 
	top:  top.PARSER_TOK_NATIVEQUOTE 
	top:  top.PARSER_TOK_SCENARIO PARSER_TOK_LCB sceninit PARSER_TOK_SEMI scentranss PARSER_TOK_RCB 
	top:  top.specimpl PARSER_TOK_LCB top PARSER_TOK_RCB 
	top:  top.PARSER_TOK_STATE SYMBOLx PARSER_TOK_EQ state_expr 
	top:  top.PARSER_TOK_ASSERT SYMBOLx PARSER_TOK_ARROW assert_rhs 
	optexplicit: .    (136)
	optfinite: .    (229)
	optimpex: .    (303)
	opttrusted: .    (281)

	PARSER_TOK_NATIVEQUOTE  shift 42
	PARSER_TOK_RCB  shift 926
	PARSER_TOK_ASSERT  shift 46
	PARSER_TOK_VAR  shift 60
	PARSER_TOK_UNPROVABLE  shift 6
	PARSER_TOK_PROOF  shift 13
	PARSER_TOK_INSTANTIATE  shift 14
	PARSER_TOK_RELATION  shift 17
	PARSER_TOK_INDIV  shift 59
	PARSER_TOK_FUNCTION  shift 18
	PARSER_TOK_DERIVED  shift 19
	PARSER_TOK_CONJECTURE  shift 5
	PARSER_TOK_SCHEMA  shift 11
	PARSER_TOK_THEOREM  shift 12
	PARSER_TOK_TYPE  reduce 229 (src line 3066)
	PARSER_TOK_MODULE  shift 7
	PARSER_TOK_OBJECT  shift 8
	PARSER_TOK_CLASS  shift 9
	PARSER_TOK_SUBCLASS  shift 10
	PARSER_TOK_ACTION  reduce 303 (src line 3571)
	PARSER_TOK_METHOD  reduce 303 (src line 3571)
	PARSER_TOK_BEFORE  shift 29
	PARSER_TOK_AFTER  shift 30
	PARSER_TOK_AROUND  shift 31
	PARSER_TOK_MIXIN  shift 28
	PARSER_TOK_IMPLEMENT  shift 32
	PARSER_TOK_ISOLATE  reduce 281 (src line 3405)
	PARSER_TOK_EXTRACT  shift 34
	PARSER_TOK_TRUSTED  shift 53
	PARSER_TOK_EXPORT  shift 35
	PARSER_TOK_IMPORT  shift 36
	PARSER_TOK_DELEGATE  shift 37
	PARSER_TOK_USING  shift 2
	PARSER_TOK_INCLUDE  shift 3
	PARSER_TOK_INTERPRET  shift 38
	PARSER_TOK_MACRO  shift 26
	PARSER_TOK_ALIAS  shift 39
	PARSER_TOK_ATTRIBUTE  shift 40
	PARSER_TOK_VARIANT  shift 41
	PARSER_TOK_SCENARIO  shift 43
	PARSER_TOK_PROGRESS  shift 21
	PARSER_TOK_RELY  shift 22
	PARSER_TOK_MIXORD  shift 23
	PARSER_TOK_CONCEPT  shift 24
	PARSER_TOK_STATE  shift 45
	PARSER_TOK_UPDATE  shift 25
	PARSER_TOK_EXPLICIT  shift 47
	PARSER_TOK_SPECIFICATION  shift 54
	PARSER_TOK_IMPLEMENTATION  shift 55
	PARSER_TOK_PRIVATE  shift 56
	PARSER_TOK_GLOBAL  shift 57
	PARSER_TOK_COMMON  shift 58
	PARSER_TOK_GHOST  reduce 229 (src line 3066)
	PARSER_TOK_FINITE  shift 52
	PARSER_TOK_PARAMETER  shift 61
	PARSER_TOK_DESTRUCTOR  shift 49
	PARSER_TOK_CONSTRUCTOR  shift 51
	PARSER_TOK_FIELD  shift 50
	PARSER_TOK_AUTOINSTANCE  shift 15
	.  reduce 136 (src line 2344)

	optexplicit  goto 4
	symdecl  goto 16
	constantdecl  goto 48
	optfinite  goto 20
	optimpex  goto 27
	opttrusted  goto 33
	specimpl  goto 44

state 865
	matches:  matches PARSER_TOK_COMMA.match 

	PARSER_TOK_PRESYMBOL  shift 63
	PARSER_TOK_VARIABLE  shift 88
	PARSER_TOK_LPAREN  shift 98
	.  error

	var  goto 785
	SYMBOLx  goto 99
	defn  goto 784
	defnlhs  goto 116
	typeddefn  goto 112
	dotsym  goto 97
	match  goto 927

state 866
	match:  var PARSER_TOK_EQ.fmla 

	PARSER_TOK_PRESYMBOL  shift 63
	PARSER_TOK_VARIABLE  shift 88
	PARSER_TOK_LPAREN  shift 78
	PARSER_TOK_TILDA  shift 81
	PARSER_TOK_DOLLAR  shift 86
	PARSER_TOK_FORALL  shift 82
	PARSER_TOK_EXISTS  shift 83
	PARSER_TOK_TRUE  shift 79
	PARSER_TOK_FALSE  shift 80
	PARSER_TOK_OLD  shift 77
	PARSER_TOK_GLOBALLY  shift 84
	PARSER_TOK_EVENTUALLY  shift 85
	.  error

	term  goto 72
	fmla  goto 928
	appelem  goto 75
	var  goto 76
	SYMBOLx  goto 87

state 867
	renaminglist:  renaminglist PARSER_TOK_COMMA renamingitem.    (437)

	.  reduce 437 (src line 4851)


state 868
	renamingitem:  PARSER_TOK_VARIABLE PARSER_TOK_DIV PARSER_TOK_VARIABLE.    (434)

	.  reduce 434 (src line 4831)


state 869
	SYMBOLx:  SYMBOLx.PARSER_TOK_LB SYMsubscr PARSER_TOK_RB 
	renamingitem:  SYMBOLx PARSER_TOK_DIV SYMBOLx.    (435)

	PARSER_TOK_LB  shift 189
	.  reduce 435 (src line 4838)


state 870
	matches:  matches.PARSER_TOK_COMMA match 
	proofstep:  PARSER_TOK_INSTANTIATE labelname atype optrenaming PARSER_TOK_WITH matches.    (452)

	PARSER_TOK_COMMA  shift 865
	.  reduce 452 (src line 4988)


state 871
	opttacticwith:  PARSER_TOK_WITH PARSER_TOK_LCB tacticwithlist PARSER_TOK_RCB.    (423)

	.  reduce 423 (src line 4751)


state 872
	tacticwithelem:  PARSER_TOK_DEFINITION typeddefn PARSER_TOK_EQ.fmla 

	PARSER_TOK_PRESYMBOL  shift 63
	PARSER_TOK_VARIABLE  shift 88
	PARSER_TOK_LPAREN  shift 78
	PARSER_TOK_TILDA  shift 81
	PARSER_TOK_DOLLAR  shift 86
	PARSER_TOK_FORALL  shift 82
	PARSER_TOK_EXISTS  shift 83
	PARSER_TOK_TRUE  shift 79
	PARSER_TOK_FALSE  shift 80
	PARSER_TOK_OLD  shift 77
	PARSER_TOK_GLOBALLY  shift 84
	PARSER_TOK_EVENTUALLY  shift 85
	.  error

	term  goto 72
	fmla  goto 929
	appelem  goto 75
	var  goto 76
	SYMBOLx  goto 87

873: shift/reduce conflict (shift 63(0), red'n 82(0)) on PARSER_TOK_PRESYMBOL
873: shift/reduce conflict (shift 88(0), red'n 82(0)) on PARSER_TOK_VARIABLE
873: shift/reduce conflict (shift 78(0), red'n 82(0)) on PARSER_TOK_LPAREN
873: shift/reduce conflict (shift 81(6), red'n 82(0)) on PARSER_TOK_TILDA
873: shift/reduce conflict (shift 86(14), red'n 82(0)) on PARSER_TOK_DOLLAR
873: shift/reduce conflict (shift 82(0), red'n 82(0)) on PARSER_TOK_FORALL
873: shift/reduce conflict (shift 83(0), red'n 82(0)) on PARSER_TOK_EXISTS
873: shift/reduce conflict (shift 79(0), red'n 82(0)) on PARSER_TOK_TRUE
873: shift/reduce conflict (shift 80(0), red'n 82(0)) on PARSER_TOK_FALSE
873: shift/reduce conflict (shift 77(15), red'n 82(0)) on PARSER_TOK_OLD
873: shift/reduce conflict (shift 84(2), red'n 82(0)) on PARSER_TOK_GLOBALLY
873: shift/reduce conflict (shift 85(2), red'n 82(0)) on PARSER_TOK_EVENTUALLY
state 873
	tacticwithelem:  PARSER_TOK_TRIGGER atype PARSER_TOK_WITH.terms 
	terms: .    (82)

	PARSER_TOK_PRESYMBOL  shift 63
	PARSER_TOK_VARIABLE  shift 88
	PARSER_TOK_LPAREN  shift 78
	PARSER_TOK_TILDA  shift 81
	PARSER_TOK_DOLLAR  shift 86
	PARSER_TOK_FORALL  shift 82
	PARSER_TOK_EXISTS  shift 83
	PARSER_TOK_TRUE  shift 79
	PARSER_TOK_FALSE  shift 80
	PARSER_TOK_OLD  shift 77
	PARSER_TOK_GLOBALLY  shift 84
	PARSER_TOK_EVENTUALLY  shift 85
	.  reduce 82 (src line 1867)

	term  goto 376
	appelem  goto 75
	var  goto 76
	terms  goto 930
	SYMBOLx  goto 87

state 874
	somevarfmla:  PARSER_TOK_SOME simplevar PARSER_TOK_DOT fmla optin.optelse 
	optelse: .    (172)

	PARSER_TOK_ELSE  shift 932
	.  reduce 172 (src line 2612)

	optelse  goto 931

state 875
	optin:  PARSER_TOK_IN.fmla 

	PARSER_TOK_PRESYMBOL  shift 63
	PARSER_TOK_VARIABLE  shift 88
	PARSER_TOK_LPAREN  shift 78
	PARSER_TOK_TILDA  shift 81
	PARSER_TOK_DOLLAR  shift 86
	PARSER_TOK_FORALL  shift 82
	PARSER_TOK_EXISTS  shift 83
	PARSER_TOK_TRUE  shift 79
	PARSER_TOK_FALSE  shift 80
	PARSER_TOK_OLD  shift 77
	PARSER_TOK_GLOBALLY  shift 84
	PARSER_TOK_EVENTUALLY  shift 85
	.  error

	term  goto 72
	fmla  goto 933
	appelem  goto 75
	var  goto 76
	SYMBOLx  goto 87

state 876
	sort:  PARSER_TOK_LCB SYMBOLx PARSER_TOK_RCB.    (233)

	.  reduce 233 (src line 3092)


state 877
	sort:  PARSER_TOK_LCB SYMBOLx PARSER_TOK_COMMA.names PARSER_TOK_RCB 

	PARSER_TOK_PRESYMBOL  shift 63
	.  error

	SYMBOLx  goto 935
	names  goto 934

state 878
	sort:  PARSER_TOK_LCB SYMBOLx PARSER_TOK_DOTS.SYMBOLx PARSER_TOK_RCB 

	PARSER_TOK_PRESYMBOL  shift 63
	.  error

	SYMBOLx  goto 936

state 879
	tterms:  tterms.PARSER_TOK_COMMA tterm 
	sort:  PARSER_TOK_STRUCT PARSER_TOK_LCB tterms.PARSER_TOK_RCB 

	PARSER_TOK_RCB  shift 937
	PARSER_TOK_COMMA  shift 324
	.  error


state 880
	sort:  PARSER_TOK_STRUCT PARSER_TOK_LCB PARSER_TOK_RCB.    (237)

	.  reduce 237 (src line 3118)


state 881
	upax:  PARSER_TOK_PARAMS tterms PARSER_TOK_IN.action PARSER_TOK_ARROW requires ensures 
	optunprovable: .    (134)

	PARSER_TOK_PRESYMBOL  shift 63
	PARSER_TOK_VARIABLE  shift 88
	PARSER_TOK_LPAREN  shift 618
	PARSER_TOK_LCB  shift 460
	PARSER_TOK_TILDA  shift 81
	PARSER_TOK_DOLLAR  shift 86
	PARSER_TOK_FORALL  shift 82
	PARSER_TOK_EXISTS  shift 83
	PARSER_TOK_TRUE  shift 79
	PARSER_TOK_FALSE  shift 80
	PARSER_TOK_OLD  shift 77
	PARSER_TOK_IF  shift 611
	PARSER_TOK_GLOBALLY  shift 84
	PARSER_TOK_EVENTUALLY  shift 85
	PARSER_TOK_ASSUME  shift 601
	PARSER_TOK_VAR  shift 605
	PARSER_TOK_LOCAL  shift 614
	PARSER_TOK_LET  shift 615
	PARSER_TOK_CALL  shift 606
	PARSER_TOK_WHILE  shift 612
	PARSER_TOK_FOR  shift 613
	PARSER_TOK_DEBUG  shift 609
	PARSER_TOK_THUNK  shift 616
	PARSER_TOK_UNPROVABLE  shift 617
	PARSER_TOK_INSTANTIATE  shift 608
	PARSER_TOK_SET  shift 607
	.  reduce 134 (src line 2331)

	term  goto 603
	appelem  goto 75
	var  goto 76
	SYMBOLx  goto 87
	optunprovable  goto 602
	action  goto 938
	simpleact  goto 939
	complexact  goto 940
	sequence  goto 610
	termtuple  goto 604

state 882
	simpleact:  optunprovable PARSER_TOK_ASSERT labeledfmla PARSER_TOK_PROOF.proofstep 
	opttemporal: .    (132)

	PARSER_TOK_LCB  shift 274
	PARSER_TOK_IF  shift 270
	PARSER_TOK_ASSUME  shift 259
	PARSER_TOK_LET  shift 269
	PARSER_TOK_PROOF  shift 268
	PARSER_TOK_INSTANTIATE  shift 260
	PARSER_TOK_FUNCTION  shift 266
	PARSER_TOK_THEOREM  shift 267
	PARSER_TOK_TEMPORAL  shift 68
	PARSER_TOK_TACTIC  shift 264
	PARSER_TOK_SHOWGOALS  shift 261
	PARSER_TOK_DEFERGOAL  shift 262
	PARSER_TOK_SPOIL  shift 263
	PARSER_TOK_UNFOLD  shift 271
	PARSER_TOK_FORGET  shift 272
	PARSER_TOK_APPLY  shift 258
	.  reduce 132 (src line 2318)

	opttemporal  goto 265
	proofstep  goto 941
	proofgroup  goto 273

state 883
	simpleact:  optunprovable PARSER_TOK_REQUIRE labeledfmla PARSER_TOK_PROOF.proofstep 
	opttemporal: .    (132)

	PARSER_TOK_LCB  shift 274
	PARSER_TOK_IF  shift 270
	PARSER_TOK_ASSUME  shift 259
	PARSER_TOK_LET  shift 269
	PARSER_TOK_PROOF  shift 268
	PARSER_TOK_INSTANTIATE  shift 260
	PARSER_TOK_FUNCTION  shift 266
	PARSER_TOK_THEOREM  shift 267
	PARSER_TOK_TEMPORAL  shift 68
	PARSER_TOK_TACTIC  shift 264
	PARSER_TOK_SHOWGOALS  shift 261
	PARSER_TOK_DEFERGOAL  shift 262
	PARSER_TOK_SPOIL  shift 263
	PARSER_TOK_UNFOLD  shift 271
	PARSER_TOK_FORGET  shift 272
	PARSER_TOK_APPLY  shift 258
	.  reduce 132 (src line 2318)

	opttemporal  goto 265
	proofstep  goto 942
	proofgroup  goto 273

state 884
	simpleact:  optunprovable PARSER_TOK_ENSURE labeledfmla PARSER_TOK_PROOF.proofstep 
	opttemporal: .    (132)

	PARSER_TOK_LCB  shift 274
	PARSER_TOK_IF  shift 270
	PARSER_TOK_ASSUME  shift 259
	PARSER_TOK_LET  shift 269
	PARSER_TOK_PROOF  shift 268
	PARSER_TOK_INSTANTIATE  shift 260
	PARSER_TOK_FUNCTION  shift 266
	PARSER_TOK_THEOREM  shift 267
	PARSER_TOK_TEMPORAL  shift 68
	PARSER_TOK_TACTIC  shift 264
	PARSER_TOK_SHOWGOALS  shift 261
	PARSER_TOK_DEFERGOAL  shift 262
	PARSER_TOK_SPOIL  shift 263
	PARSER_TOK_UNFOLD  shift 271
	PARSER_TOK_FORGET  shift 272
	PARSER_TOK_APPLY  shift 258
	.  reduce 132 (src line 2318)

	opttemporal  goto 265
	proofstep  goto 943
	proofgroup  goto 273

state 885
	optinit:  PARSER_TOK_ASSIGN fmla.    (143)

	.  reduce 143 (src line 2391)


state 886
	SYMBOLx:  SYMBOLx.PARSER_TOK_LB SYMsubscr PARSER_TOK_RB 
	lit:  SYMBOLx PARSER_TOK_EQ SYMBOLx.    (260)

	PARSER_TOK_LB  shift 189
	.  reduce 260 (src line 3231)


state 887
	SYMBOLx:  SYMBOLx.PARSER_TOK_LB SYMsubscr PARSER_TOK_RB 
	lit:  SYMBOLx PARSER_TOK_TILDAEQ SYMBOLx.    (261)

	PARSER_TOK_LB  shift 189
	.  reduce 261 (src line 3239)


state 888
	debugargs:  debugargs.PARSER_TOK_COMMA debugarg 
	optdebugargs:  PARSER_TOK_WITH debugargs.    (375)

	PARSER_TOK_COMMA  shift 944
	.  reduce 375 (src line 4212)


state 889
	debugargs:  debugarg.    (372)

	.  reduce 372 (src line 4193)


state 890
	SYMBOLx:  SYMBOLx.PARSER_TOK_LB SYMsubscr PARSER_TOK_RB 
	debugarg:  SYMBOLx.PARSER_TOK_EQ fmla 

	PARSER_TOK_LB  shift 189
	PARSER_TOK_EQ  shift 945
	.  error


state 891
	complexact:  PARSER_TOK_IF somefmla sequence PARSER_TOK_ELSE.action 
	optunprovable: .    (134)

	PARSER_TOK_PRESYMBOL  shift 63
	PARSER_TOK_VARIABLE  shift 88
	PARSER_TOK_LPAREN  shift 618
	PARSER_TOK_LCB  shift 460
	PARSER_TOK_TILDA  shift 81
	PARSER_TOK_DOLLAR  shift 86
	PARSER_TOK_FORALL  shift 82
	PARSER_TOK_EXISTS  shift 83
	PARSER_TOK_TRUE  shift 79
	PARSER_TOK_FALSE  shift 80
	PARSER_TOK_OLD  shift 77
	PARSER_TOK_IF  shift 611
	PARSER_TOK_GLOBALLY  shift 84
	PARSER_TOK_EVENTUALLY  shift 85
	PARSER_TOK_ASSUME  shift 601
	PARSER_TOK_VAR  shift 605
	PARSER_TOK_LOCAL  shift 614
	PARSER_TOK_LET  shift 615
	PARSER_TOK_CALL  shift 606
	PARSER_TOK_WHILE  shift 612
	PARSER_TOK_FOR  shift 613
	PARSER_TOK_DEBUG  shift 609
	PARSER_TOK_THUNK  shift 616
	PARSER_TOK_UNPROVABLE  shift 617
	PARSER_TOK_INSTANTIATE  shift 608
	PARSER_TOK_SET  shift 607
	.  reduce 134 (src line 2331)

	term  goto 603
	appelem  goto 75
	var  goto 76
	SYMBOLx  goto 87
	optunprovable  goto 602
	action  goto 946
	simpleact  goto 939
	complexact  goto 940
	sequence  goto 610
	termtuple  goto 604

state 892
	complexact:  PARSER_TOK_IF PARSER_TOK_TIMES sequence PARSER_TOK_ELSE.action 
	optunprovable: .    (134)

	PARSER_TOK_PRESYMBOL  shift 63
	PARSER_TOK_VARIABLE  shift 88
	PARSER_TOK_LPAREN  shift 618
	PARSER_TOK_LCB  shift 460
	PARSER_TOK_TILDA  shift 81
	PARSER_TOK_DOLLAR  shift 86
	PARSER_TOK_FORALL  shift 82
	PARSER_TOK_EXISTS  shift 83
	PARSER_TOK_TRUE  shift 79
	PARSER_TOK_FALSE  shift 80
	PARSER_TOK_OLD  shift 77
	PARSER_TOK_IF  shift 611
	PARSER_TOK_GLOBALLY  shift 84
	PARSER_TOK_EVENTUALLY  shift 85
	PARSER_TOK_ASSUME  shift 601
	PARSER_TOK_VAR  shift 605
	PARSER_TOK_LOCAL  shift 614
	PARSER_TOK_LET  shift 615
	PARSER_TOK_CALL  shift 606
	PARSER_TOK_WHILE  shift 612
	PARSER_TOK_FOR  shift 613
	PARSER_TOK_DEBUG  shift 609
	PARSER_TOK_THUNK  shift 616
	PARSER_TOK_UNPROVABLE  shift 617
	PARSER_TOK_INSTANTIATE  shift 608
	PARSER_TOK_SET  shift 607
	.  reduce 134 (src line 2331)

	term  goto 603
	appelem  goto 75
	var  goto 76
	SYMBOLx  goto 87
	optunprovable  goto 602
	action  goto 947
	simpleact  goto 939
	complexact  goto 940
	sequence  goto 610
	termtuple  goto 604

state 893
	somefmla:  fmla PARSER_TOK_ASSIGN fmla.    (386)

	.  reduce 386 (src line 4401)


state 894
	somefmla:  PARSER_TOK_SOME bounds fmla.    (387)
	somefmla:  PARSER_TOK_SOME bounds fmla.PARSER_TOK_MINIMIZING term 
	somefmla:  PARSER_TOK_SOME bounds fmla.PARSER_TOK_MAXIMIZING term 

	PARSER_TOK_MINIMIZING  shift 948
	PARSER_TOK_MAXIMIZING  shift 949
	.  reduce 387 (src line 4425)


state 895
	params:  params PARSER_TOK_COMMA.param 

	PARSER_TOK_PRESYMBOL  shift 63
	.  error

	SYMBOLx  goto 831
	param  goto 950

state 896
	bounds:  params PARSER_TOK_DOT.    (390)

	.  reduce 390 (src line 4474)


state 897
	lparams:  lparams.PARSER_TOK_COMMA lparam 
	bounds:  PARSER_TOK_LPAREN lparams.PARSER_TOK_RPAREN 

	PARSER_TOK_RPAREN  shift 951
	PARSER_TOK_COMMA  shift 535
	.  error


state 898
	param:  SYMBOLx PARSER_TOK_COLON.SYMBOLx 

	PARSER_TOK_PRESYMBOL  shift 63
	.  error

	SYMBOLx  goto 952

state 899
	complexact:  PARSER_TOK_WHILE somefmla invariants decreases.sequence 

	PARSER_TOK_LCB  shift 460
	.  error

	sequence  goto 953

state 900
	invariants:  invariants PARSER_TOK_INVARIANT.labeledfmla 
	invariants:  invariants PARSER_TOK_INVARIANT.labeledfmla PARSER_TOK_PROOF proofstep 

	PARSER_TOK_PRESYMBOL  shift 63
	PARSER_TOK_VARIABLE  shift 88
	PARSER_TOK_LABEL  shift 74
	PARSER_TOK_LPAREN  shift 78
	PARSER_TOK_LB  shift 73
	PARSER_TOK_TILDA  shift 81
	PARSER_TOK_DOLLAR  shift 86
	PARSER_TOK_FORALL  shift 82
	PARSER_TOK_EXISTS  shift 83
	PARSER_TOK_TRUE  shift 79
	PARSER_TOK_FALSE  shift 80
	PARSER_TOK_OLD  shift 77
	PARSER_TOK_GLOBALLY  shift 84
	PARSER_TOK_EVENTUALLY  shift 85
	.  error

	term  goto 72
	fmla  goto 70
	appelem  goto 75
	var  goto 76
	SYMBOLx  goto 87
	labelname  goto 71
	labeledfmla  goto 954

state 901
	decreases:  PARSER_TOK_DECREASES.fmla 

	PARSER_TOK_PRESYMBOL  shift 63
	PARSER_TOK_VARIABLE  shift 88
	PARSER_TOK_LPAREN  shift 78
	PARSER_TOK_TILDA  shift 81
	PARSER_TOK_DOLLAR  shift 86
	PARSER_TOK_FORALL  shift 82
	PARSER_TOK_EXISTS  shift 83
	PARSER_TOK_TRUE  shift 79
	PARSER_TOK_FALSE  shift 80
	PARSER_TOK_OLD  shift 77
	PARSER_TOK_GLOBALLY  shift 84
	PARSER_TOK_EVENTUALLY  shift 85
	.  error

	term  goto 72
	fmla  goto 955
	appelem  goto 75
	var  goto 76
	SYMBOLx  goto 87

state 902
	complexact:  PARSER_TOK_FOR tterm PARSER_TOK_COMMA tterm.PARSER_TOK_IN fmla invariants decreases sequence 

	PARSER_TOK_IN  shift 956
	.  error


state 903
	eqns:  eqns PARSER_TOK_COMMA eqn.    (399)

	.  reduce 399 (src line 4547)


state 904
	SYMBOLx:  SYMBOLx.PARSER_TOK_LB SYMsubscr PARSER_TOK_RB 
	eqn:  SYMBOLx PARSER_TOK_EQ SYMBOLx.    (397)

	PARSER_TOK_LB  shift 189
	.  reduce 397 (src line 4532)


state 905
	complexact:  PARSER_TOK_THUNK labelname SYMBOLx optargs.PARSER_TOK_COLON atype PARSER_TOK_ASSIGN sequence 

	PARSER_TOK_COLON  shift 957
	.  error


state 906
	terms:  terms.PARSER_TOK_COMMA term 
	termtuple:  PARSER_TOK_LPAREN term PARSER_TOK_COMMA terms.PARSER_TOK_RPAREN 

	PARSER_TOK_RPAREN  shift 958
	PARSER_TOK_COMMA  shift 530
	.  error


state 907
	top:  top PARSER_TOK_AROUND atype optargs optreturns PARSER_TOK_LCB actseq optsemi PARSER_TOK_DOTDOTDOT.actseq optsemi PARSER_TOK_RCB 
	optunprovable: .    (134)

	PARSER_TOK_PRESYMBOL  shift 63
	PARSER_TOK_VARIABLE  shift 88
	PARSER_TOK_LPAREN  shift 618
	PARSER_TOK_LCB  shift 460
	PARSER_TOK_TILDA  shift 81
	PARSER_TOK_DOLLAR  shift 86
	PARSER_TOK_FORALL  shift 82
	PARSER_TOK_EXISTS  shift 83
	PARSER_TOK_TRUE  shift 79
	PARSER_TOK_FALSE  shift 80
	PARSER_TOK_OLD  shift 77
	PARSER_TOK_IF  shift 611
	PARSER_TOK_GLOBALLY  shift 84
	PARSER_TOK_EVENTUALLY  shift 85
	PARSER_TOK_ASSUME  shift 601
	PARSER_TOK_VAR  shift 605
	PARSER_TOK_LOCAL  shift 614
	PARSER_TOK_LET  shift 615
	PARSER_TOK_CALL  shift 606
	PARSER_TOK_WHILE  shift 612
	PARSER_TOK_FOR  shift 613
	PARSER_TOK_DEBUG  shift 609
	PARSER_TOK_THUNK  shift 616
	PARSER_TOK_UNPROVABLE  shift 617
	PARSER_TOK_INSTANTIATE  shift 608
	PARSER_TOK_SET  shift 607
	.  reduce 134 (src line 2331)

	term  goto 603
	appelem  goto 75
	var  goto 76
	SYMBOLx  goto 87
	optunprovable  goto 602
	simpleact  goto 599
	complexact  goto 600
	sequence  goto 610
	actseq  goto 959
	actseqrev  goto 598
	termtuple  goto 604

state 908
	top:  top opttrusted PARSER_TOK_ISOLATE SYMBOLx optargs PARSER_TOK_EQ callatoms PARSER_TOK_WITH callatoms.    (43)
	callatoms:  callatoms.PARSER_TOK_COMMA callatom 

	PARSER_TOK_COMMA  shift 313
	.  reduce 43 (src line 1400)


state 909
	top:  top opttrusted PARSER_TOK_ISOLATE SYMBOLx optargs PARSER_TOK_EQ PARSER_TOK_LCB top PARSER_TOK_RCB.optwith 
	optwith: .    (292)

	PARSER_TOK_WITH  shift 532
	.  reduce 292 (src line 3481)

	optwith  goto 960

state 910
	top:  top PARSER_TOK_EXTRACT objsym objectargs PARSER_TOK_EQ PARSER_TOK_LCB top PARSER_TOK_RCB optwith.    (45)

	.  reduce 45 (src line 1442)


state 911
	top:  top PARSER_TOK_INTERPRET oper PARSER_TOK_ARROW PARSER_TOK_LCB term PARSER_TOK_DOTS term PARSER_TOK_RCB.    (51)

	.  reduce 51 (src line 1534)


state 912
	SYMBOLx:  SYMBOLx.PARSER_TOK_LB SYMsubscr PARSER_TOK_RB 
	moresymbols:  moresymbols PARSER_TOK_COMMA SYMBOLx.    (337)

	PARSER_TOK_LB  shift 189
	.  reduce 337 (src line 3831)


state 913
	places:  places.PARSER_TOK_COMMA SYMBOLx 
	scentranss:  scentranss places PARSER_TOK_ARROW places.PARSER_TOK_COLON scenariomixin 
	scentrans:  places PARSER_TOK_ARROW places.PARSER_TOK_COLON scenariomixin 

	PARSER_TOK_COMMA  shift 634
	PARSER_TOK_COLON  shift 961
	.  error


 914: reduce/reduce conflict  (red'ns 406 and 408) on PARSER_TOK_PRESYMBOL
 914: reduce/reduce conflict  (red'ns 406 and 408) on PARSER_TOK_RCB
state 914
	scentranss:  scentranss places PARSER_TOK_COLON scenariomixin.    (406)
	scentrans:  places PARSER_TOK_COLON scenariomixin.    (408)

	.  reduce 406 (src line 4605)


state 915
	scenariomixin:  PARSER_TOK_BEFORE.atype optargs optreturns sequence 

	PARSER_TOK_PRESYMBOL  shift 63
	PARSER_TOK_THIS  shift 142
	.  error

	atype  goto 962
	SYMBOLx  goto 141

state 916
	scenariomixin:  PARSER_TOK_AFTER.atype optargs optreturns sequence 

	PARSER_TOK_PRESYMBOL  shift 63
	PARSER_TOK_THIS  shift 142
	.  error

	atype  goto 963
	SYMBOLx  goto 141

state 917
	state_expr:  PARSER_TOK_LCB requires modifies ensures PARSER_TOK_RCB.    (486)

	.  reduce 486 (src line 5258)


state 918
	ensures:  PARSER_TOK_ENSURES fmla.    (471)

	.  reduce 471 (src line 5163)


state 919
	modifies:  PARSER_TOK_MODIFIES PARSER_TOK_LCB PARSER_TOK_RCB.    (473)

	.  reduce 473 (src line 5177)


state 920
	atoms:  atoms PARSER_TOK_COMMA.atom 

	PARSER_TOK_PRESYMBOL  shift 63
	.  error

	SYMBOLx  goto 123
	atom  goto 964

state 921
	assert_rhs:  PARSER_TOK_LCB requires modifies ensures PARSER_TOK_RCB.    (479)

	.  reduce 479 (src line 5219)


state 922
	term:  PARSER_TOK_LPAREN PARSER_TOK_DOLLAR SYMBOLx simplevars PARSER_TOK_DOT fmla PARSER_TOK_RPAREN PARSER_TOK_LPAREN.terms PARSER_TOK_RPAREN 
	terms: .    (82)

	PARSER_TOK_PRESYMBOL  shift 63
	PARSER_TOK_VARIABLE  shift 88
	PARSER_TOK_LPAREN  shift 78
	PARSER_TOK_TILDA  shift 81
	PARSER_TOK_DOLLAR  shift 86
	PARSER_TOK_FORALL  shift 82
	PARSER_TOK_EXISTS  shift 83
	PARSER_TOK_TRUE  shift 79
	PARSER_TOK_FALSE  shift 80
	PARSER_TOK_OLD  shift 77
	PARSER_TOK_GLOBALLY  shift 84
	PARSER_TOK_EVENTUALLY  shift 85
	.  reduce 82 (src line 1867)

	term  goto 376
	appelem  goto 75
	var  goto 76
	terms  goto 965
	SYMBOLx  goto 87

state 923
	top:  top PARSER_TOK_MODULE modulestart modcat atom optwith PARSER_TOK_EQ PARSER_TOK_LCB top PARSER_TOK_RCB.moduleend 
	moduleend: .    (270)

	.  reduce 270 (src line 3319)

	moduleend  goto 966

state 924
	top:  top PARSER_TOK_OBJECT objsym objectargs PARSER_TOK_EQ PARSER_TOK_LCB optdotdotdot top PARSER_TOK_RCB objectend.    (10)

	.  reduce 10 (src line 882)


state 925
	top:  top PARSER_TOK_CLASS objsym objectargs PARSER_TOK_EQ PARSER_TOK_LCB optdotdotdot top PARSER_TOK_RCB objectend.    (11)

	.  reduce 11 (src line 894)


state 926
	top:  top PARSER_TOK_SUBCLASS objsym PARSER_TOK_OF atype PARSER_TOK_EQ PARSER_TOK_LCB optdotdotdot top PARSER_TOK_RCB.objectend 
	objectend: .    (271)

	.  reduce 271 (src line 3327)

	objectend  goto 967

state 927
	matches:  matches PARSER_TOK_COMMA match.    (433)

	.  reduce 433 (src line 4824)


state 928
	match:  var PARSER_TOK_EQ fmla.    (431)

	.  reduce 431 (src line 4809)


state 929
	tacticwithelem:  PARSER_TOK_DEFINITION typeddefn PARSER_TOK_EQ fmla.    (415)

	.  reduce 415 (src line 4694)


state 930
	terms:  terms.PARSER_TOK_COMMA term 
	tacticwithelem:  PARSER_TOK_TRIGGER atype PARSER_TOK_WITH terms.    (416)

	PARSER_TOK_COMMA  shift 530
	.  reduce 416 (src line 4702)


state 931
	somevarfmla:  PARSER_TOK_SOME simplevar PARSER_TOK_DOT fmla optin optelse.    (169)

	.  reduce 169 (src line 2587)


state 932
	optelse:  PARSER_TOK_ELSE.fmla 

	PARSER_TOK_PRESYMBOL  shift 63
	PARSER_TOK_VARIABLE  shift 88
	PARSER_TOK_LPAREN  shift 78
	PARSER_TOK_TILDA  shift 81
	PARSER_TOK_DOLLAR  shift 86
	PARSER_TOK_FORALL  shift 82
	PARSER_TOK_EXISTS  shift 83
	PARSER_TOK_TRUE  shift 79
	PARSER_TOK_FALSE  shift 80
	PARSER_TOK_OLD  shift 77
	PARSER_TOK_GLOBALLY  shift 84
	PARSER_TOK_EVENTUALLY  shift 85
	.  error

	term  goto 72
	fmla  goto 968
	appelem  goto 75
	var  goto 76
	SYMBOLx  goto 87

state 933
	optin:  PARSER_TOK_IN fmla.    (171)

	.  reduce 171 (src line 2605)


state 934
	sort:  PARSER_TOK_LCB SYMBOLx PARSER_TOK_COMMA names.PARSER_TOK_RCB 
	names:  names.PARSER_TOK_COMMA SYMBOLx 

	PARSER_TOK_RCB  shift 969
	PARSER_TOK_COMMA  shift 970
	.  error


state 935
	SYMBOLx:  SYMBOLx.PARSER_TOK_LB SYMsubscr PARSER_TOK_RB 
	names:  SYMBOLx.    (238)

	PARSER_TOK_LB  shift 189
	.  reduce 238 (src line 3125)


state 936
	SYMBOLx:  SYMBOLx.PARSER_TOK_LB SYMsubscr PARSER_TOK_RB 
	sort:  PARSER_TOK_LCB SYMBOLx PARSER_TOK_DOTS SYMBOLx.PARSER_TOK_RCB 

	PARSER_TOK_LB  shift 189
	PARSER_TOK_RCB  shift 971
	.  error


state 937
	sort:  PARSER_TOK_STRUCT PARSER_TOK_LCB tterms PARSER_TOK_RCB.    (236)

	.  reduce 236 (src line 3113)


state 938
	upax:  PARSER_TOK_PARAMS tterms PARSER_TOK_IN action.PARSER_TOK_ARROW requires ensures 

	PARSER_TOK_ARROW  shift 972
	.  error


state 939
	action:  simpleact.    (351)

	.  reduce 351 (src line 3950)


state 940
	action:  complexact.    (352)

	.  reduce 352 (src line 3956)


state 941
	simpleact:  optunprovable PARSER_TOK_ASSERT labeledfmla PARSER_TOK_PROOF proofstep.    (355)

	.  reduce 355 (src line 3993)


state 942
	simpleact:  optunprovable PARSER_TOK_REQUIRE labeledfmla PARSER_TOK_PROOF proofstep.    (357)

	.  reduce 357 (src line 4027)


state 943
	simpleact:  optunprovable PARSER_TOK_ENSURE labeledfmla PARSER_TOK_PROOF proofstep.    (359)

	.  reduce 359 (src line 4061)


state 944
	debugargs:  debugargs PARSER_TOK_COMMA.debugarg 

	PARSER_TOK_PRESYMBOL  shift 63
	.  error

	SYMBOLx  goto 890
	debugarg  goto 973

state 945
	debugarg:  SYMBOLx PARSER_TOK_EQ.fmla 

	PARSER_TOK_PRESYMBOL  shift 63
	PARSER_TOK_VARIABLE  shift 88
	PARSER_TOK_LPAREN  shift 78
	PARSER_TOK_TILDA  shift 81
	PARSER_TOK_DOLLAR  shift 86
	PARSER_TOK_FORALL  shift 82
	PARSER_TOK_EXISTS  shift 83
	PARSER_TOK_TRUE  shift 79
	PARSER_TOK_FALSE  shift 80
	PARSER_TOK_OLD  shift 77
	PARSER_TOK_GLOBALLY  shift 84
	PARSER_TOK_EVENTUALLY  shift 85
	.  error

	term  goto 72
	fmla  goto 974
	appelem  goto 75
	var  goto 76
	SYMBOLx  goto 87

state 946
	complexact:  PARSER_TOK_IF somefmla sequence PARSER_TOK_ELSE action.    (378)

	.  reduce 378 (src line 4239)


state 947
	complexact:  PARSER_TOK_IF PARSER_TOK_TIMES sequence PARSER_TOK_ELSE action.    (379)

	.  reduce 379 (src line 4249)


state 948
	somefmla:  PARSER_TOK_SOME bounds fmla PARSER_TOK_MINIMIZING.term 

	PARSER_TOK_PRESYMBOL  shift 63
	PARSER_TOK_VARIABLE  shift 88
	PARSER_TOK_LPAREN  shift 78
	PARSER_TOK_TILDA  shift 81
	PARSER_TOK_DOLLAR  shift 86
	PARSER_TOK_FORALL  shift 82
	PARSER_TOK_EXISTS  shift 83
	PARSER_TOK_TRUE  shift 79
	PARSER_TOK_FALSE  shift 80
	PARSER_TOK_OLD  shift 77
	PARSER_TOK_GLOBALLY  shift 84
	PARSER_TOK_EVENTUALLY  shift 85
	.  error

	term  goto 975
	appelem  goto 75
	var  goto 76
	SYMBOLx  goto 87

state 949
	somefmla:  PARSER_TOK_SOME bounds fmla PARSER_TOK_MAXIMIZING.term 

	PARSER_TOK_PRESYMBOL  shift 63
	PARSER_TOK_VARIABLE  shift 88
	PARSER_TOK_LPAREN  shift 78
	PARSER_TOK_TILDA  shift 81
	PARSER_TOK_DOLLAR  shift 86
	PARSER_TOK_FORALL  shift 82
	PARSER_TOK_EXISTS  shift 83
	PARSER_TOK_TRUE  shift 79
	PARSER_TOK_FALSE  shift 80
	PARSER_TOK_OLD  shift 77
	PARSER_TOK_GLOBALLY  shift 84
	PARSER_TOK_EVENTUALLY  shift 85
	.  error

	term  goto 976
	appelem  goto 75
	var  goto 76
	SYMBOLx  goto 87

state 950
	params:  params PARSER_TOK_COMMA param.    (291)

	.  reduce 291 (src line 3474)


state 951
	bounds:  PARSER_TOK_LPAREN lparams PARSER_TOK_RPAREN.    (391)

	.  reduce 391 (src line 4480)


state 952
	SYMBOLx:  SYMBOLx.PARSER_TOK_LB SYMsubscr PARSER_TOK_RB 
	param:  SYMBOLx PARSER_TOK_COLON SYMBOLx.    (289)

	PARSER_TOK_LB  shift 189
	.  reduce 289 (src line 3457)


state 953
	complexact:  PARSER_TOK_WHILE somefmla invariants decreases sequence.    (380)

	.  reduce 380 (src line 4257)


state 954
	invariants:  invariants PARSER_TOK_INVARIANT labeledfmla.    (393)
	invariants:  invariants PARSER_TOK_INVARIANT labeledfmla.PARSER_TOK_PROOF proofstep 

	PARSER_TOK_PROOF  shift 977
	.  reduce 393 (src line 4493)


state 955
	decreases:  PARSER_TOK_DECREASES fmla.    (396)

	.  reduce 396 (src line 4519)


state 956
	complexact:  PARSER_TOK_FOR tterm PARSER_TOK_COMMA tterm PARSER_TOK_IN.fmla invariants decreases sequence 

	PARSER_TOK_PRESYMBOL  shift 63
	PARSER_TOK_VARIABLE  shift 88
	PARSER_TOK_LPAREN  shift 78
	PARSER_TOK_TILDA  shift 81
	PARSER_TOK_DOLLAR  shift 86
	PARSER_TOK_FORALL  shift 82
	PARSER_TOK_EXISTS  shift 83
	PARSER_TOK_TRUE  shift 79
	PARSER_TOK_FALSE  shift 80
	PARSER_TOK_OLD  shift 77
	PARSER_TOK_GLOBALLY  shift 84
	PARSER_TOK_EVENTUALLY  shift 85
	.  error

	term  goto 72
	fmla  goto 978
	appelem  goto 75
	var  goto 76
	SYMBOLx  goto 87

state 957
	complexact:  PARSER_TOK_THUNK labelname SYMBOLx optargs PARSER_TOK_COLON.atype PARSER_TOK_ASSIGN sequence 

	PARSER_TOK_PRESYMBOL  shift 63
	PARSER_TOK_THIS  shift 142
	.  error

	atype  goto 979
	SYMBOLx  goto 141

state 958
	termtuple:  PARSER_TOK_LPAREN term PARSER_TOK_COMMA terms PARSER_TOK_RPAREN.    (370)

	.  reduce 370 (src line 4169)


state 959
	top:  top PARSER_TOK_AROUND atype optargs optreturns PARSER_TOK_LCB actseq optsemi PARSER_TOK_DOTDOTDOT actseq.optsemi PARSER_TOK_RCB 
	optsemi: .    (147)

	PARSER_TOK_SEMI  shift 578
	.  reduce 147 (src line 2422)

	optsemi  goto 980

state 960
	top:  top opttrusted PARSER_TOK_ISOLATE SYMBOLx optargs PARSER_TOK_EQ PARSER_TOK_LCB top PARSER_TOK_RCB optwith.    (44)

	.  reduce 44 (src line 1417)


state 961
	scentranss:  scentranss places PARSER_TOK_ARROW places PARSER_TOK_COLON.scenariomixin 
	scentrans:  places PARSER_TOK_ARROW places PARSER_TOK_COLON.scenariomixin 

	PARSER_TOK_BEFORE  shift 915
	PARSER_TOK_AFTER  shift 916
	.  error

	scenariomixin  goto 981

state 962
	atype:  atype.PARSER_TOK_DOT SYMBOLx 
	scenariomixin:  PARSER_TOK_BEFORE atype.optargs optreturns sequence 
	optargs: .    (283)

	PARSER_TOK_LPAREN  shift 241
	PARSER_TOK_DOT  shift 304
	.  reduce 283 (src line 3418)

	optargs  goto 982

state 963
	atype:  atype.PARSER_TOK_DOT SYMBOLx 
	scenariomixin:  PARSER_TOK_AFTER atype.optargs optreturns sequence 
	optargs: .    (283)

	PARSER_TOK_LPAREN  shift 241
	PARSER_TOK_DOT  shift 304
	.  reduce 283 (src line 3418)

	optargs  goto 983

state 964
	atoms:  atoms PARSER_TOK_COMMA atom.    (253)

	.  reduce 253 (src line 3185)


state 965
	terms:  terms.PARSER_TOK_COMMA term 
	term:  PARSER_TOK_LPAREN PARSER_TOK_DOLLAR SYMBOLx simplevars PARSER_TOK_DOT fmla PARSER_TOK_RPAREN PARSER_TOK_LPAREN terms.PARSER_TOK_RPAREN 

	PARSER_TOK_RPAREN  shift 984
	PARSER_TOK_COMMA  shift 530
	.  error


state 966
	top:  top PARSER_TOK_MODULE modulestart modcat atom optwith PARSER_TOK_EQ PARSER_TOK_LCB top PARSER_TOK_RCB moduleend.    (9)

	.  reduce 9 (src line 851)


state 967
	top:  top PARSER_TOK_SUBCLASS objsym PARSER_TOK_OF atype PARSER_TOK_EQ PARSER_TOK_LCB optdotdotdot top PARSER_TOK_RCB objectend.    (12)

	.  reduce 12 (src line 928)


state 968
	optelse:  PARSER_TOK_ELSE fmla.    (173)

	.  reduce 173 (src line 2618)


state 969
	sort:  PARSER_TOK_LCB SYMBOLx PARSER_TOK_COMMA names PARSER_TOK_RCB.    (234)

	.  reduce 234 (src line 3098)


state 970
	names:  names PARSER_TOK_COMMA.SYMBOLx 

	PARSER_TOK_PRESYMBOL  shift 63
	.  error

	SYMBOLx  goto 985

state 971
	sort:  PARSER_TOK_LCB SYMBOLx PARSER_TOK_DOTS SYMBOLx PARSER_TOK_RCB.    (235)

	.  reduce 235 (src line 3107)


state 972
	upax:  PARSER_TOK_PARAMS tterms PARSER_TOK_IN action PARSER_TOK_ARROW.requires ensures 
	requires: .    (469)

	PARSER_TOK_REQUIRES  shift 638
	.  reduce 469 (src line 5150)

	requires  goto 986

state 973
	debugargs:  debugargs PARSER_TOK_COMMA debugarg.    (373)

	.  reduce 373 (src line 4199)


state 974
	debugarg:  SYMBOLx PARSER_TOK_EQ fmla.    (371)

	.  reduce 371 (src line 4180)


state 975
	term:  term.PARSER_TOK_DOT appelem 
	term:  term.PARSER_TOK_PLUS term 
	term:  term.PARSER_TOK_MINUS term 
	term:  term.PARSER_TOK_TIMES term 
	term:  term.PARSER_TOK_DIV term 
	term:  term.PARSER_TOK_IF fmla PARSER_TOK_ELSE term 
	term:  term.PARSER_TOK_EQ term 
	term:  term.PARSER_TOK_LE term 
	term:  term.PARSER_TOK_LT term 
	term:  term.PARSER_TOK_GE term 
	term:  term.PARSER_TOK_GT term 
	term:  term.PARSER_TOK_PTO term 
	term:  term.PARSER_TOK_TILDAEQ term 
	term:  term.PARSER_TOK_AND term 
	term:  term.PARSER_TOK_OR term 
	term:  term.PARSER_TOK_ARROW term 
	term:  term.PARSER_TOK_IFF term 
	term:  term.PARSER_TOK_WHENNEXT term 
	term:  term.PARSER_TOK_WHENPREV term 
	term:  term.PARSER_TOK_WHENFIRST term 
	term:  term.PARSER_TOK_WHENLAST term 
	term:  term.PARSER_TOK_ISA atype 
	term:  term.PARSER_TOK_COLON atype 
	somefmla:  PARSER_TOK_SOME bounds fmla PARSER_TOK_MINIMIZING term.    (388)

	PARSER_TOK_COLON  shift 218
	PARSER_TOK_DOT  shift 196
	PARSER_TOK_PLUS  shift 197
	PARSER_TOK_MINUS  shift 198
	PARSER_TOK_TIMES  shift 199
	PARSER_TOK_DIV  shift 200
	PARSER_TOK_EQ  shift 202
	PARSER_TOK_TILDAEQ  shift 208
	PARSER_TOK_LE  shift 203
	PARSER_TOK_LT  shift 204
	PARSER_TOK_GE  shift 205
	PARSER_TOK_GT  shift 206
	PARSER_TOK_AND  shift 209
	PARSER_TOK_OR  shift 210
	PARSER_TOK_ARROW  shift 211
	PARSER_TOK_IFF  shift 212
	PARSER_TOK_PTO  shift 207
	PARSER_TOK_ISA  shift 217
	PARSER_TOK_IF  shift 201
	PARSER_TOK_WHENNEXT  shift 213
	PARSER_TOK_WHENPREV  shift 214
	PARSER_TOK_WHENFIRST  shift 215
	PARSER_TOK_WHENLAST  shift 216
	.  reduce 388 (src line 4440)


state 976
	term:  term.PARSER_TOK_DOT appelem 
	term:  term.PARSER_TOK_PLUS term 
	term:  term.PARSER_TOK_MINUS term 
	term:  term.PARSER_TOK_TIMES term 
	term:  term.PARSER_TOK_DIV term 
	term:  term.PARSER_TOK_IF fmla PARSER_TOK_ELSE term 
	term:  term.PARSER_TOK_EQ term 
	term:  term.PARSER_TOK_LE term 
	term:  term.PARSER_TOK_LT term 
	term:  term.PARSER_TOK_GE term 
	term:  term.PARSER_TOK_GT term 
	term:  term.PARSER_TOK_PTO term 
	term:  term.PARSER_TOK_TILDAEQ term 
	term:  term.PARSER_TOK_AND term 
	term:  term.PARSER_TOK_OR term 
	term:  term.PARSER_TOK_ARROW term 
	term:  term.PARSER_TOK_IFF term 
	term:  term.PARSER_TOK_WHENNEXT term 
	term:  term.PARSER_TOK_WHENPREV term 
	term:  term.PARSER_TOK_WHENFIRST term 
	term:  term.PARSER_TOK_WHENLAST term 
	term:  term.PARSER_TOK_ISA atype 
	term:  term.PARSER_TOK_COLON atype 
	somefmla:  PARSER_TOK_SOME bounds fmla PARSER_TOK_MAXIMIZING term.    (389)

	PARSER_TOK_COLON  shift 218
	PARSER_TOK_DOT  shift 196
	PARSER_TOK_PLUS  shift 197
	PARSER_TOK_MINUS  shift 198
	PARSER_TOK_TIMES  shift 199
	PARSER_TOK_DIV  shift 200
	PARSER_TOK_EQ  shift 202
	PARSER_TOK_TILDAEQ  shift 208
	PARSER_TOK_LE  shift 203
	PARSER_TOK_LT  shift 204
	PARSER_TOK_GE  shift 205
	PARSER_TOK_GT  shift 206
	PARSER_TOK_AND  shift 209
	PARSER_TOK_OR  shift 210
	PARSER_TOK_ARROW  shift 211
	PARSER_TOK_IFF  shift 212
	PARSER_TOK_PTO  shift 207
	PARSER_TOK_ISA  shift 217
	PARSER_TOK_IF  shift 201
	PARSER_TOK_WHENNEXT  shift 213
	PARSER_TOK_WHENPREV  shift 214
	PARSER_TOK_WHENFIRST  shift 215
	PARSER_TOK_WHENLAST  shift 216
	.  reduce 389 (src line 4456)


state 977
	invariants:  invariants PARSER_TOK_INVARIANT labeledfmla PARSER_TOK_PROOF.proofstep 
	opttemporal: .    (132)

	PARSER_TOK_LCB  shift 274
	PARSER_TOK_IF  shift 270
	PARSER_TOK_ASSUME  shift 259
	PARSER_TOK_LET  shift 269
	PARSER_TOK_PROOF  shift 268
	PARSER_TOK_INSTANTIATE  shift 260
	PARSER_TOK_FUNCTION  shift 266
	PARSER_TOK_THEOREM  shift 267
	PARSER_TOK_TEMPORAL  shift 68
	PARSER_TOK_TACTIC  shift 264
	PARSER_TOK_SHOWGOALS  shift 261
	PARSER_TOK_DEFERGOAL  shift 262
	PARSER_TOK_SPOIL  shift 263
	PARSER_TOK_UNFOLD  shift 271
	PARSER_TOK_FORGET  shift 272
	PARSER_TOK_APPLY  shift 258
	.  reduce 132 (src line 2318)

	opttemporal  goto 265
	proofstep  goto 987
	proofgroup  goto 273

state 978
	complexact:  PARSER_TOK_FOR tterm PARSER_TOK_COMMA tterm PARSER_TOK_IN fmla.invariants decreases sequence 
	invariants: .    (392)

	.  reduce 392 (src line 4487)

	invariants  goto 988

state 979
	atype:  atype.PARSER_TOK_DOT SYMBOLx 
	complexact:  PARSER_TOK_THUNK labelname SYMBOLx optargs PARSER_TOK_COLON atype.PARSER_TOK_ASSIGN sequence 

	PARSER_TOK_DOT  shift 304
	PARSER_TOK_ASSIGN  shift 989
	.  error


state 980
	top:  top PARSER_TOK_AROUND atype optargs optreturns PARSER_TOK_LCB actseq optsemi PARSER_TOK_DOTDOTDOT actseq optsemi.PARSER_TOK_RCB 

	PARSER_TOK_RCB  shift 990
	.  error


 981: reduce/reduce conflict  (red'ns 405 and 407) on PARSER_TOK_PRESYMBOL
 981: reduce/reduce conflict  (red'ns 405 and 407) on PARSER_TOK_RCB
state 981
	scentranss:  scentranss places PARSER_TOK_ARROW places PARSER_TOK_COLON scenariomixin.    (405)
	scentrans:  places PARSER_TOK_ARROW places PARSER_TOK_COLON scenariomixin.    (407)

	.  reduce 405 (src line 4596)


state 982
	scenariomixin:  PARSER_TOK_BEFORE atype optargs.optreturns sequence 
	optreturns: .    (285)

	PARSER_TOK_RETURNS  shift 465
	.  reduce 285 (src line 3431)

	optreturns  goto 991

state 983
	scenariomixin:  PARSER_TOK_AFTER atype optargs.optreturns sequence 
	optreturns: .    (285)

	PARSER_TOK_RETURNS  shift 465
	.  reduce 285 (src line 3431)

	optreturns  goto 992

state 984
	term:  PARSER_TOK_LPAREN PARSER_TOK_DOLLAR SYMBOLx simplevars PARSER_TOK_DOT fmla PARSER_TOK_RPAREN PARSER_TOK_LPAREN terms PARSER_TOK_RPAREN.    (121)

	.  reduce 121 (src line 2205)


state 985
	SYMBOLx:  SYMBOLx.PARSER_TOK_LB SYMsubscr PARSER_TOK_RB 
	names:  names PARSER_TOK_COMMA SYMBOLx.    (239)

	PARSER_TOK_LB  shift 189
	.  reduce 239 (src line 3131)


state 986
	upax:  PARSER_TOK_PARAMS tterms PARSER_TOK_IN action PARSER_TOK_ARROW requires.ensures 

	PARSER_TOK_ENSURES  shift 854
	.  error

	ensures  goto 993

state 987
	invariants:  invariants PARSER_TOK_INVARIANT labeledfmla PARSER_TOK_PROOF proofstep.    (394)

	.  reduce 394 (src line 4502)


state 988
	complexact:  PARSER_TOK_FOR tterm PARSER_TOK_COMMA tterm PARSER_TOK_IN fmla invariants.decreases sequence 
	invariants:  invariants.PARSER_TOK_INVARIANT labeledfmla 
	invariants:  invariants.PARSER_TOK_INVARIANT labeledfmla PARSER_TOK_PROOF proofstep 
	decreases: .    (395)

	PARSER_TOK_INVARIANT  shift 900
	PARSER_TOK_DECREASES  shift 901
	.  reduce 395 (src line 4513)

	decreases  goto 994

state 989
	complexact:  PARSER_TOK_THUNK labelname SYMBOLx optargs PARSER_TOK_COLON atype PARSER_TOK_ASSIGN.sequence 

	PARSER_TOK_LCB  shift 460
	.  error

	sequence  goto 995

state 990
	top:  top PARSER_TOK_AROUND atype optargs optreturns PARSER_TOK_LCB actseq optsemi PARSER_TOK_DOTDOTDOT actseq optsemi PARSER_TOK_RCB.    (38)

	.  reduce 38 (src line 1315)


state 991
	scenariomixin:  PARSER_TOK_BEFORE atype optargs optreturns.sequence 

	PARSER_TOK_LCB  shift 460
	.  error

	sequence  goto 996

state 992
	scenariomixin:  PARSER_TOK_AFTER atype optargs optreturns.sequence 

	PARSER_TOK_LCB  shift 460
	.  error

	sequence  goto 997

state 993
	upax:  PARSER_TOK_PARAMS tterms PARSER_TOK_IN action PARSER_TOK_ARROW requires ensures.    (478)

	.  reduce 478 (src line 5207)


state 994
	complexact:  PARSER_TOK_FOR tterm PARSER_TOK_COMMA tterm PARSER_TOK_IN fmla invariants decreases.sequence 

	PARSER_TOK_LCB  shift 460
	.  error

	sequence  goto 998

state 995
	complexact:  PARSER_TOK_THUNK labelname SYMBOLx optargs PARSER_TOK_COLON atype PARSER_TOK_ASSIGN sequence.    (384)

	.  reduce 384 (src line 4376)


state 996
	scenariomixin:  PARSER_TOK_BEFORE atype optargs optreturns sequence.    (409)

	.  reduce 409 (src line 4631)


state 997
	scenariomixin:  PARSER_TOK_AFTER atype optargs optreturns sequence.    (410)

	.  reduce 410 (src line 4645)


state 998
	complexact:  PARSER_TOK_FOR tterm PARSER_TOK_COMMA tterm PARSER_TOK_IN fmla invariants decreases sequence.    (381)

	.  reduce 381 (src line 4270)

Rule not reduced: tatom:  SYMBOLx 
Rule not reduced: tatom:  SYMBOLx targs 
Rule not reduced: tatom:  PARSER_TOK_LPAREN var relop var PARSER_TOK_RPAREN 
Rule not reduced: tatoms:  tatom 
Rule not reduced: tatoms:  tatoms PARSER_TOK_COMMA tatom 
Rule not reduced: opteq:  
Rule not reduced: opteq:  PARSER_TOK_EQ 
Rule not reduced: optactualreturns:  
Rule not reduced: pname:  PARSER_TOK_THIS 
Rule not reduced: scentrans:  places PARSER_TOK_ARROW places PARSER_TOK_COLON scenariomixin 
Rule not reduced: scentrans:  places PARSER_TOK_COLON scenariomixin 
Rule not reduced: loc:  
Rule not reduced: loc:  SYMBOLx 
Rule not reduced: symbols:  SYMBOLx 
Rule not reduced: symbols:  symbols PARSER_TOK_COMMA SYMBOLx 

154 terminals, 158 nonterminals
509 grammar rules, 999/16000 states
337 shift/reduce, 108 reduce/reduce conflicts reported
207 working sets used
memory: parser 1470/240000
1220 extra closures
3639 shift entries, 101 exceptions
776 goto entries
639 entries saved by goto default
Optimizer space used: output 2904/240000
2904 table entries, 648 zero
maximum spread: 154, maximum offset: 994
