
state 0
	$accept: .top $end 
	top: .    (1)

	.  reduce 1 (src line 481)

	top  goto 1

state 1
	$accept:  top.$end 
	top:  top.TOK_USING SYMBOLx 
	top:  top.TOK_INCLUDE SYMBOLx 
	top:  top.optexplicit opttemporal TOK_AXIOM lgprop 
	top:  top.optexplicit opttemporal TOK_PROPERTY labeledfmla optskolem optproof 
	top:  top.TOK_CONJECTURE labeledfmla 
	top:  top.optexplicit TOK_INVARIANT labeledfmla optproof 
	top:  top.TOK_UNPROVABLE TOK_INVARIANT labeledfmla optproof 
	top:  top.TOK_MODULE modulestart modcat atom optwith TOK_EQ TOK_LCB top TOK_RCB moduleend 
	top:  top.TOK_OBJECT objsym objectargs TOK_EQ TOK_LCB optdotdotdot top TOK_RCB objectend 
	top:  top.TOK_CLASS objsym objectargs TOK_EQ TOK_LCB optdotdotdot top TOK_RCB objectend 
	top:  top.TOK_SUBCLASS objsym TOK_OF atype TOK_EQ TOK_LCB optdotdotdot top TOK_RCB objectend 
	top:  top.optexplicit TOK_DEFINITION optlabel gdefn optproof 
	top:  top.TOK_SCHEMA schdefn 
	top:  top.TOK_THEOREM schdefn optproof 
	top:  top.TOK_THEOREM labelname schdefnrhs optproof 
	top:  top.TOK_PROOF labelname proofstep 
	top:  top.TOK_INSTANTIATE insts 
	top:  top.TOK_AUTOINSTANCE insts 
	top:  top.symdecl 
	top:  top.TOK_RELATION rels 
	top:  top.TOK_FUNCTION funs 
	top:  top.TOK_DERIVED defns 
	top:  top.optfinite optghost TOK_TYPE typesymbol 
	top:  top.optfinite optghost TOK_TYPE typesymbol TOK_EQ sort 
	top:  top.TOK_PROGRESS defns 
	top:  top.TOK_RELY atom TOK_ARROW atom 
	top:  top.TOK_RELY atom 
	top:  top.TOK_MIXORD callatom TOK_ARROW callatom 
	top:  top.TOK_CONCEPT cdefns 
	top:  top.TOK_UPDATE apps TOK_FROM apps upaxes 
	top:  top.TOK_MACRO atom TOK_EQ sequence 
	top:  top.optimpex actmeth SYMBOLx optargs optreturns optactiondef 
	top:  top.TOK_MIXIN callatom TOK_BEFORE callatom 
	top:  top.TOK_MIXIN callatom TOK_AFTER callatom 
	top:  top.TOK_BEFORE atype optargs optreturns sequence 
	top:  top.TOK_AFTER atype optargs optreturns topseq 
	top:  top.TOK_AROUND atype optargs optreturns TOK_LCB actseq optsemi TOK_DOTDOTDOT actseq optsemi TOK_RCB 
	top:  top.TOK_AFTER TOK_INIT optargs topseq 
	top:  top.TOK_IMPLEMENT atype optargs optreturns topseq 
	top:  top.TOK_IMPLEMENT TOK_TYPE SYMBOLx TOK_WITH SYMBOLx 
	top:  top.opttrusted TOK_ISOLATE SYMBOLx optargs TOK_EQ callatoms 
	top:  top.opttrusted TOK_ISOLATE SYMBOLx optargs TOK_EQ callatoms TOK_WITH callatoms 
	top:  top.opttrusted TOK_ISOLATE SYMBOLx optargs TOK_EQ TOK_LCB top TOK_RCB optwith 
	top:  top.TOK_EXTRACT objsym objectargs TOK_EQ TOK_LCB top TOK_RCB optwith 
	top:  top.TOK_EXTRACT objsym objectargs TOK_EQ callatoms 
	top:  top.TOK_EXPORT callatom 
	top:  top.TOK_IMPORT callatom 
	top:  top.TOK_DELEGATE callatoms optdelegee 
	top:  top.TOK_INTERPRET oper TOK_ARROW oper 
	top:  top.TOK_INTERPRET oper TOK_ARROW TOK_LCB term TOK_DOTS term TOK_RCB 
	top:  top.TOK_INTERPRET oper TOK_ARROW TOK_LCB SYMBOLx moresymbols TOK_RCB 
	top:  top.TOK_ALIAS SYMBOLx TOK_EQ callatom 
	top:  top.TOK_ATTRIBUTE callatom TOK_EQ attributeval 
	top:  top.TOK_VARIANT typesymbol TOK_OF atype 
	top:  top.TOK_VARIANT typesymbol TOK_OF atype TOK_EQ sort 
	top:  top.TOK_NATIVEQUOTE 
	top:  top.TOK_SCENARIO TOK_LCB sceninit TOK_SEMI scentranss TOK_RCB 
	top:  top.specimpl TOK_LCB top TOK_RCB 
	top:  top.TOK_STATE SYMBOLx TOK_EQ state_expr 
	top:  top.TOK_ASSERT SYMBOLx TOK_ARROW assert_rhs 
	optexplicit: .    (134)
	optfinite: .    (227)
	optimpex: .    (299)
	opttrusted: .    (277)

	$end  accept
	TOK_NATIVEQUOTE  shift 42
	TOK_ASSERT  shift 46
	TOK_VAR  shift 60
	TOK_UNPROVABLE  shift 6
	TOK_PROOF  shift 13
	TOK_INSTANTIATE  shift 14
	TOK_RELATION  shift 17
	TOK_INDIV  shift 59
	TOK_FUNCTION  shift 18
	TOK_DERIVED  shift 19
	TOK_CONJECTURE  shift 5
	TOK_SCHEMA  shift 11
	TOK_THEOREM  shift 12
	TOK_TYPE  reduce 227 (src line 2437)
	TOK_MODULE  shift 7
	TOK_OBJECT  shift 8
	TOK_CLASS  shift 9
	TOK_SUBCLASS  shift 10
	TOK_ACTION  reduce 299 (src line 2901)
	TOK_METHOD  reduce 299 (src line 2901)
	TOK_BEFORE  shift 29
	TOK_AFTER  shift 30
	TOK_AROUND  shift 31
	TOK_MIXIN  shift 28
	TOK_IMPLEMENT  shift 32
	TOK_ISOLATE  reduce 277 (src line 2740)
	TOK_EXTRACT  shift 34
	TOK_TRUSTED  shift 53
	TOK_EXPORT  shift 35
	TOK_IMPORT  shift 36
	TOK_DELEGATE  shift 37
	TOK_USING  shift 2
	TOK_INCLUDE  shift 3
	TOK_INTERPRET  shift 38
	TOK_MACRO  shift 26
	TOK_ALIAS  shift 39
	TOK_ATTRIBUTE  shift 40
	TOK_VARIANT  shift 41
	TOK_SCENARIO  shift 43
	TOK_PROGRESS  shift 21
	TOK_RELY  shift 22
	TOK_MIXORD  shift 23
	TOK_CONCEPT  shift 24
	TOK_STATE  shift 45
	TOK_UPDATE  shift 25
	TOK_EXPLICIT  shift 47
	TOK_SPECIFICATION  shift 54
	TOK_IMPLEMENTATION  shift 55
	TOK_PRIVATE  shift 56
	TOK_GLOBAL  shift 57
	TOK_COMMON  shift 58
	TOK_GHOST  reduce 227 (src line 2437)
	TOK_FINITE  shift 52
	TOK_PARAMETER  shift 61
	TOK_DESTRUCTOR  shift 49
	TOK_CONSTRUCTOR  shift 51
	TOK_FIELD  shift 50
	TOK_AUTOINSTANCE  shift 15
	.  reduce 134 (src line 1780)

	optexplicit  goto 4
	symdecl  goto 16
	constantdecl  goto 48
	optfinite  goto 20
	optimpex  goto 27
	opttrusted  goto 33
	specimpl  goto 44

state 2
	top:  top TOK_USING.SYMBOLx 

	TOK_PRESYMBOL  shift 63
	.  error

	SYMBOLx  goto 62

state 3
	top:  top TOK_INCLUDE.SYMBOLx 

	TOK_PRESYMBOL  shift 63
	.  error

	SYMBOLx  goto 64

state 4
	top:  top optexplicit.opttemporal TOK_AXIOM lgprop 
	top:  top optexplicit.opttemporal TOK_PROPERTY labeledfmla optskolem optproof 
	top:  top optexplicit.TOK_INVARIANT labeledfmla optproof 
	top:  top optexplicit.TOK_DEFINITION optlabel gdefn optproof 
	opttemporal: .    (130)

	TOK_INVARIANT  shift 66
	TOK_DEFINITION  shift 67
	TOK_TEMPORAL  shift 68
	.  reduce 130 (src line 1754)

	opttemporal  goto 65

state 5
	top:  top TOK_CONJECTURE.labeledfmla 

	TOK_PRESYMBOL  shift 63
	TOK_VARIABLE  shift 88
	TOK_LABEL  shift 74
	TOK_LPAREN  shift 78
	TOK_LB  shift 73
	TOK_TILDA  shift 81
	TOK_DOLLAR  shift 86
	TOK_FORALL  shift 82
	TOK_EXISTS  shift 83
	TOK_TRUE  shift 79
	TOK_FALSE  shift 80
	TOK_OLD  shift 77
	TOK_GLOBALLY  shift 84
	TOK_EVENTUALLY  shift 85
	.  error

	term  goto 72
	fmla  goto 70
	appelem  goto 75
	var  goto 76
	SYMBOLx  goto 87
	labelname  goto 71
	labeledfmla  goto 69

state 6
	top:  top TOK_UNPROVABLE.TOK_INVARIANT labeledfmla optproof 

	TOK_INVARIANT  shift 89
	.  error


state 7
	top:  top TOK_MODULE.modulestart modcat atom optwith TOK_EQ TOK_LCB top TOK_RCB moduleend 
	modulestart: .    (265)

	.  reduce 265 (src line 2654)

	modulestart  goto 90

state 8
	top:  top TOK_OBJECT.objsym objectargs TOK_EQ TOK_LCB optdotdotdot top TOK_RCB objectend 

	TOK_PRESYMBOL  shift 63
	.  error

	SYMBOLx  goto 92
	objsym  goto 91

state 9
	top:  top TOK_CLASS.objsym objectargs TOK_EQ TOK_LCB optdotdotdot top TOK_RCB objectend 

	TOK_PRESYMBOL  shift 63
	.  error

	SYMBOLx  goto 92
	objsym  goto 93

state 10
	top:  top TOK_SUBCLASS.objsym TOK_OF atype TOK_EQ TOK_LCB optdotdotdot top TOK_RCB objectend 

	TOK_PRESYMBOL  shift 63
	.  error

	SYMBOLx  goto 92
	objsym  goto 94

state 11
	top:  top TOK_SCHEMA.schdefn 

	TOK_PRESYMBOL  shift 63
	TOK_LPAREN  shift 98
	.  error

	SYMBOLx  goto 99
	defnlhs  goto 96
	schdefn  goto 95
	dotsym  goto 97

state 12
	top:  top TOK_THEOREM.schdefn optproof 
	top:  top TOK_THEOREM.labelname schdefnrhs optproof 

	TOK_PRESYMBOL  shift 63
	TOK_LABEL  shift 74
	TOK_LPAREN  shift 98
	TOK_LB  shift 73
	.  error

	SYMBOLx  goto 99
	labelname  goto 101
	defnlhs  goto 96
	schdefn  goto 100
	dotsym  goto 97

state 13
	top:  top TOK_PROOF.labelname proofstep 

	TOK_LABEL  shift 74
	TOK_LB  shift 73
	.  error

	labelname  goto 102

state 14
	top:  top TOK_INSTANTIATE.insts 

	TOK_PRESYMBOL  shift 63
	.  error

	SYMBOLx  goto 99
	dotsym  goto 106
	inst  goto 104
	modinst  goto 105
	insts  goto 103

state 15
	top:  top TOK_AUTOINSTANCE.insts 

	TOK_PRESYMBOL  shift 63
	.  error

	SYMBOLx  goto 99
	dotsym  goto 106
	inst  goto 104
	modinst  goto 105
	insts  goto 107

state 16
	top:  top symdecl.    (20)

	.  reduce 20 (src line 734)


state 17
	top:  top TOK_RELATION.rels 

	TOK_PRESYMBOL  shift 63
	TOK_LPAREN  shift 98
	.  error

	SYMBOLx  goto 99
	defn  goto 111
	defnlhs  goto 110
	typeddefn  goto 112
	rel  goto 109
	rels  goto 108
	dotsym  goto 97

state 18
	top:  top TOK_FUNCTION.funs 

	TOK_PRESYMBOL  shift 63
	TOK_LPAREN  shift 98
	.  error

	SYMBOLx  goto 99
	defnlhs  goto 116
	typeddefn  goto 115
	fun  goto 114
	funs  goto 113
	dotsym  goto 97

state 19
	top:  top TOK_DERIVED.defns 

	TOK_PRESYMBOL  shift 63
	TOK_LPAREN  shift 98
	.  error

	SYMBOLx  goto 99
	defn  goto 118
	defnlhs  goto 116
	typeddefn  goto 112
	defns  goto 117
	dotsym  goto 97

state 20
	top:  top optfinite.optghost TOK_TYPE typesymbol 
	top:  top optfinite.optghost TOK_TYPE typesymbol TOK_EQ sort 
	optghost: .    (229)

	TOK_GHOST  shift 120
	.  reduce 229 (src line 2450)

	optghost  goto 119

state 21
	top:  top TOK_PROGRESS.defns 

	TOK_PRESYMBOL  shift 63
	TOK_LPAREN  shift 98
	.  error

	SYMBOLx  goto 99
	defn  goto 118
	defnlhs  goto 116
	typeddefn  goto 112
	defns  goto 121
	dotsym  goto 97

state 22
	top:  top TOK_RELY.atom TOK_ARROW atom 
	top:  top TOK_RELY.atom 

	TOK_PRESYMBOL  shift 63
	.  error

	SYMBOLx  goto 123
	atom  goto 122

state 23
	top:  top TOK_MIXORD.callatom TOK_ARROW callatom 

	TOK_PRESYMBOL  shift 63
	TOK_THIS  shift 126
	TOK_METHOD  shift 127
	.  error

	SYMBOLx  goto 123
	atom  goto 125
	callatom  goto 124

state 24
	top:  top TOK_CONCEPT.cdefns 

	TOK_PRESYMBOL  shift 63
	.  error

	SYMBOLx  goto 123
	atom  goto 130
	cdefn  goto 129
	cdefns  goto 128

state 25
	top:  top TOK_UPDATE.apps TOK_FROM apps upaxes 

	TOK_PRESYMBOL  shift 63
	TOK_VARIABLE  shift 88
	TOK_LPAREN  shift 78
	TOK_TILDA  shift 81
	TOK_DOLLAR  shift 86
	TOK_FORALL  shift 82
	TOK_EXISTS  shift 83
	TOK_TRUE  shift 79
	TOK_FALSE  shift 80
	TOK_OLD  shift 77
	TOK_GLOBALLY  shift 84
	TOK_EVENTUALLY  shift 85
	.  error

	term  goto 134
	appelem  goto 75
	var  goto 76
	SYMBOLx  goto 133
	app  goto 132
	apps  goto 131

state 26
	top:  top TOK_MACRO.atom TOK_EQ sequence 

	TOK_PRESYMBOL  shift 63
	.  error

	SYMBOLx  goto 123
	atom  goto 135

state 27
	top:  top optimpex.actmeth SYMBOLx optargs optreturns optactiondef 

	TOK_ACTION  shift 137
	TOK_METHOD  shift 138
	.  error

	actmeth  goto 136

state 28
	top:  top TOK_MIXIN.callatom TOK_BEFORE callatom 
	top:  top TOK_MIXIN.callatom TOK_AFTER callatom 

	TOK_PRESYMBOL  shift 63
	TOK_THIS  shift 126
	TOK_METHOD  shift 127
	.  error

	SYMBOLx  goto 123
	atom  goto 125
	callatom  goto 139

state 29
	top:  top TOK_BEFORE.atype optargs optreturns sequence 

	TOK_PRESYMBOL  shift 63
	TOK_THIS  shift 142
	.  error

	atype  goto 140
	SYMBOLx  goto 141

state 30
	top:  top TOK_AFTER.atype optargs optreturns topseq 
	top:  top TOK_AFTER.TOK_INIT optargs topseq 

	TOK_PRESYMBOL  shift 63
	TOK_THIS  shift 142
	TOK_INIT  shift 144
	.  error

	atype  goto 143
	SYMBOLx  goto 141

state 31
	top:  top TOK_AROUND.atype optargs optreturns TOK_LCB actseq optsemi TOK_DOTDOTDOT actseq optsemi TOK_RCB 

	TOK_PRESYMBOL  shift 63
	TOK_THIS  shift 142
	.  error

	atype  goto 145
	SYMBOLx  goto 141

state 32
	top:  top TOK_IMPLEMENT.atype optargs optreturns topseq 
	top:  top TOK_IMPLEMENT.TOK_TYPE SYMBOLx TOK_WITH SYMBOLx 

	TOK_PRESYMBOL  shift 63
	TOK_THIS  shift 142
	TOK_TYPE  shift 147
	.  error

	atype  goto 146
	SYMBOLx  goto 141

state 33
	top:  top opttrusted.TOK_ISOLATE SYMBOLx optargs TOK_EQ callatoms 
	top:  top opttrusted.TOK_ISOLATE SYMBOLx optargs TOK_EQ callatoms TOK_WITH callatoms 
	top:  top opttrusted.TOK_ISOLATE SYMBOLx optargs TOK_EQ TOK_LCB top TOK_RCB optwith 

	TOK_ISOLATE  shift 148
	.  error


state 34
	top:  top TOK_EXTRACT.objsym objectargs TOK_EQ TOK_LCB top TOK_RCB optwith 
	top:  top TOK_EXTRACT.objsym objectargs TOK_EQ callatoms 

	TOK_PRESYMBOL  shift 63
	.  error

	SYMBOLx  goto 92
	objsym  goto 149

35: shift/reduce conflict (shift 127(0), red'n 300(0)) on TOK_METHOD
state 35
	top:  top TOK_EXPORT.callatom 
	optimpex:  TOK_EXPORT.    (300)

	TOK_PRESYMBOL  shift 63
	TOK_THIS  shift 126
	TOK_METHOD  shift 127
	.  reduce 300 (src line 2907)

	SYMBOLx  goto 123
	atom  goto 125
	callatom  goto 150

36: shift/reduce conflict (shift 127(0), red'n 301(0)) on TOK_METHOD
state 36
	top:  top TOK_IMPORT.callatom 
	optimpex:  TOK_IMPORT.    (301)

	TOK_PRESYMBOL  shift 63
	TOK_THIS  shift 126
	TOK_METHOD  shift 127
	.  reduce 301 (src line 2912)

	SYMBOLx  goto 123
	atom  goto 125
	callatom  goto 151

state 37
	top:  top TOK_DELEGATE.callatoms optdelegee 

	TOK_PRESYMBOL  shift 63
	TOK_THIS  shift 126
	TOK_METHOD  shift 127
	.  error

	SYMBOLx  goto 123
	atom  goto 125
	callatom  goto 153
	callatoms  goto 152

state 38
	top:  top TOK_INTERPRET.oper TOK_ARROW oper 
	top:  top TOK_INTERPRET.oper TOK_ARROW TOK_LCB term TOK_DOTS term TOK_RCB 
	top:  top TOK_INTERPRET.oper TOK_ARROW TOK_LCB SYMBOLx moresymbols TOK_RCB 

	TOK_PRESYMBOL  shift 63
	TOK_NATIVEQUOTE  shift 158
	TOK_PLUS  shift 165
	TOK_MINUS  shift 166
	TOK_TIMES  shift 167
	TOK_DIV  shift 168
	TOK_EQ  shift 159
	TOK_LE  shift 160
	TOK_LT  shift 161
	TOK_GE  shift 162
	TOK_GT  shift 163
	TOK_PTO  shift 164
	TOK_THIS  shift 142
	.  error

	atype  goto 155
	SYMBOLx  goto 141
	oper  goto 154
	relop  goto 156
	infix  goto 157

state 39
	top:  top TOK_ALIAS.SYMBOLx TOK_EQ callatom 

	TOK_PRESYMBOL  shift 63
	.  error

	SYMBOLx  goto 169

state 40
	top:  top TOK_ATTRIBUTE.callatom TOK_EQ attributeval 

	TOK_PRESYMBOL  shift 63
	TOK_THIS  shift 126
	TOK_METHOD  shift 127
	.  error

	SYMBOLx  goto 123
	atom  goto 125
	callatom  goto 170

state 41
	top:  top TOK_VARIANT.typesymbol TOK_OF atype 
	top:  top TOK_VARIANT.typesymbol TOK_OF atype TOK_EQ sort 

	TOK_PRESYMBOL  shift 63
	TOK_THIS  shift 173
	.  error

	SYMBOLx  goto 172
	typesymbol  goto 171

state 42
	top:  top TOK_NATIVEQUOTE.    (57)

	.  reduce 57 (src line 1166)


state 43
	top:  top TOK_SCENARIO.TOK_LCB sceninit TOK_SEMI scentranss TOK_RCB 

	TOK_LCB  shift 174
	.  error


state 44
	top:  top specimpl.TOK_LCB top TOK_RCB 

	TOK_LCB  shift 175
	.  error


state 45
	top:  top TOK_STATE.SYMBOLx TOK_EQ state_expr 

	TOK_PRESYMBOL  shift 63
	.  error

	SYMBOLx  goto 176

state 46
	top:  top TOK_ASSERT.SYMBOLx TOK_ARROW assert_rhs 

	TOK_PRESYMBOL  shift 63
	.  error

	SYMBOLx  goto 177

state 47
	optexplicit:  TOK_EXPLICIT.    (135)

	.  reduce 135 (src line 1786)


state 48
	symdecl:  constantdecl.    (187)

	.  reduce 187 (src line 2159)


state 49
	symdecl:  TOK_DESTRUCTOR.tterms 

	TOK_PRESYMBOL  shift 63
	TOK_LPAREN  shift 183
	TOK_CARET  shift 182
	.  error

	SYMBOLx  goto 181
	tapp  goto 180
	tterm  goto 179
	tterms  goto 178

state 50
	symdecl:  TOK_FIELD.tterms 

	TOK_PRESYMBOL  shift 63
	TOK_LPAREN  shift 183
	TOK_CARET  shift 182
	.  error

	SYMBOLx  goto 181
	tapp  goto 180
	tterm  goto 179
	tterms  goto 184

state 51
	symdecl:  TOK_CONSTRUCTOR.tterms 

	TOK_PRESYMBOL  shift 63
	TOK_LPAREN  shift 183
	TOK_CARET  shift 182
	.  error

	SYMBOLx  goto 181
	tapp  goto 180
	tterm  goto 179
	tterms  goto 185

state 52
	optfinite:  TOK_FINITE.    (228)

	.  reduce 228 (src line 2443)


state 53
	opttrusted:  TOK_TRUSTED.    (278)

	.  reduce 278 (src line 2746)


state 54
	specimpl:  TOK_SPECIFICATION.    (304)

	.  reduce 304 (src line 2936)


state 55
	specimpl:  TOK_IMPLEMENTATION.    (305)

	.  reduce 305 (src line 2942)


state 56
	specimpl:  TOK_PRIVATE.    (306)

	.  reduce 306 (src line 2947)


state 57
	specimpl:  TOK_GLOBAL.    (307)

	.  reduce 307 (src line 2952)


state 58
	specimpl:  TOK_COMMON.    (308)

	.  reduce 308 (src line 2957)


state 59
	constantdecl:  TOK_INDIV.tterms 

	TOK_PRESYMBOL  shift 63
	TOK_LPAREN  shift 183
	TOK_CARET  shift 182
	.  error

	SYMBOLx  goto 181
	tapp  goto 180
	tterm  goto 179
	tterms  goto 186

state 60
	constantdecl:  TOK_VAR.tterms 

	TOK_PRESYMBOL  shift 63
	TOK_LPAREN  shift 183
	TOK_CARET  shift 182
	.  error

	SYMBOLx  goto 181
	tapp  goto 180
	tterm  goto 179
	tterms  goto 187

state 61
	constantdecl:  TOK_PARAMETER.parameter 

	TOK_PRESYMBOL  shift 63
	TOK_LPAREN  shift 183
	TOK_CARET  shift 182
	.  error

	SYMBOLx  goto 181
	parameter  goto 188
	tapp  goto 180
	tterm  goto 189

state 62
	top:  top TOK_USING SYMBOLx.    (2)
	SYMBOLx:  SYMBOLx.TOK_LB SYMsubscr TOK_RB 

	TOK_LB  shift 190
	.  reduce 2 (src line 490)


state 63
	SYMBOLx:  TOK_PRESYMBOL.    (62)

	.  reduce 62 (src line 1212)


state 64
	top:  top TOK_INCLUDE SYMBOLx.    (3)
	SYMBOLx:  SYMBOLx.TOK_LB SYMsubscr TOK_RB 

	TOK_LB  shift 190
	.  reduce 3 (src line 496)


state 65
	top:  top optexplicit opttemporal.TOK_AXIOM lgprop 
	top:  top optexplicit opttemporal.TOK_PROPERTY labeledfmla optskolem optproof 

	TOK_AXIOM  shift 191
	TOK_PROPERTY  shift 192
	.  error


state 66
	top:  top optexplicit TOK_INVARIANT.labeledfmla optproof 

	TOK_PRESYMBOL  shift 63
	TOK_VARIABLE  shift 88
	TOK_LABEL  shift 74
	TOK_LPAREN  shift 78
	TOK_LB  shift 73
	TOK_TILDA  shift 81
	TOK_DOLLAR  shift 86
	TOK_FORALL  shift 82
	TOK_EXISTS  shift 83
	TOK_TRUE  shift 79
	TOK_FALSE  shift 80
	TOK_OLD  shift 77
	TOK_GLOBALLY  shift 84
	TOK_EVENTUALLY  shift 85
	.  error

	term  goto 72
	fmla  goto 70
	appelem  goto 75
	var  goto 76
	SYMBOLx  goto 87
	labelname  goto 71
	labeledfmla  goto 193

state 67
	top:  top optexplicit TOK_DEFINITION.optlabel gdefn optproof 
	optlabel: .    (136)

	TOK_LABEL  shift 74
	TOK_LB  shift 73
	.  reduce 136 (src line 1793)

	labelname  goto 195
	optlabel  goto 194

state 68
	opttemporal:  TOK_TEMPORAL.    (131)

	.  reduce 131 (src line 1760)


state 69
	top:  top TOK_CONJECTURE labeledfmla.    (6)

	.  reduce 6 (src line 567)


state 70
	labeledfmla:  fmla.    (123)

	.  reduce 123 (src line 1693)


state 71
	labeledfmla:  labelname.fmla 

	TOK_PRESYMBOL  shift 63
	TOK_VARIABLE  shift 88
	TOK_LPAREN  shift 78
	TOK_TILDA  shift 81
	TOK_DOLLAR  shift 86
	TOK_FORALL  shift 82
	TOK_EXISTS  shift 83
	TOK_TRUE  shift 79
	TOK_FALSE  shift 80
	TOK_OLD  shift 77
	TOK_GLOBALLY  shift 84
	TOK_EVENTUALLY  shift 85
	.  error

	term  goto 72
	fmla  goto 196
	appelem  goto 75
	var  goto 76
	SYMBOLx  goto 87

72: shift/reduce conflict (shift 219(11), red'n 122(0)) on TOK_COLON
72: shift/reduce conflict (shift 197(16), red'n 122(0)) on TOK_DOT
72: shift/reduce conflict (shift 198(12), red'n 122(0)) on TOK_PLUS
72: shift/reduce conflict (shift 199(12), red'n 122(0)) on TOK_MINUS
72: shift/reduce conflict (shift 200(13), red'n 122(0)) on TOK_TIMES
72: shift/reduce conflict (shift 201(13), red'n 122(0)) on TOK_DIV
72: shift/reduce conflict (shift 203(7), red'n 122(0)) on TOK_EQ
72: shift/reduce conflict (shift 209(8), red'n 122(0)) on TOK_TILDAEQ
72: shift/reduce conflict (shift 204(7), red'n 122(0)) on TOK_LE
72: shift/reduce conflict (shift 205(7), red'n 122(0)) on TOK_LT
72: shift/reduce conflict (shift 206(7), red'n 122(0)) on TOK_GE
72: shift/reduce conflict (shift 207(7), red'n 122(0)) on TOK_GT
72: shift/reduce conflict (shift 210(5), red'n 122(0)) on TOK_AND
72: shift/reduce conflict (shift 211(4), red'n 122(0)) on TOK_OR
72: shift/reduce conflict (shift 212(3), red'n 122(0)) on TOK_ARROW
72: shift/reduce conflict (shift 213(3), red'n 122(0)) on TOK_IFF
72: shift/reduce conflict (shift 208(7), red'n 122(0)) on TOK_PTO
72: shift/reduce conflict (shift 218(7), red'n 122(0)) on TOK_ISA
72: shift/reduce conflict (shift 202(9), red'n 122(0)) on TOK_IF
72: shift/reduce conflict (shift 214(0), red'n 122(0)) on TOK_WHENNEXT
72: shift/reduce conflict (shift 215(0), red'n 122(0)) on TOK_WHENPREV
72: shift/reduce conflict (shift 216(0), red'n 122(0)) on TOK_WHENFIRST
72: shift/reduce conflict (shift 217(0), red'n 122(0)) on TOK_WHENLAST
state 72
	term:  term.TOK_DOT appelem 
	term:  term.TOK_PLUS term 
	term:  term.TOK_MINUS term 
	term:  term.TOK_TIMES term 
	term:  term.TOK_DIV term 
	term:  term.TOK_IF fmla TOK_ELSE term 
	term:  term.TOK_EQ term 
	term:  term.TOK_LE term 
	term:  term.TOK_LT term 
	term:  term.TOK_GE term 
	term:  term.TOK_GT term 
	term:  term.TOK_PTO term 
	term:  term.TOK_TILDAEQ term 
	term:  term.TOK_AND term 
	term:  term.TOK_OR term 
	term:  term.TOK_ARROW term 
	term:  term.TOK_IFF term 
	term:  term.TOK_WHENNEXT term 
	term:  term.TOK_WHENPREV term 
	term:  term.TOK_WHENFIRST term 
	term:  term.TOK_WHENLAST term 
	term:  term.TOK_ISA atype 
	term:  term.TOK_COLON atype 
	fmla:  term.    (122)

	TOK_COLON  shift 219
	TOK_DOT  shift 197
	TOK_PLUS  shift 198
	TOK_MINUS  shift 199
	TOK_TIMES  shift 200
	TOK_DIV  shift 201
	TOK_EQ  shift 203
	TOK_TILDAEQ  shift 209
	TOK_LE  shift 204
	TOK_LT  shift 205
	TOK_GE  shift 206
	TOK_GT  shift 207
	TOK_AND  shift 210
	TOK_OR  shift 211
	TOK_ARROW  shift 212
	TOK_IFF  shift 213
	TOK_PTO  shift 208
	TOK_ISA  shift 218
	TOK_IF  shift 202
	TOK_WHENNEXT  shift 214
	TOK_WHENPREV  shift 215
	TOK_WHENFIRST  shift 216
	TOK_WHENLAST  shift 217
	.  reduce 122 (src line 1681)


state 73
	labelname:  TOK_LB.SYMBOLx TOK_RB 

	TOK_PRESYMBOL  shift 63
	.  error

	SYMBOLx  goto 220

state 74
	labelname:  TOK_LABEL.    (126)

	.  reduce 126 (src line 1717)


state 75
	term:  appelem.    (83)

	.  reduce 83 (src line 1386)


state 76
	term:  var.    (84)

	.  reduce 84 (src line 1392)


state 77
	term:  TOK_OLD.appelem 

	TOK_PRESYMBOL  shift 63
	.  error

	appelem  goto 221
	SYMBOLx  goto 87

state 78
	term:  TOK_LPAREN.term TOK_RPAREN 
	term:  TOK_LPAREN.TOK_DOLLAR SYMBOLx simplevars TOK_DOT fmla TOK_RPAREN TOK_LPAREN terms TOK_RPAREN 

	TOK_PRESYMBOL  shift 63
	TOK_VARIABLE  shift 88
	TOK_LPAREN  shift 78
	TOK_TILDA  shift 81
	TOK_DOLLAR  shift 223
	TOK_FORALL  shift 82
	TOK_EXISTS  shift 83
	TOK_TRUE  shift 79
	TOK_FALSE  shift 80
	TOK_OLD  shift 77
	TOK_GLOBALLY  shift 84
	TOK_EVENTUALLY  shift 85
	.  error

	term  goto 222
	appelem  goto 75
	var  goto 76
	SYMBOLx  goto 87

state 79
	term:  TOK_TRUE.    (100)

	.  reduce 100 (src line 1522)


state 80
	term:  TOK_FALSE.    (101)

	.  reduce 101 (src line 1529)


state 81
	term:  TOK_TILDA.term 

	TOK_PRESYMBOL  shift 63
	TOK_VARIABLE  shift 88
	TOK_LPAREN  shift 78
	TOK_TILDA  shift 81
	TOK_DOLLAR  shift 86
	TOK_FORALL  shift 82
	TOK_EXISTS  shift 83
	TOK_TRUE  shift 79
	TOK_FALSE  shift 80
	TOK_OLD  shift 77
	TOK_GLOBALLY  shift 84
	TOK_EVENTUALLY  shift 85
	.  error

	term  goto 224
	appelem  goto 75
	var  goto 76
	SYMBOLx  goto 87

state 82
	term:  TOK_FORALL.simplevars TOK_DOT term 
	term:  TOK_FORALL.TOK_LPAREN vars TOK_RPAREN term 

	TOK_VARIABLE  shift 228
	TOK_LPAREN  shift 226
	.  error

	simplevar  goto 227
	simplevars  goto 225

state 83
	term:  TOK_EXISTS.simplevars TOK_DOT term 
	term:  TOK_EXISTS.TOK_LPAREN vars TOK_RPAREN term 

	TOK_VARIABLE  shift 228
	TOK_LPAREN  shift 230
	.  error

	simplevar  goto 227
	simplevars  goto 229

state 84
	term:  TOK_GLOBALLY.term 

	TOK_PRESYMBOL  shift 63
	TOK_VARIABLE  shift 88
	TOK_LPAREN  shift 78
	TOK_TILDA  shift 81
	TOK_DOLLAR  shift 86
	TOK_FORALL  shift 82
	TOK_EXISTS  shift 83
	TOK_TRUE  shift 79
	TOK_FALSE  shift 80
	TOK_OLD  shift 77
	TOK_GLOBALLY  shift 84
	TOK_EVENTUALLY  shift 85
	.  error

	term  goto 231
	appelem  goto 75
	var  goto 76
	SYMBOLx  goto 87

state 85
	term:  TOK_EVENTUALLY.term 

	TOK_PRESYMBOL  shift 63
	TOK_VARIABLE  shift 88
	TOK_LPAREN  shift 78
	TOK_TILDA  shift 81
	TOK_DOLLAR  shift 86
	TOK_FORALL  shift 82
	TOK_EXISTS  shift 83
	TOK_TRUE  shift 79
	TOK_FALSE  shift 80
	TOK_OLD  shift 77
	TOK_GLOBALLY  shift 84
	TOK_EVENTUALLY  shift 85
	.  error

	term  goto 232
	appelem  goto 75
	var  goto 76
	SYMBOLx  goto 87

state 86
	term:  TOK_DOLLAR.SYMBOLx TOK_DOT fmla 
	term:  TOK_DOLLAR.SYMBOLx TOK_DOLLAR fmla 

	TOK_PRESYMBOL  shift 63
	.  error

	SYMBOLx  goto 233

87: shift/reduce conflict (shift 234(0), red'n 70(0)) on TOK_LPAREN
state 87
	SYMBOLx:  SYMBOLx.TOK_LB SYMsubscr TOK_RB 
	appelem:  SYMBOLx.    (70)
	appelem:  SYMBOLx.TOK_LPAREN terms TOK_RPAREN 

	TOK_LPAREN  shift 234
	TOK_LB  shift 190
	.  reduce 70 (src line 1277)


88: shift/reduce conflict (shift 235(11), red'n 72(0)) on TOK_COLON
state 88
	var:  TOK_VARIABLE.    (72)
	var:  TOK_VARIABLE.TOK_COLON atype 

	TOK_COLON  shift 235
	.  reduce 72 (src line 1298)


state 89
	top:  top TOK_UNPROVABLE TOK_INVARIANT.labeledfmla optproof 

	TOK_PRESYMBOL  shift 63
	TOK_VARIABLE  shift 88
	TOK_LABEL  shift 74
	TOK_LPAREN  shift 78
	TOK_LB  shift 73
	TOK_TILDA  shift 81
	TOK_DOLLAR  shift 86
	TOK_FORALL  shift 82
	TOK_EXISTS  shift 83
	TOK_TRUE  shift 79
	TOK_FALSE  shift 80
	TOK_OLD  shift 77
	TOK_GLOBALLY  shift 84
	TOK_EVENTUALLY  shift 85
	.  error

	term  goto 72
	fmla  goto 70
	appelem  goto 75
	var  goto 76
	SYMBOLx  goto 87
	labelname  goto 71
	labeledfmla  goto 236

state 90
	top:  top TOK_MODULE modulestart.modcat atom optwith TOK_EQ TOK_LCB top TOK_RCB moduleend 
	modcat: .    (268)

	TOK_OBJECT  shift 238
	TOK_ISOLATE  shift 239
	.  reduce 268 (src line 2678)

	modcat  goto 237

state 91
	top:  top TOK_OBJECT objsym.objectargs TOK_EQ TOK_LCB optdotdotdot top TOK_RCB objectend 
	optargs: .    (279)

	TOK_LPAREN  shift 242
	.  reduce 279 (src line 2753)

	optargs  goto 241
	objectargs  goto 240

state 92
	SYMBOLx:  SYMBOLx.TOK_LB SYMsubscr TOK_RB 
	objsym:  SYMBOLx.    (276)

	TOK_LB  shift 190
	.  reduce 276 (src line 2732)


state 93
	top:  top TOK_CLASS objsym.objectargs TOK_EQ TOK_LCB optdotdotdot top TOK_RCB objectend 
	optargs: .    (279)

	TOK_LPAREN  shift 242
	.  reduce 279 (src line 2753)

	optargs  goto 241
	objectargs  goto 243

state 94
	top:  top TOK_SUBCLASS objsym.TOK_OF atype TOK_EQ TOK_LCB optdotdotdot top TOK_RCB objectend 

	TOK_OF  shift 244
	.  error


state 95
	top:  top TOK_SCHEMA schdefn.    (14)

	.  reduce 14 (src line 675)


state 96
	schdefn:  defnlhs.TOK_EQ schdefnrhs 

	TOK_EQ  shift 245
	.  error


97: shift/reduce conflict (shift 247(0), red'n 147(0)) on TOK_LPAREN
state 97
	dotsym:  dotsym.TOK_DOT SYMBOLx 
	defnlhs:  dotsym.    (147)
	defnlhs:  dotsym.TOK_LPAREN defargs TOK_RPAREN 

	TOK_LPAREN  shift 247
	TOK_DOT  shift 246
	.  reduce 147 (src line 1871)


state 98
	defnlhs:  TOK_LPAREN.defarg relop defarg TOK_RPAREN 
	defnlhs:  TOK_LPAREN.defarg infix defarg TOK_RPAREN 

	TOK_PRESYMBOL  shift 63
	TOK_VARIABLE  shift 88
	TOK_CARET  shift 252
	.  error

	var  goto 250
	SYMBOLx  goto 251
	defarg  goto 248
	lparam  goto 249

state 99
	SYMBOLx:  SYMBOLx.TOK_LB SYMsubscr TOK_RB 
	dotsym:  SYMBOLx.    (145)

	TOK_LB  shift 190
	.  reduce 145 (src line 1857)


100: shift/reduce conflict (shift 254(0), red'n 140(0)) on TOK_PROOF
state 100
	top:  top TOK_THEOREM schdefn.optproof 
	optproof: .    (140)

	TOK_PROOF  shift 254
	.  reduce 140 (src line 1819)

	optproof  goto 253

state 101
	top:  top TOK_THEOREM labelname.schdefnrhs optproof 

	TOK_PRESYMBOL  shift 63
	TOK_VARIABLE  shift 88
	TOK_LPAREN  shift 78
	TOK_LCB  shift 257
	TOK_TILDA  shift 81
	TOK_DOLLAR  shift 86
	TOK_FORALL  shift 82
	TOK_EXISTS  shift 83
	TOK_TRUE  shift 79
	TOK_FALSE  shift 80
	TOK_OLD  shift 77
	TOK_GLOBALLY  shift 84
	TOK_EVENTUALLY  shift 85
	.  error

	term  goto 72
	fmla  goto 256
	appelem  goto 75
	var  goto 76
	SYMBOLx  goto 87
	schdefnrhs  goto 255

state 102
	top:  top TOK_PROOF labelname.proofstep 
	opttemporal: .    (130)

	TOK_LCB  shift 275
	TOK_IF  shift 271
	TOK_ASSUME  shift 260
	TOK_LET  shift 270
	TOK_PROOF  shift 269
	TOK_INSTANTIATE  shift 261
	TOK_FUNCTION  shift 267
	TOK_THEOREM  shift 268
	TOK_TEMPORAL  shift 68
	TOK_TACTIC  shift 265
	TOK_SHOWGOALS  shift 262
	TOK_DEFERGOAL  shift 263
	TOK_SPOIL  shift 264
	TOK_UNFOLD  shift 272
	TOK_FORGET  shift 273
	TOK_APPLY  shift 259
	.  reduce 130 (src line 1754)

	opttemporal  goto 266
	proofstep  goto 258
	proofgroup  goto 274

state 103
	top:  top TOK_INSTANTIATE insts.    (18)
	insts:  insts.TOK_COMMA inst 

	TOK_COMMA  shift 276
	.  reduce 18 (src line 719)


state 104
	insts:  inst.    (309)

	.  reduce 309 (src line 2968)


state 105
	inst:  modinst.    (311)
	inst:  modinst.TOK_COLON modinst 

	TOK_COLON  shift 277
	.  reduce 311 (src line 2981)


state 106
	dotsym:  dotsym.TOK_DOT SYMBOLx 
	modinst:  dotsym.    (313)
	modinst:  dotsym.TOK_LPAREN pnames TOK_RPAREN 

	TOK_LPAREN  shift 278
	TOK_DOT  shift 246
	.  reduce 313 (src line 2996)


state 107
	top:  top TOK_AUTOINSTANCE insts.    (19)
	insts:  insts.TOK_COMMA inst 

	TOK_COMMA  shift 276
	.  reduce 19 (src line 726)


state 108
	top:  top TOK_RELATION rels.    (21)
	rels:  rels.TOK_COMMA rel 

	TOK_COMMA  shift 279
	.  reduce 21 (src line 741)


state 109
	rels:  rel.    (219)

	.  reduce 219 (src line 2376)


state 110
	typeddefn:  defnlhs.    (155)
	typeddefn:  defnlhs.TOK_COLON atype 
	rel:  defnlhs.    (217)

	TOK_COLON  shift 280
	TOK_EQ  reduce 155 (src line 1922)
	.  reduce 217 (src line 2359)


state 111
	rel:  defn.    (218)

	.  reduce 218 (src line 2367)


state 112
	defn:  typeddefn.TOK_EQ defnrhs 

	TOK_EQ  shift 281
	.  error


state 113
	top:  top TOK_FUNCTION funs.    (22)
	funs:  funs.TOK_COMMA fun 

	TOK_COMMA  shift 282
	.  reduce 22 (src line 750)


state 114
	funs:  fun.    (223)

	.  reduce 223 (src line 2407)


state 115
	fun:  typeddefn.    (221)
	fun:  typeddefn.TOK_EQ defnrhs 

	TOK_EQ  shift 283
	.  reduce 221 (src line 2389)


state 116
	typeddefn:  defnlhs.    (155)
	typeddefn:  defnlhs.TOK_COLON atype 

	TOK_COLON  shift 280
	.  reduce 155 (src line 1922)


state 117
	top:  top TOK_DERIVED defns.    (23)
	defns:  defns.TOK_COMMA defn 

	TOK_COMMA  shift 284
	.  reduce 23 (src line 759)


state 118
	defns:  defn.    (161)

	.  reduce 161 (src line 1970)


state 119
	top:  top optfinite optghost.TOK_TYPE typesymbol 
	top:  top optfinite optghost.TOK_TYPE typesymbol TOK_EQ sort 

	TOK_TYPE  shift 285
	.  error


state 120
	optghost:  TOK_GHOST.    (230)

	.  reduce 230 (src line 2456)


state 121
	top:  top TOK_PROGRESS defns.    (26)
	defns:  defns.TOK_COMMA defn 

	TOK_COMMA  shift 284
	.  reduce 26 (src line 796)


state 122
	top:  top TOK_RELY atom.TOK_ARROW atom 
	top:  top TOK_RELY atom.    (28)

	TOK_ARROW  shift 286
	.  reduce 28 (src line 812)


123: shift/reduce conflict (shift 287(0), red'n 248(0)) on TOK_LPAREN
state 123
	SYMBOLx:  SYMBOLx.TOK_LB SYMsubscr TOK_RB 
	atom:  SYMBOLx.    (248)
	atom:  SYMBOLx.TOK_LPAREN terms TOK_RPAREN 

	TOK_LPAREN  shift 287
	TOK_LB  shift 190
	.  reduce 248 (src line 2532)


state 124
	top:  top TOK_MIXORD callatom.TOK_ARROW callatom 
	callatom:  callatom.TOK_DOT callatom 

	TOK_DOT  shift 289
	TOK_ARROW  shift 288
	.  error


state 125
	callatom:  atom.    (259)

	.  reduce 259 (src line 2610)


state 126
	callatom:  TOK_THIS.    (260)

	.  reduce 260 (src line 2616)


state 127
	callatom:  TOK_METHOD.    (261)

	.  reduce 261 (src line 2623)


state 128
	top:  top TOK_CONCEPT cdefns.    (30)
	cdefns:  cdefns.TOK_COMMA cdefn 

	TOK_COMMA  shift 290
	.  reduce 30 (src line 829)


state 129
	cdefns:  cdefn.    (480)

	.  reduce 480 (src line 4091)


state 130
	cdefn:  atom.TOK_EQ expr 

	TOK_EQ  shift 291
	.  error


state 131
	top:  top TOK_UPDATE apps.TOK_FROM apps upaxes 
	apps:  apps.TOK_COMMA app 

	TOK_COMMA  shift 293
	TOK_FROM  shift 292
	.  error


state 132
	apps:  app.    (255)

	.  reduce 255 (src line 2580)


state 133
	SYMBOLx:  SYMBOLx.TOK_LB SYMsubscr TOK_RB 
	appelem:  SYMBOLx.    (70)
	appelem:  SYMBOLx.TOK_LPAREN terms TOK_RPAREN 
	app:  SYMBOLx.    (252)
	app:  SYMBOLx.TOK_LPAREN terms TOK_RPAREN 

	TOK_LPAREN  shift 294
	TOK_LB  shift 190
	TOK_COLON  reduce 70 (src line 1277)
	TOK_DOT  reduce 70 (src line 1277)
	TOK_PLUS  reduce 70 (src line 1277)
	TOK_MINUS  reduce 70 (src line 1277)
	TOK_TIMES  reduce 70 (src line 1277)
	TOK_DIV  reduce 70 (src line 1277)
	TOK_EQ  reduce 70 (src line 1277)
	TOK_TILDAEQ  reduce 70 (src line 1277)
	TOK_LE  reduce 70 (src line 1277)
	TOK_LT  reduce 70 (src line 1277)
	TOK_GE  reduce 70 (src line 1277)
	TOK_GT  reduce 70 (src line 1277)
	TOK_AND  reduce 70 (src line 1277)
	TOK_OR  reduce 70 (src line 1277)
	TOK_ARROW  reduce 70 (src line 1277)
	TOK_IFF  reduce 70 (src line 1277)
	TOK_PTO  reduce 70 (src line 1277)
	TOK_ISA  reduce 70 (src line 1277)
	TOK_IF  reduce 70 (src line 1277)
	TOK_WHENNEXT  reduce 70 (src line 1277)
	TOK_WHENPREV  reduce 70 (src line 1277)
	TOK_WHENFIRST  reduce 70 (src line 1277)
	TOK_WHENLAST  reduce 70 (src line 1277)
	.  reduce 252 (src line 2562)


state 134
	term:  term.TOK_DOT appelem 
	term:  term.TOK_PLUS term 
	term:  term.TOK_MINUS term 
	term:  term.TOK_TIMES term 
	term:  term.TOK_DIV term 
	term:  term.TOK_IF fmla TOK_ELSE term 
	term:  term.TOK_EQ term 
	term:  term.TOK_LE term 
	term:  term.TOK_LT term 
	term:  term.TOK_GE term 
	term:  term.TOK_GT term 
	term:  term.TOK_PTO term 
	term:  term.TOK_TILDAEQ term 
	term:  term.TOK_AND term 
	term:  term.TOK_OR term 
	term:  term.TOK_ARROW term 
	term:  term.TOK_IFF term 
	term:  term.TOK_WHENNEXT term 
	term:  term.TOK_WHENPREV term 
	term:  term.TOK_WHENFIRST term 
	term:  term.TOK_WHENLAST term 
	term:  term.TOK_ISA atype 
	term:  term.TOK_COLON atype 
	app:  term.infix term 

	TOK_COLON  shift 219
	TOK_DOT  shift 197
	TOK_PLUS  shift 295
	TOK_MINUS  shift 296
	TOK_TIMES  shift 297
	TOK_DIV  shift 298
	TOK_EQ  shift 203
	TOK_TILDAEQ  shift 209
	TOK_LE  shift 204
	TOK_LT  shift 205
	TOK_GE  shift 206
	TOK_GT  shift 207
	TOK_AND  shift 210
	TOK_OR  shift 211
	TOK_ARROW  shift 212
	TOK_IFF  shift 213
	TOK_PTO  shift 208
	TOK_ISA  shift 218
	TOK_IF  shift 202
	TOK_WHENNEXT  shift 214
	TOK_WHENPREV  shift 215
	TOK_WHENFIRST  shift 216
	TOK_WHENLAST  shift 217
	.  error

	infix  goto 299

state 135
	top:  top TOK_MACRO atom.TOK_EQ sequence 

	TOK_EQ  shift 300
	.  error


state 136
	top:  top optimpex actmeth.SYMBOLx optargs optreturns optactiondef 

	TOK_PRESYMBOL  shift 63
	.  error

	SYMBOLx  goto 301

state 137
	actmeth:  TOK_ACTION.    (302)

	.  reduce 302 (src line 2919)


state 138
	actmeth:  TOK_METHOD.    (303)

	.  reduce 303 (src line 2925)


state 139
	top:  top TOK_MIXIN callatom.TOK_BEFORE callatom 
	top:  top TOK_MIXIN callatom.TOK_AFTER callatom 
	callatom:  callatom.TOK_DOT callatom 

	TOK_DOT  shift 289
	TOK_BEFORE  shift 302
	TOK_AFTER  shift 303
	.  error


state 140
	top:  top TOK_BEFORE atype.optargs optreturns sequence 
	atype:  atype.TOK_DOT SYMBOLx 
	optargs: .    (279)

	TOK_LPAREN  shift 242
	TOK_DOT  shift 305
	.  reduce 279 (src line 2753)

	optargs  goto 304

state 141
	SYMBOLx:  SYMBOLx.TOK_LB SYMsubscr TOK_RB 
	atype:  SYMBOLx.    (67)

	TOK_LB  shift 190
	.  reduce 67 (src line 1247)


state 142
	atype:  TOK_THIS.    (69)

	.  reduce 69 (src line 1264)


state 143
	top:  top TOK_AFTER atype.optargs optreturns topseq 
	atype:  atype.TOK_DOT SYMBOLx 
	optargs: .    (279)

	TOK_LPAREN  shift 242
	TOK_DOT  shift 305
	.  reduce 279 (src line 2753)

	optargs  goto 306

state 144
	top:  top TOK_AFTER TOK_INIT.optargs topseq 
	optargs: .    (279)

	TOK_LPAREN  shift 242
	.  reduce 279 (src line 2753)

	optargs  goto 307

state 145
	top:  top TOK_AROUND atype.optargs optreturns TOK_LCB actseq optsemi TOK_DOTDOTDOT actseq optsemi TOK_RCB 
	atype:  atype.TOK_DOT SYMBOLx 
	optargs: .    (279)

	TOK_LPAREN  shift 242
	TOK_DOT  shift 305
	.  reduce 279 (src line 2753)

	optargs  goto 308

state 146
	top:  top TOK_IMPLEMENT atype.optargs optreturns topseq 
	atype:  atype.TOK_DOT SYMBOLx 
	optargs: .    (279)

	TOK_LPAREN  shift 242
	TOK_DOT  shift 305
	.  reduce 279 (src line 2753)

	optargs  goto 309

state 147
	top:  top TOK_IMPLEMENT TOK_TYPE.SYMBOLx TOK_WITH SYMBOLx 

	TOK_PRESYMBOL  shift 63
	.  error

	SYMBOLx  goto 310

state 148
	top:  top opttrusted TOK_ISOLATE.SYMBOLx optargs TOK_EQ callatoms 
	top:  top opttrusted TOK_ISOLATE.SYMBOLx optargs TOK_EQ callatoms TOK_WITH callatoms 
	top:  top opttrusted TOK_ISOLATE.SYMBOLx optargs TOK_EQ TOK_LCB top TOK_RCB optwith 

	TOK_PRESYMBOL  shift 63
	.  error

	SYMBOLx  goto 311

state 149
	top:  top TOK_EXTRACT objsym.objectargs TOK_EQ TOK_LCB top TOK_RCB optwith 
	top:  top TOK_EXTRACT objsym.objectargs TOK_EQ callatoms 
	optargs: .    (279)

	TOK_LPAREN  shift 242
	.  reduce 279 (src line 2753)

	optargs  goto 241
	objectargs  goto 312

state 150
	top:  top TOK_EXPORT callatom.    (47)
	callatom:  callatom.TOK_DOT callatom 

	TOK_DOT  shift 289
	.  reduce 47 (src line 1039)


state 151
	top:  top TOK_IMPORT callatom.    (48)
	callatom:  callatom.TOK_DOT callatom 

	TOK_DOT  shift 289
	.  reduce 48 (src line 1047)


state 152
	top:  top TOK_DELEGATE callatoms.optdelegee 
	callatoms:  callatoms.TOK_COMMA callatom 
	optdelegee: .    (334)

	TOK_COMMA  shift 314
	TOK_ARROW  shift 315
	.  reduce 334 (src line 3132)

	optdelegee  goto 313

state 153
	callatom:  callatom.TOK_DOT callatom 
	callatoms:  callatom.    (263)

	TOK_DOT  shift 289
	.  reduce 263 (src line 2637)


state 154
	top:  top TOK_INTERPRET oper.TOK_ARROW oper 
	top:  top TOK_INTERPRET oper.TOK_ARROW TOK_LCB term TOK_DOTS term TOK_RCB 
	top:  top TOK_INTERPRET oper.TOK_ARROW TOK_LCB SYMBOLx moresymbols TOK_RCB 

	TOK_ARROW  shift 316
	.  error


state 155
	atype:  atype.TOK_DOT SYMBOLx 
	oper:  atype.    (325)

	TOK_DOT  shift 305
	.  reduce 325 (src line 3073)


state 156
	oper:  relop.    (326)

	.  reduce 326 (src line 3079)


state 157
	oper:  infix.    (327)

	.  reduce 327 (src line 3084)


state 158
	oper:  TOK_NATIVEQUOTE.    (328)

	.  reduce 328 (src line 3089)


state 159
	relop:  TOK_EQ.    (238)

	.  reduce 238 (src line 2512)


state 160
	relop:  TOK_LE.    (239)

	.  reduce 239 (src line 2514)


state 161
	relop:  TOK_LT.    (240)

	.  reduce 240 (src line 2515)


state 162
	relop:  TOK_GE.    (241)

	.  reduce 241 (src line 2516)


state 163
	relop:  TOK_GT.    (242)

	.  reduce 242 (src line 2517)


state 164
	relop:  TOK_PTO.    (243)

	.  reduce 243 (src line 2518)


state 165
	infix:  TOK_PLUS.    (244)

	.  reduce 244 (src line 2521)


state 166
	infix:  TOK_MINUS.    (245)

	.  reduce 245 (src line 2523)


state 167
	infix:  TOK_TIMES.    (246)

	.  reduce 246 (src line 2524)


state 168
	infix:  TOK_DIV.    (247)

	.  reduce 247 (src line 2525)


state 169
	top:  top TOK_ALIAS SYMBOLx.TOK_EQ callatom 
	SYMBOLx:  SYMBOLx.TOK_LB SYMsubscr TOK_RB 

	TOK_LB  shift 190
	TOK_EQ  shift 317
	.  error


state 170
	top:  top TOK_ATTRIBUTE callatom.TOK_EQ attributeval 
	callatom:  callatom.TOK_DOT callatom 

	TOK_DOT  shift 289
	TOK_EQ  shift 318
	.  error


state 171
	top:  top TOK_VARIANT typesymbol.TOK_OF atype 
	top:  top TOK_VARIANT typesymbol.TOK_OF atype TOK_EQ sort 

	TOK_OF  shift 319
	.  error


state 172
	SYMBOLx:  SYMBOLx.TOK_LB SYMsubscr TOK_RB 
	typesymbol:  SYMBOLx.    (225)

	TOK_LB  shift 190
	.  reduce 225 (src line 2422)


state 173
	typesymbol:  TOK_THIS.    (226)

	.  reduce 226 (src line 2428)


state 174
	top:  top TOK_SCENARIO TOK_LCB.sceninit TOK_SEMI scentranss TOK_RCB 

	TOK_ARROW  shift 321
	.  error

	sceninit  goto 320

state 175
	top:  top specimpl TOK_LCB.top TOK_RCB 
	top: .    (1)

	.  reduce 1 (src line 481)

	top  goto 322

state 176
	top:  top TOK_STATE SYMBOLx.TOK_EQ state_expr 
	SYMBOLx:  SYMBOLx.TOK_LB SYMsubscr TOK_RB 

	TOK_LB  shift 190
	TOK_EQ  shift 323
	.  error


state 177
	top:  top TOK_ASSERT SYMBOLx.TOK_ARROW assert_rhs 
	SYMBOLx:  SYMBOLx.TOK_LB SYMsubscr TOK_RB 

	TOK_LB  shift 190
	TOK_ARROW  shift 324
	.  error


state 178
	symdecl:  TOK_DESTRUCTOR tterms.    (188)
	tterms:  tterms.TOK_COMMA tterm 

	TOK_COMMA  shift 325
	.  reduce 188 (src line 2165)


state 179
	tterms:  tterm.    (206)

	.  reduce 206 (src line 2289)


state 180
	tterm:  tapp.    (202)
	tterm:  tapp.TOK_COLON atype 

	TOK_COLON  shift 326
	.  reduce 202 (src line 2259)


181: shift/reduce conflict (shift 329(0), red'n 199(0)) on TOK_LPAREN
181: shift/reduce conflict (shift 328(11), red'n 199(0)) on TOK_COLON
state 181
	SYMBOLx:  SYMBOLx.TOK_LB SYMsubscr TOK_RB 
	tapp:  SYMBOLx.    (199)
	tapp:  SYMBOLx.targs 
	tterm:  SYMBOLx.TOK_COLON atype 

	TOK_LPAREN  shift 329
	TOK_LB  shift 190
	TOK_COLON  shift 328
	.  reduce 199 (src line 2239)

	targs  goto 327

state 182
	tterm:  TOK_CARET.SYMBOLx TOK_COLON atype 

	TOK_PRESYMBOL  shift 63
	.  error

	SYMBOLx  goto 330

state 183
	tapp:  TOK_LPAREN.var infix var TOK_RPAREN 

	TOK_VARIABLE  shift 88
	.  error

	var  goto 331

state 184
	symdecl:  TOK_FIELD tterms.    (189)
	tterms:  tterms.TOK_COMMA tterm 

	TOK_COMMA  shift 325
	.  reduce 189 (src line 2171)


state 185
	symdecl:  TOK_CONSTRUCTOR tterms.    (190)
	tterms:  tterms.TOK_COMMA tterm 

	TOK_COMMA  shift 325
	.  reduce 190 (src line 2177)


state 186
	constantdecl:  TOK_INDIV tterms.    (191)
	tterms:  tterms.TOK_COMMA tterm 

	TOK_COMMA  shift 325
	.  reduce 191 (src line 2185)


state 187
	constantdecl:  TOK_VAR tterms.    (192)
	tterms:  tterms.TOK_COMMA tterm 

	TOK_COMMA  shift 325
	.  reduce 192 (src line 2192)


state 188
	constantdecl:  TOK_PARAMETER parameter.    (193)

	.  reduce 193 (src line 2198)


state 189
	parameter:  tterm.    (194)
	parameter:  tterm.TOK_EQ paramval 

	TOK_EQ  shift 332
	.  reduce 194 (src line 2205)


state 190
	SYMBOLx:  SYMBOLx TOK_LB.SYMsubscr TOK_RB 

	TOK_PRESYMBOL  shift 63
	TOK_THIS  shift 335
	.  error

	SYMBOLx  goto 334
	SYMsubscr  goto 333

state 191
	top:  top optexplicit opttemporal TOK_AXIOM.lgprop 
	optlabel: .    (136)

	TOK_LABEL  shift 74
	TOK_LB  shift 73
	.  reduce 136 (src line 1793)

	labelname  goto 195
	lgprop  goto 336
	optlabel  goto 337

state 192
	top:  top optexplicit opttemporal TOK_PROPERTY.labeledfmla optskolem optproof 

	TOK_PRESYMBOL  shift 63
	TOK_VARIABLE  shift 88
	TOK_LABEL  shift 74
	TOK_LPAREN  shift 78
	TOK_LB  shift 73
	TOK_TILDA  shift 81
	TOK_DOLLAR  shift 86
	TOK_FORALL  shift 82
	TOK_EXISTS  shift 83
	TOK_TRUE  shift 79
	TOK_FALSE  shift 80
	TOK_OLD  shift 77
	TOK_GLOBALLY  shift 84
	TOK_EVENTUALLY  shift 85
	.  error

	term  goto 72
	fmla  goto 70
	appelem  goto 75
	var  goto 76
	SYMBOLx  goto 87
	labelname  goto 71
	labeledfmla  goto 338

193: shift/reduce conflict (shift 254(0), red'n 140(0)) on TOK_PROOF
state 193
	top:  top optexplicit TOK_INVARIANT labeledfmla.optproof 
	optproof: .    (140)

	TOK_PROOF  shift 254
	.  reduce 140 (src line 1819)

	optproof  goto 339

state 194
	top:  top optexplicit TOK_DEFINITION optlabel.gdefn optproof 

	TOK_PRESYMBOL  shift 63
	TOK_LPAREN  shift 98
	TOK_LCB  shift 342
	.  error

	SYMBOLx  goto 99
	defn  goto 341
	defnlhs  goto 116
	typeddefn  goto 112
	gdefn  goto 340
	dotsym  goto 97

state 195
	optlabel:  labelname.    (137)

	.  reduce 137 (src line 1799)


state 196
	labeledfmla:  labelname fmla.    (124)

	.  reduce 124 (src line 1699)


state 197
	term:  term TOK_DOT.appelem 

	TOK_PRESYMBOL  shift 63
	.  error

	appelem  goto 343
	SYMBOLx  goto 87

state 198
	term:  term TOK_PLUS.term 

	TOK_PRESYMBOL  shift 63
	TOK_VARIABLE  shift 88
	TOK_LPAREN  shift 78
	TOK_TILDA  shift 81
	TOK_DOLLAR  shift 86
	TOK_FORALL  shift 82
	TOK_EXISTS  shift 83
	TOK_TRUE  shift 79
	TOK_FALSE  shift 80
	TOK_OLD  shift 77
	TOK_GLOBALLY  shift 84
	TOK_EVENTUALLY  shift 85
	.  error

	term  goto 344
	appelem  goto 75
	var  goto 76
	SYMBOLx  goto 87

state 199
	term:  term TOK_MINUS.term 

	TOK_PRESYMBOL  shift 63
	TOK_VARIABLE  shift 88
	TOK_LPAREN  shift 78
	TOK_TILDA  shift 81
	TOK_DOLLAR  shift 86
	TOK_FORALL  shift 82
	TOK_EXISTS  shift 83
	TOK_TRUE  shift 79
	TOK_FALSE  shift 80
	TOK_OLD  shift 77
	TOK_GLOBALLY  shift 84
	TOK_EVENTUALLY  shift 85
	.  error

	term  goto 345
	appelem  goto 75
	var  goto 76
	SYMBOLx  goto 87

state 200
	term:  term TOK_TIMES.term 

	TOK_PRESYMBOL  shift 63
	TOK_VARIABLE  shift 88
	TOK_LPAREN  shift 78
	TOK_TILDA  shift 81
	TOK_DOLLAR  shift 86
	TOK_FORALL  shift 82
	TOK_EXISTS  shift 83
	TOK_TRUE  shift 79
	TOK_FALSE  shift 80
	TOK_OLD  shift 77
	TOK_GLOBALLY  shift 84
	TOK_EVENTUALLY  shift 85
	.  error

	term  goto 346
	appelem  goto 75
	var  goto 76
	SYMBOLx  goto 87

state 201
	term:  term TOK_DIV.term 

	TOK_PRESYMBOL  shift 63
	TOK_VARIABLE  shift 88
	TOK_LPAREN  shift 78
	TOK_TILDA  shift 81
	TOK_DOLLAR  shift 86
	TOK_FORALL  shift 82
	TOK_EXISTS  shift 83
	TOK_TRUE  shift 79
	TOK_FALSE  shift 80
	TOK_OLD  shift 77
	TOK_GLOBALLY  shift 84
	TOK_EVENTUALLY  shift 85
	.  error

	term  goto 347
	appelem  goto 75
	var  goto 76
	SYMBOLx  goto 87

state 202
	term:  term TOK_IF.fmla TOK_ELSE term 

	TOK_PRESYMBOL  shift 63
	TOK_VARIABLE  shift 88
	TOK_LPAREN  shift 78
	TOK_TILDA  shift 81
	TOK_DOLLAR  shift 86
	TOK_FORALL  shift 82
	TOK_EXISTS  shift 83
	TOK_TRUE  shift 79
	TOK_FALSE  shift 80
	TOK_OLD  shift 77
	TOK_GLOBALLY  shift 84
	TOK_EVENTUALLY  shift 85
	.  error

	term  goto 72
	fmla  goto 348
	appelem  goto 75
	var  goto 76
	SYMBOLx  goto 87

state 203
	term:  term TOK_EQ.term 

	TOK_PRESYMBOL  shift 63
	TOK_VARIABLE  shift 88
	TOK_LPAREN  shift 78
	TOK_TILDA  shift 81
	TOK_DOLLAR  shift 86
	TOK_FORALL  shift 82
	TOK_EXISTS  shift 83
	TOK_TRUE  shift 79
	TOK_FALSE  shift 80
	TOK_OLD  shift 77
	TOK_GLOBALLY  shift 84
	TOK_EVENTUALLY  shift 85
	.  error

	term  goto 349
	appelem  goto 75
	var  goto 76
	SYMBOLx  goto 87

state 204
	term:  term TOK_LE.term 

	TOK_PRESYMBOL  shift 63
	TOK_VARIABLE  shift 88
	TOK_LPAREN  shift 78
	TOK_TILDA  shift 81
	TOK_DOLLAR  shift 86
	TOK_FORALL  shift 82
	TOK_EXISTS  shift 83
	TOK_TRUE  shift 79
	TOK_FALSE  shift 80
	TOK_OLD  shift 77
	TOK_GLOBALLY  shift 84
	TOK_EVENTUALLY  shift 85
	.  error

	term  goto 350
	appelem  goto 75
	var  goto 76
	SYMBOLx  goto 87

state 205
	term:  term TOK_LT.term 

	TOK_PRESYMBOL  shift 63
	TOK_VARIABLE  shift 88
	TOK_LPAREN  shift 78
	TOK_TILDA  shift 81
	TOK_DOLLAR  shift 86
	TOK_FORALL  shift 82
	TOK_EXISTS  shift 83
	TOK_TRUE  shift 79
	TOK_FALSE  shift 80
	TOK_OLD  shift 77
	TOK_GLOBALLY  shift 84
	TOK_EVENTUALLY  shift 85
	.  error

	term  goto 351
	appelem  goto 75
	var  goto 76
	SYMBOLx  goto 87

state 206
	term:  term TOK_GE.term 

	TOK_PRESYMBOL  shift 63
	TOK_VARIABLE  shift 88
	TOK_LPAREN  shift 78
	TOK_TILDA  shift 81
	TOK_DOLLAR  shift 86
	TOK_FORALL  shift 82
	TOK_EXISTS  shift 83
	TOK_TRUE  shift 79
	TOK_FALSE  shift 80
	TOK_OLD  shift 77
	TOK_GLOBALLY  shift 84
	TOK_EVENTUALLY  shift 85
	.  error

	term  goto 352
	appelem  goto 75
	var  goto 76
	SYMBOLx  goto 87

state 207
	term:  term TOK_GT.term 

	TOK_PRESYMBOL  shift 63
	TOK_VARIABLE  shift 88
	TOK_LPAREN  shift 78
	TOK_TILDA  shift 81
	TOK_DOLLAR  shift 86
	TOK_FORALL  shift 82
	TOK_EXISTS  shift 83
	TOK_TRUE  shift 79
	TOK_FALSE  shift 80
	TOK_OLD  shift 77
	TOK_GLOBALLY  shift 84
	TOK_EVENTUALLY  shift 85
	.  error

	term  goto 353
	appelem  goto 75
	var  goto 76
	SYMBOLx  goto 87

state 208
	term:  term TOK_PTO.term 

	TOK_PRESYMBOL  shift 63
	TOK_VARIABLE  shift 88
	TOK_LPAREN  shift 78
	TOK_TILDA  shift 81
	TOK_DOLLAR  shift 86
	TOK_FORALL  shift 82
	TOK_EXISTS  shift 83
	TOK_TRUE  shift 79
	TOK_FALSE  shift 80
	TOK_OLD  shift 77
	TOK_GLOBALLY  shift 84
	TOK_EVENTUALLY  shift 85
	.  error

	term  goto 354
	appelem  goto 75
	var  goto 76
	SYMBOLx  goto 87

state 209
	term:  term TOK_TILDAEQ.term 

	TOK_PRESYMBOL  shift 63
	TOK_VARIABLE  shift 88
	TOK_LPAREN  shift 78
	TOK_TILDA  shift 81
	TOK_DOLLAR  shift 86
	TOK_FORALL  shift 82
	TOK_EXISTS  shift 83
	TOK_TRUE  shift 79
	TOK_FALSE  shift 80
	TOK_OLD  shift 77
	TOK_GLOBALLY  shift 84
	TOK_EVENTUALLY  shift 85
	.  error

	term  goto 355
	appelem  goto 75
	var  goto 76
	SYMBOLx  goto 87

state 210
	term:  term TOK_AND.term 

	TOK_PRESYMBOL  shift 63
	TOK_VARIABLE  shift 88
	TOK_LPAREN  shift 78
	TOK_TILDA  shift 81
	TOK_DOLLAR  shift 86
	TOK_FORALL  shift 82
	TOK_EXISTS  shift 83
	TOK_TRUE  shift 79
	TOK_FALSE  shift 80
	TOK_OLD  shift 77
	TOK_GLOBALLY  shift 84
	TOK_EVENTUALLY  shift 85
	.  error

	term  goto 356
	appelem  goto 75
	var  goto 76
	SYMBOLx  goto 87

state 211
	term:  term TOK_OR.term 

	TOK_PRESYMBOL  shift 63
	TOK_VARIABLE  shift 88
	TOK_LPAREN  shift 78
	TOK_TILDA  shift 81
	TOK_DOLLAR  shift 86
	TOK_FORALL  shift 82
	TOK_EXISTS  shift 83
	TOK_TRUE  shift 79
	TOK_FALSE  shift 80
	TOK_OLD  shift 77
	TOK_GLOBALLY  shift 84
	TOK_EVENTUALLY  shift 85
	.  error

	term  goto 357
	appelem  goto 75
	var  goto 76
	SYMBOLx  goto 87

state 212
	term:  term TOK_ARROW.term 

	TOK_PRESYMBOL  shift 63
	TOK_VARIABLE  shift 88
	TOK_LPAREN  shift 78
	TOK_TILDA  shift 81
	TOK_DOLLAR  shift 86
	TOK_FORALL  shift 82
	TOK_EXISTS  shift 83
	TOK_TRUE  shift 79
	TOK_FALSE  shift 80
	TOK_OLD  shift 77
	TOK_GLOBALLY  shift 84
	TOK_EVENTUALLY  shift 85
	.  error

	term  goto 358
	appelem  goto 75
	var  goto 76
	SYMBOLx  goto 87

state 213
	term:  term TOK_IFF.term 

	TOK_PRESYMBOL  shift 63
	TOK_VARIABLE  shift 88
	TOK_LPAREN  shift 78
	TOK_TILDA  shift 81
	TOK_DOLLAR  shift 86
	TOK_FORALL  shift 82
	TOK_EXISTS  shift 83
	TOK_TRUE  shift 79
	TOK_FALSE  shift 80
	TOK_OLD  shift 77
	TOK_GLOBALLY  shift 84
	TOK_EVENTUALLY  shift 85
	.  error

	term  goto 359
	appelem  goto 75
	var  goto 76
	SYMBOLx  goto 87

state 214
	term:  term TOK_WHENNEXT.term 

	TOK_PRESYMBOL  shift 63
	TOK_VARIABLE  shift 88
	TOK_LPAREN  shift 78
	TOK_TILDA  shift 81
	TOK_DOLLAR  shift 86
	TOK_FORALL  shift 82
	TOK_EXISTS  shift 83
	TOK_TRUE  shift 79
	TOK_FALSE  shift 80
	TOK_OLD  shift 77
	TOK_GLOBALLY  shift 84
	TOK_EVENTUALLY  shift 85
	.  error

	term  goto 360
	appelem  goto 75
	var  goto 76
	SYMBOLx  goto 87

state 215
	term:  term TOK_WHENPREV.term 

	TOK_PRESYMBOL  shift 63
	TOK_VARIABLE  shift 88
	TOK_LPAREN  shift 78
	TOK_TILDA  shift 81
	TOK_DOLLAR  shift 86
	TOK_FORALL  shift 82
	TOK_EXISTS  shift 83
	TOK_TRUE  shift 79
	TOK_FALSE  shift 80
	TOK_OLD  shift 77
	TOK_GLOBALLY  shift 84
	TOK_EVENTUALLY  shift 85
	.  error

	term  goto 361
	appelem  goto 75
	var  goto 76
	SYMBOLx  goto 87

state 216
	term:  term TOK_WHENFIRST.term 

	TOK_PRESYMBOL  shift 63
	TOK_VARIABLE  shift 88
	TOK_LPAREN  shift 78
	TOK_TILDA  shift 81
	TOK_DOLLAR  shift 86
	TOK_FORALL  shift 82
	TOK_EXISTS  shift 83
	TOK_TRUE  shift 79
	TOK_FALSE  shift 80
	TOK_OLD  shift 77
	TOK_GLOBALLY  shift 84
	TOK_EVENTUALLY  shift 85
	.  error

	term  goto 362
	appelem  goto 75
	var  goto 76
	SYMBOLx  goto 87

state 217
	term:  term TOK_WHENLAST.term 

	TOK_PRESYMBOL  shift 63
	TOK_VARIABLE  shift 88
	TOK_LPAREN  shift 78
	TOK_TILDA  shift 81
	TOK_DOLLAR  shift 86
	TOK_FORALL  shift 82
	TOK_EXISTS  shift 83
	TOK_TRUE  shift 79
	TOK_FALSE  shift 80
	TOK_OLD  shift 77
	TOK_GLOBALLY  shift 84
	TOK_EVENTUALLY  shift 85
	.  error

	term  goto 363
	appelem  goto 75
	var  goto 76
	SYMBOLx  goto 87

state 218
	term:  term TOK_ISA.atype 

	TOK_PRESYMBOL  shift 63
	TOK_THIS  shift 142
	.  error

	atype  goto 364
	SYMBOLx  goto 141

state 219
	term:  term TOK_COLON.atype 

	TOK_PRESYMBOL  shift 63
	TOK_THIS  shift 142
	.  error

	atype  goto 365
	SYMBOLx  goto 141

state 220
	SYMBOLx:  SYMBOLx.TOK_LB SYMsubscr TOK_RB 
	labelname:  TOK_LB SYMBOLx.TOK_RB 

	TOK_LB  shift 190
	TOK_RB  shift 366
	.  error


state 221
	term:  TOK_OLD appelem.    (85)

	.  reduce 85 (src line 1397)


state 222
	term:  term.TOK_DOT appelem 
	term:  TOK_LPAREN term.TOK_RPAREN 
	term:  term.TOK_PLUS term 
	term:  term.TOK_MINUS term 
	term:  term.TOK_TIMES term 
	term:  term.TOK_DIV term 
	term:  term.TOK_IF fmla TOK_ELSE term 
	term:  term.TOK_EQ term 
	term:  term.TOK_LE term 
	term:  term.TOK_LT term 
	term:  term.TOK_GE term 
	term:  term.TOK_GT term 
	term:  term.TOK_PTO term 
	term:  term.TOK_TILDAEQ term 
	term:  term.TOK_AND term 
	term:  term.TOK_OR term 
	term:  term.TOK_ARROW term 
	term:  term.TOK_IFF term 
	term:  term.TOK_WHENNEXT term 
	term:  term.TOK_WHENPREV term 
	term:  term.TOK_WHENFIRST term 
	term:  term.TOK_WHENLAST term 
	term:  term.TOK_ISA atype 
	term:  term.TOK_COLON atype 

	TOK_RPAREN  shift 367
	TOK_COLON  shift 219
	TOK_DOT  shift 197
	TOK_PLUS  shift 198
	TOK_MINUS  shift 199
	TOK_TIMES  shift 200
	TOK_DIV  shift 201
	TOK_EQ  shift 203
	TOK_TILDAEQ  shift 209
	TOK_LE  shift 204
	TOK_LT  shift 205
	TOK_GE  shift 206
	TOK_GT  shift 207
	TOK_AND  shift 210
	TOK_OR  shift 211
	TOK_ARROW  shift 212
	TOK_IFF  shift 213
	TOK_PTO  shift 208
	TOK_ISA  shift 218
	TOK_IF  shift 202
	TOK_WHENNEXT  shift 214
	TOK_WHENPREV  shift 215
	TOK_WHENFIRST  shift 216
	TOK_WHENLAST  shift 217
	.  error


state 223
	term:  TOK_LPAREN TOK_DOLLAR.SYMBOLx simplevars TOK_DOT fmla TOK_RPAREN TOK_LPAREN terms TOK_RPAREN 
	term:  TOK_DOLLAR.SYMBOLx TOK_DOT fmla 
	term:  TOK_DOLLAR.SYMBOLx TOK_DOLLAR fmla 

	TOK_PRESYMBOL  shift 63
	.  error

	SYMBOLx  goto 368

224: shift/reduce conflict (shift 214(0), red'n 102(6)) on TOK_WHENNEXT
224: shift/reduce conflict (shift 215(0), red'n 102(6)) on TOK_WHENPREV
224: shift/reduce conflict (shift 216(0), red'n 102(6)) on TOK_WHENFIRST
224: shift/reduce conflict (shift 217(0), red'n 102(6)) on TOK_WHENLAST
state 224
	term:  term.TOK_DOT appelem 
	term:  term.TOK_PLUS term 
	term:  term.TOK_MINUS term 
	term:  term.TOK_TIMES term 
	term:  term.TOK_DIV term 
	term:  term.TOK_IF fmla TOK_ELSE term 
	term:  term.TOK_EQ term 
	term:  term.TOK_LE term 
	term:  term.TOK_LT term 
	term:  term.TOK_GE term 
	term:  term.TOK_GT term 
	term:  term.TOK_PTO term 
	term:  term.TOK_TILDAEQ term 
	term:  TOK_TILDA term.    (102)
	term:  term.TOK_AND term 
	term:  term.TOK_OR term 
	term:  term.TOK_ARROW term 
	term:  term.TOK_IFF term 
	term:  term.TOK_WHENNEXT term 
	term:  term.TOK_WHENPREV term 
	term:  term.TOK_WHENFIRST term 
	term:  term.TOK_WHENLAST term 
	term:  term.TOK_ISA atype 
	term:  term.TOK_COLON atype 

	TOK_COLON  shift 219
	TOK_DOT  shift 197
	TOK_PLUS  shift 198
	TOK_MINUS  shift 199
	TOK_TIMES  shift 200
	TOK_DIV  shift 201
	TOK_EQ  shift 203
	TOK_TILDAEQ  shift 209
	TOK_LE  shift 204
	TOK_LT  shift 205
	TOK_GE  shift 206
	TOK_GT  shift 207
	TOK_PTO  shift 208
	TOK_ISA  shift 218
	TOK_IF  shift 202
	TOK_WHENNEXT  shift 214
	TOK_WHENPREV  shift 215
	TOK_WHENFIRST  shift 216
	TOK_WHENLAST  shift 217
	.  reduce 102 (src line 1536)


state 225
	simplevars:  simplevars.TOK_COMMA simplevar 
	term:  TOK_FORALL simplevars.TOK_DOT term 

	TOK_COMMA  shift 369
	TOK_DOT  shift 370
	.  error


state 226
	term:  TOK_FORALL TOK_LPAREN.vars TOK_RPAREN term 

	TOK_VARIABLE  shift 88
	.  error

	var  goto 372
	vars  goto 371

state 227
	simplevars:  simplevar.    (78)

	.  reduce 78 (src line 1347)


state 228
	simplevar:  TOK_VARIABLE.    (74)
	simplevar:  TOK_VARIABLE.TOK_COLON SYMBOLx 

	TOK_COLON  shift 373
	.  reduce 74 (src line 1316)


state 229
	simplevars:  simplevars.TOK_COMMA simplevar 
	term:  TOK_EXISTS simplevars.TOK_DOT term 

	TOK_COMMA  shift 369
	TOK_DOT  shift 374
	.  error


state 230
	term:  TOK_EXISTS TOK_LPAREN.vars TOK_RPAREN term 

	TOK_VARIABLE  shift 88
	.  error

	var  goto 372
	vars  goto 375

231: shift/reduce conflict (shift 214(0), red'n 111(2)) on TOK_WHENNEXT
231: shift/reduce conflict (shift 215(0), red'n 111(2)) on TOK_WHENPREV
231: shift/reduce conflict (shift 216(0), red'n 111(2)) on TOK_WHENFIRST
231: shift/reduce conflict (shift 217(0), red'n 111(2)) on TOK_WHENLAST
state 231
	term:  term.TOK_DOT appelem 
	term:  term.TOK_PLUS term 
	term:  term.TOK_MINUS term 
	term:  term.TOK_TIMES term 
	term:  term.TOK_DIV term 
	term:  term.TOK_IF fmla TOK_ELSE term 
	term:  term.TOK_EQ term 
	term:  term.TOK_LE term 
	term:  term.TOK_LT term 
	term:  term.TOK_GE term 
	term:  term.TOK_GT term 
	term:  term.TOK_PTO term 
	term:  term.TOK_TILDAEQ term 
	term:  term.TOK_AND term 
	term:  term.TOK_OR term 
	term:  term.TOK_ARROW term 
	term:  term.TOK_IFF term 
	term:  TOK_GLOBALLY term.    (111)
	term:  term.TOK_WHENNEXT term 
	term:  term.TOK_WHENPREV term 
	term:  term.TOK_WHENFIRST term 
	term:  term.TOK_WHENLAST term 
	term:  term.TOK_ISA atype 
	term:  term.TOK_COLON atype 

	TOK_COLON  shift 219
	TOK_DOT  shift 197
	TOK_PLUS  shift 198
	TOK_MINUS  shift 199
	TOK_TIMES  shift 200
	TOK_DIV  shift 201
	TOK_EQ  shift 203
	TOK_TILDAEQ  shift 209
	TOK_LE  shift 204
	TOK_LT  shift 205
	TOK_GE  shift 206
	TOK_GT  shift 207
	TOK_AND  shift 210
	TOK_OR  shift 211
	TOK_ARROW  shift 212
	TOK_IFF  shift 213
	TOK_PTO  shift 208
	TOK_ISA  shift 218
	TOK_IF  shift 202
	TOK_WHENNEXT  shift 214
	TOK_WHENPREV  shift 215
	TOK_WHENFIRST  shift 216
	TOK_WHENLAST  shift 217
	.  reduce 111 (src line 1613)


232: shift/reduce conflict (shift 214(0), red'n 112(2)) on TOK_WHENNEXT
232: shift/reduce conflict (shift 215(0), red'n 112(2)) on TOK_WHENPREV
232: shift/reduce conflict (shift 216(0), red'n 112(2)) on TOK_WHENFIRST
232: shift/reduce conflict (shift 217(0), red'n 112(2)) on TOK_WHENLAST
state 232
	term:  term.TOK_DOT appelem 
	term:  term.TOK_PLUS term 
	term:  term.TOK_MINUS term 
	term:  term.TOK_TIMES term 
	term:  term.TOK_DIV term 
	term:  term.TOK_IF fmla TOK_ELSE term 
	term:  term.TOK_EQ term 
	term:  term.TOK_LE term 
	term:  term.TOK_LT term 
	term:  term.TOK_GE term 
	term:  term.TOK_GT term 
	term:  term.TOK_PTO term 
	term:  term.TOK_TILDAEQ term 
	term:  term.TOK_AND term 
	term:  term.TOK_OR term 
	term:  term.TOK_ARROW term 
	term:  term.TOK_IFF term 
	term:  TOK_EVENTUALLY term.    (112)
	term:  term.TOK_WHENNEXT term 
	term:  term.TOK_WHENPREV term 
	term:  term.TOK_WHENFIRST term 
	term:  term.TOK_WHENLAST term 
	term:  term.TOK_ISA atype 
	term:  term.TOK_COLON atype 

	TOK_COLON  shift 219
	TOK_DOT  shift 197
	TOK_PLUS  shift 198
	TOK_MINUS  shift 199
	TOK_TIMES  shift 200
	TOK_DIV  shift 201
	TOK_EQ  shift 203
	TOK_TILDAEQ  shift 209
	TOK_LE  shift 204
	TOK_LT  shift 205
	TOK_GE  shift 206
	TOK_GT  shift 207
	TOK_AND  shift 210
	TOK_OR  shift 211
	TOK_ARROW  shift 212
	TOK_IFF  shift 213
	TOK_PTO  shift 208
	TOK_ISA  shift 218
	TOK_IF  shift 202
	TOK_WHENNEXT  shift 214
	TOK_WHENPREV  shift 215
	TOK_WHENFIRST  shift 216
	TOK_WHENLAST  shift 217
	.  reduce 112 (src line 1618)


state 233
	SYMBOLx:  SYMBOLx.TOK_LB SYMsubscr TOK_RB 
	term:  TOK_DOLLAR SYMBOLx.TOK_DOT fmla 
	term:  TOK_DOLLAR SYMBOLx.TOK_DOLLAR fmla 

	TOK_LB  shift 190
	TOK_DOT  shift 376
	TOK_DOLLAR  shift 377
	.  error


state 234
	appelem:  SYMBOLx TOK_LPAREN.terms TOK_RPAREN 
	terms: .    (80)

	TOK_PRESYMBOL  shift 63
	TOK_VARIABLE  shift 88
	TOK_LPAREN  shift 78
	TOK_TILDA  shift 81
	TOK_DOLLAR  shift 86
	TOK_FORALL  shift 82
	TOK_EXISTS  shift 83
	TOK_TRUE  shift 79
	TOK_FALSE  shift 80
	TOK_OLD  shift 77
	TOK_GLOBALLY  shift 84
	TOK_EVENTUALLY  shift 85
	.  reduce 80 (src line 1364)

	term  goto 379
	appelem  goto 75
	var  goto 76
	terms  goto 378
	SYMBOLx  goto 87

state 235
	var:  TOK_VARIABLE TOK_COLON.atype 

	TOK_PRESYMBOL  shift 63
	TOK_THIS  shift 142
	.  error

	atype  goto 380
	SYMBOLx  goto 141

236: shift/reduce conflict (shift 254(0), red'n 140(0)) on TOK_PROOF
state 236
	top:  top TOK_UNPROVABLE TOK_INVARIANT labeledfmla.optproof 
	optproof: .    (140)

	TOK_PROOF  shift 254
	.  reduce 140 (src line 1819)

	optproof  goto 381

state 237
	top:  top TOK_MODULE modulestart modcat.atom optwith TOK_EQ TOK_LCB top TOK_RCB moduleend 

	TOK_PRESYMBOL  shift 63
	.  error

	SYMBOLx  goto 123
	atom  goto 382

state 238
	modcat:  TOK_OBJECT.    (269)

	.  reduce 269 (src line 2684)


state 239
	modcat:  TOK_ISOLATE.    (270)

	.  reduce 270 (src line 2689)


state 240
	top:  top TOK_OBJECT objsym objectargs.TOK_EQ TOK_LCB optdotdotdot top TOK_RCB objectend 

	TOK_EQ  shift 383
	.  error


state 241
	objectargs:  optargs.    (275)

	.  reduce 275 (src line 2722)


state 242
	optargs:  TOK_LPAREN.lparams TOK_RPAREN 

	TOK_PRESYMBOL  shift 63
	TOK_CARET  shift 252
	.  error

	SYMBOLx  goto 251
	lparam  goto 385
	lparams  goto 384

state 243
	top:  top TOK_CLASS objsym objectargs.TOK_EQ TOK_LCB optdotdotdot top TOK_RCB objectend 

	TOK_EQ  shift 386
	.  error


state 244
	top:  top TOK_SUBCLASS objsym TOK_OF.atype TOK_EQ TOK_LCB optdotdotdot top TOK_RCB objectend 

	TOK_PRESYMBOL  shift 63
	TOK_THIS  shift 142
	.  error

	atype  goto 387
	SYMBOLx  goto 141

state 245
	schdefn:  defnlhs TOK_EQ.schdefnrhs 

	TOK_PRESYMBOL  shift 63
	TOK_VARIABLE  shift 88
	TOK_LPAREN  shift 78
	TOK_LCB  shift 257
	TOK_TILDA  shift 81
	TOK_DOLLAR  shift 86
	TOK_FORALL  shift 82
	TOK_EXISTS  shift 83
	TOK_TRUE  shift 79
	TOK_FALSE  shift 80
	TOK_OLD  shift 77
	TOK_GLOBALLY  shift 84
	TOK_EVENTUALLY  shift 85
	.  error

	term  goto 72
	fmla  goto 256
	appelem  goto 75
	var  goto 76
	SYMBOLx  goto 87
	schdefnrhs  goto 388

state 246
	dotsym:  dotsym TOK_DOT.SYMBOLx 

	TOK_PRESYMBOL  shift 63
	.  error

	SYMBOLx  goto 389

state 247
	defnlhs:  dotsym TOK_LPAREN.defargs TOK_RPAREN 

	TOK_PRESYMBOL  shift 63
	TOK_VARIABLE  shift 88
	TOK_CARET  shift 252
	.  error

	var  goto 250
	SYMBOLx  goto 251
	defarg  goto 391
	defargs  goto 390
	lparam  goto 249

state 248
	defnlhs:  TOK_LPAREN defarg.relop defarg TOK_RPAREN 
	defnlhs:  TOK_LPAREN defarg.infix defarg TOK_RPAREN 

	TOK_PLUS  shift 165
	TOK_MINUS  shift 166
	TOK_TIMES  shift 167
	TOK_DIV  shift 168
	TOK_EQ  shift 159
	TOK_LE  shift 160
	TOK_LT  shift 161
	TOK_GE  shift 162
	TOK_GT  shift 163
	TOK_PTO  shift 164
	.  error

	relop  goto 392
	infix  goto 393

state 249
	defarg:  lparam.    (151)

	.  reduce 151 (src line 1896)


state 250
	defarg:  var.    (152)

	.  reduce 152 (src line 1902)


state 251
	SYMBOLx:  SYMBOLx.TOK_LB SYMsubscr TOK_RB 
	lparam:  SYMBOLx.TOK_COLON atype 

	TOK_LB  shift 190
	TOK_COLON  shift 394
	.  error


state 252
	lparam:  TOK_CARET.SYMBOLx TOK_COLON atype 

	TOK_PRESYMBOL  shift 63
	.  error

	SYMBOLx  goto 395

state 253
	top:  top TOK_THEOREM schdefn optproof.    (15)

	.  reduce 15 (src line 684)


state 254
	optproof:  TOK_PROOF.proofstep 
	optproof:  TOK_PROOF.labelname proofstep 
	opttemporal: .    (130)

	TOK_LABEL  shift 74
	TOK_LB  shift 73
	TOK_LCB  shift 275
	TOK_IF  shift 271
	TOK_ASSUME  shift 260
	TOK_LET  shift 270
	TOK_PROOF  shift 269
	TOK_INSTANTIATE  shift 261
	TOK_FUNCTION  shift 267
	TOK_THEOREM  shift 268
	TOK_TEMPORAL  shift 68
	TOK_TACTIC  shift 265
	TOK_SHOWGOALS  shift 262
	TOK_DEFERGOAL  shift 263
	TOK_SPOIL  shift 264
	TOK_UNFOLD  shift 272
	TOK_FORGET  shift 273
	TOK_APPLY  shift 259
	.  reduce 130 (src line 1754)

	labelname  goto 397
	opttemporal  goto 266
	proofstep  goto 396
	proofgroup  goto 274

255: shift/reduce conflict (shift 254(0), red'n 140(0)) on TOK_PROOF
state 255
	top:  top TOK_THEOREM labelname schdefnrhs.optproof 
	optproof: .    (140)

	TOK_PROOF  shift 254
	.  reduce 140 (src line 1819)

	optproof  goto 398

state 256
	schdefnrhs:  fmla.    (170)

	.  reduce 170 (src line 2038)


state 257
	schdefnrhs:  TOK_LCB.schdecls schconc TOK_RCB 
	schdecls: .    (182)

	.  reduce 182 (src line 2120)

	schdecls  goto 399

state 258
	top:  top TOK_PROOF labelname proofstep.    (17)

	.  reduce 17 (src line 710)


state 259
	proofstep:  TOK_APPLY.atype optrenaming 
	proofstep:  TOK_APPLY.atype optrenaming TOK_WITH matches 

	TOK_PRESYMBOL  shift 63
	TOK_THIS  shift 142
	.  error

	atype  goto 400
	SYMBOLx  goto 141

state 260
	proofstep:  TOK_ASSUME.atype optrenaming 
	proofstep:  TOK_ASSUME.atype optrenaming TOK_WITH matches 

	TOK_PRESYMBOL  shift 63
	TOK_THIS  shift 142
	.  error

	atype  goto 401
	SYMBOLx  goto 141

state 261
	proofstep:  TOK_INSTANTIATE.atype optrenaming 
	proofstep:  TOK_INSTANTIATE.labelname atype optrenaming 
	proofstep:  TOK_INSTANTIATE.atype optrenaming TOK_WITH matches 
	proofstep:  TOK_INSTANTIATE.TOK_WITH pflets 

	TOK_PRESYMBOL  shift 63
	TOK_LABEL  shift 74
	TOK_LB  shift 73
	TOK_THIS  shift 142
	TOK_WITH  shift 404
	.  error

	atype  goto 402
	SYMBOLx  goto 141
	labelname  goto 403

state 262
	proofstep:  TOK_SHOWGOALS.    (446)

	.  reduce 446 (src line 3878)


state 263
	proofstep:  TOK_DEFERGOAL.    (447)

	.  reduce 447 (src line 3883)


state 264
	proofstep:  TOK_SPOIL.atype 

	TOK_PRESYMBOL  shift 63
	TOK_THIS  shift 142
	.  error

	atype  goto 405
	SYMBOLx  goto 141

state 265
	proofstep:  TOK_TACTIC.atype opttacticwith optproofgroup 

	TOK_PRESYMBOL  shift 63
	TOK_THIS  shift 142
	.  error

	atype  goto 406
	SYMBOLx  goto 141

state 266
	proofstep:  opttemporal.TOK_PROPERTY labeledfmla optskolem optproofgroup 

	TOK_PROPERTY  shift 407
	.  error


state 267
	proofstep:  TOK_FUNCTION.funs 

	TOK_PRESYMBOL  shift 63
	TOK_LPAREN  shift 98
	.  error

	SYMBOLx  goto 99
	defnlhs  goto 116
	typeddefn  goto 115
	fun  goto 114
	funs  goto 408
	dotsym  goto 97

state 268
	proofstep:  TOK_THEOREM.lgprop optproofgroup 
	optlabel: .    (136)

	TOK_LABEL  shift 74
	TOK_LB  shift 73
	.  reduce 136 (src line 1793)

	labelname  goto 195
	lgprop  goto 409
	optlabel  goto 337

state 269
	proofstep:  TOK_PROOF.labelname proofgroup 

	TOK_LABEL  shift 74
	TOK_LB  shift 73
	.  error

	labelname  goto 410

state 270
	proofstep:  TOK_LET.pflets 

	TOK_VARIABLE  shift 88
	.  error

	var  goto 413
	pflets  goto 411
	pflet  goto 412

state 271
	proofstep:  TOK_IF.fmla proofgroup TOK_ELSE proofgroup 

	TOK_PRESYMBOL  shift 63
	TOK_VARIABLE  shift 88
	TOK_LPAREN  shift 78
	TOK_TILDA  shift 81
	TOK_DOLLAR  shift 86
	TOK_FORALL  shift 82
	TOK_EXISTS  shift 83
	TOK_TRUE  shift 79
	TOK_FALSE  shift 80
	TOK_OLD  shift 77
	TOK_GLOBALLY  shift 84
	TOK_EVENTUALLY  shift 85
	.  error

	term  goto 72
	fmla  goto 414
	appelem  goto 75
	var  goto 76
	SYMBOLx  goto 87

state 272
	proofstep:  TOK_UNFOLD.atype TOK_WITH callatoms 
	proofstep:  TOK_UNFOLD.TOK_WITH callatoms 

	TOK_PRESYMBOL  shift 63
	TOK_THIS  shift 142
	TOK_WITH  shift 416
	.  error

	atype  goto 415
	SYMBOLx  goto 141

state 273
	proofstep:  TOK_FORGET.callatoms 

	TOK_PRESYMBOL  shift 63
	TOK_THIS  shift 126
	TOK_METHOD  shift 127
	.  error

	SYMBOLx  goto 123
	atom  goto 125
	callatom  goto 153
	callatoms  goto 417

state 274
	proofstep:  proofgroup.    (459)

	.  reduce 459 (src line 3954)


state 275
	proofgroup:  TOK_LCB.proofseq TOK_RCB 
	proofgroup:  TOK_LCB.TOK_RCB 
	opttemporal: .    (130)

	TOK_LCB  shift 275
	TOK_RCB  shift 419
	TOK_IF  shift 271
	TOK_ASSUME  shift 260
	TOK_LET  shift 270
	TOK_PROOF  shift 269
	TOK_INSTANTIATE  shift 261
	TOK_FUNCTION  shift 267
	TOK_THEOREM  shift 268
	TOK_TEMPORAL  shift 68
	TOK_TACTIC  shift 265
	TOK_SHOWGOALS  shift 262
	TOK_DEFERGOAL  shift 263
	TOK_SPOIL  shift 264
	TOK_UNFOLD  shift 272
	TOK_FORGET  shift 273
	TOK_APPLY  shift 259
	.  reduce 130 (src line 1754)

	opttemporal  goto 266
	proofstep  goto 420
	proofseq  goto 418
	proofgroup  goto 274

state 276
	insts:  insts TOK_COMMA.inst 

	TOK_PRESYMBOL  shift 63
	.  error

	SYMBOLx  goto 99
	dotsym  goto 106
	inst  goto 421
	modinst  goto 105

state 277
	inst:  modinst TOK_COLON.modinst 

	TOK_PRESYMBOL  shift 63
	.  error

	SYMBOLx  goto 99
	dotsym  goto 106
	modinst  goto 422

state 278
	modinst:  dotsym TOK_LPAREN.pnames TOK_RPAREN 
	pnames: .    (322)

	TOK_PRESYMBOL  shift 63
	TOK_VARIABLE  shift 88
	TOK_PLUS  shift 165
	TOK_MINUS  shift 166
	TOK_TIMES  shift 167
	TOK_DIV  shift 168
	TOK_EQ  shift 159
	TOK_LE  shift 160
	TOK_LT  shift 161
	TOK_GE  shift 162
	TOK_GT  shift 163
	TOK_PTO  shift 164
	TOK_TRUE  shift 430
	TOK_FALSE  shift 431
	TOK_THIS  shift 429
	.  reduce 322 (src line 3051)

	var  goto 426
	atype  goto 425
	SYMBOLx  goto 141
	pname  goto 424
	pnames  goto 423
	relop  goto 428
	infix  goto 427

state 279
	rels:  rels TOK_COMMA.rel 

	TOK_PRESYMBOL  shift 63
	TOK_LPAREN  shift 98
	.  error

	SYMBOLx  goto 99
	defn  goto 111
	defnlhs  goto 110
	typeddefn  goto 112
	rel  goto 432
	dotsym  goto 97

state 280
	typeddefn:  defnlhs TOK_COLON.atype 

	TOK_PRESYMBOL  shift 63
	TOK_THIS  shift 142
	.  error

	atype  goto 433
	SYMBOLx  goto 141

state 281
	defn:  typeddefn TOK_EQ.defnrhs 

	TOK_PRESYMBOL  shift 63
	TOK_VARIABLE  shift 88
	TOK_NATIVEQUOTE  shift 437
	TOK_LPAREN  shift 78
	TOK_TILDA  shift 81
	TOK_DOLLAR  shift 86
	TOK_FORALL  shift 82
	TOK_EXISTS  shift 83
	TOK_TRUE  shift 79
	TOK_FALSE  shift 80
	TOK_OLD  shift 77
	TOK_GLOBALLY  shift 84
	TOK_EVENTUALLY  shift 85
	TOK_SOME  shift 438
	.  error

	term  goto 72
	fmla  goto 435
	appelem  goto 75
	var  goto 76
	SYMBOLx  goto 87
	defnrhs  goto 434
	somevarfmla  goto 436

state 282
	funs:  funs TOK_COMMA.fun 

	TOK_PRESYMBOL  shift 63
	TOK_LPAREN  shift 98
	.  error

	SYMBOLx  goto 99
	defnlhs  goto 116
	typeddefn  goto 115
	fun  goto 439
	dotsym  goto 97

state 283
	fun:  typeddefn TOK_EQ.defnrhs 

	TOK_PRESYMBOL  shift 63
	TOK_VARIABLE  shift 88
	TOK_NATIVEQUOTE  shift 437
	TOK_LPAREN  shift 78
	TOK_TILDA  shift 81
	TOK_DOLLAR  shift 86
	TOK_FORALL  shift 82
	TOK_EXISTS  shift 83
	TOK_TRUE  shift 79
	TOK_FALSE  shift 80
	TOK_OLD  shift 77
	TOK_GLOBALLY  shift 84
	TOK_EVENTUALLY  shift 85
	TOK_SOME  shift 438
	.  error

	term  goto 72
	fmla  goto 435
	appelem  goto 75
	var  goto 76
	SYMBOLx  goto 87
	defnrhs  goto 440
	somevarfmla  goto 436

state 284
	defns:  defns TOK_COMMA.defn 

	TOK_PRESYMBOL  shift 63
	TOK_LPAREN  shift 98
	.  error

	SYMBOLx  goto 99
	defn  goto 441
	defnlhs  goto 116
	typeddefn  goto 112
	dotsym  goto 97

state 285
	top:  top optfinite optghost TOK_TYPE.typesymbol 
	top:  top optfinite optghost TOK_TYPE.typesymbol TOK_EQ sort 

	TOK_PRESYMBOL  shift 63
	TOK_THIS  shift 173
	.  error

	SYMBOLx  goto 172
	typesymbol  goto 442

state 286
	top:  top TOK_RELY atom TOK_ARROW.atom 

	TOK_PRESYMBOL  shift 63
	.  error

	SYMBOLx  goto 123
	atom  goto 443

state 287
	atom:  SYMBOLx TOK_LPAREN.terms TOK_RPAREN 
	terms: .    (80)

	TOK_PRESYMBOL  shift 63
	TOK_VARIABLE  shift 88
	TOK_LPAREN  shift 78
	TOK_TILDA  shift 81
	TOK_DOLLAR  shift 86
	TOK_FORALL  shift 82
	TOK_EXISTS  shift 83
	TOK_TRUE  shift 79
	TOK_FALSE  shift 80
	TOK_OLD  shift 77
	TOK_GLOBALLY  shift 84
	TOK_EVENTUALLY  shift 85
	.  reduce 80 (src line 1364)

	term  goto 379
	appelem  goto 75
	var  goto 76
	terms  goto 444
	SYMBOLx  goto 87

state 288
	top:  top TOK_MIXORD callatom TOK_ARROW.callatom 

	TOK_PRESYMBOL  shift 63
	TOK_THIS  shift 126
	TOK_METHOD  shift 127
	.  error

	SYMBOLx  goto 123
	atom  goto 125
	callatom  goto 445

state 289
	callatom:  callatom TOK_DOT.callatom 

	TOK_PRESYMBOL  shift 63
	TOK_THIS  shift 126
	TOK_METHOD  shift 127
	.  error

	SYMBOLx  goto 123
	atom  goto 125
	callatom  goto 446

state 290
	cdefns:  cdefns TOK_COMMA.cdefn 

	TOK_PRESYMBOL  shift 63
	.  error

	SYMBOLx  goto 123
	atom  goto 130
	cdefn  goto 447

state 291
	cdefn:  atom TOK_EQ.expr 

	TOK_PRESYMBOL  shift 63
	TOK_VARIABLE  shift 88
	TOK_LPAREN  shift 452
	TOK_LCB  shift 449
	TOK_TILDA  shift 451
	.  error

	appelem  goto 455
	var  goto 456
	SYMBOLx  goto 87
	expr  goto 448
	exprterm  goto 450
	prod  goto 453
	sum  goto 454

state 292
	top:  top TOK_UPDATE apps TOK_FROM.apps upaxes 

	TOK_PRESYMBOL  shift 63
	TOK_VARIABLE  shift 88
	TOK_LPAREN  shift 78
	TOK_TILDA  shift 81
	TOK_DOLLAR  shift 86
	TOK_FORALL  shift 82
	TOK_EXISTS  shift 83
	TOK_TRUE  shift 79
	TOK_FALSE  shift 80
	TOK_OLD  shift 77
	TOK_GLOBALLY  shift 84
	TOK_EVENTUALLY  shift 85
	.  error

	term  goto 134
	appelem  goto 75
	var  goto 76
	SYMBOLx  goto 133
	app  goto 132
	apps  goto 457

state 293
	apps:  apps TOK_COMMA.app 

	TOK_PRESYMBOL  shift 63
	TOK_VARIABLE  shift 88
	TOK_LPAREN  shift 78
	TOK_TILDA  shift 81
	TOK_DOLLAR  shift 86
	TOK_FORALL  shift 82
	TOK_EXISTS  shift 83
	TOK_TRUE  shift 79
	TOK_FALSE  shift 80
	TOK_OLD  shift 77
	TOK_GLOBALLY  shift 84
	TOK_EVENTUALLY  shift 85
	.  error

	term  goto 134
	appelem  goto 75
	var  goto 76
	SYMBOLx  goto 133
	app  goto 458

state 294
	appelem:  SYMBOLx TOK_LPAREN.terms TOK_RPAREN 
	app:  SYMBOLx TOK_LPAREN.terms TOK_RPAREN 
	terms: .    (80)

	TOK_PRESYMBOL  shift 63
	TOK_VARIABLE  shift 88
	TOK_LPAREN  shift 78
	TOK_TILDA  shift 81
	TOK_DOLLAR  shift 86
	TOK_FORALL  shift 82
	TOK_EXISTS  shift 83
	TOK_TRUE  shift 79
	TOK_FALSE  shift 80
	TOK_OLD  shift 77
	TOK_GLOBALLY  shift 84
	TOK_EVENTUALLY  shift 85
	.  reduce 80 (src line 1364)

	term  goto 379
	appelem  goto 75
	var  goto 76
	terms  goto 459
	SYMBOLx  goto 87

295: shift/reduce conflict (shift 63(0), red'n 244(12)) on TOK_PRESYMBOL
295: shift/reduce conflict (shift 88(0), red'n 244(12)) on TOK_VARIABLE
295: shift/reduce conflict (shift 78(0), red'n 244(12)) on TOK_LPAREN
295: shift/reduce conflict (shift 82(0), red'n 244(12)) on TOK_FORALL
295: shift/reduce conflict (shift 83(0), red'n 244(12)) on TOK_EXISTS
295: shift/reduce conflict (shift 79(0), red'n 244(12)) on TOK_TRUE
295: shift/reduce conflict (shift 80(0), red'n 244(12)) on TOK_FALSE
state 295
	term:  term TOK_PLUS.term 
	infix:  TOK_PLUS.    (244)

	TOK_PRESYMBOL  shift 63
	TOK_VARIABLE  shift 88
	TOK_LPAREN  shift 78
	TOK_DOLLAR  shift 86
	TOK_FORALL  shift 82
	TOK_EXISTS  shift 83
	TOK_TRUE  shift 79
	TOK_FALSE  shift 80
	TOK_OLD  shift 77
	.  reduce 244 (src line 2521)

	term  goto 344
	appelem  goto 75
	var  goto 76
	SYMBOLx  goto 87

296: shift/reduce conflict (shift 63(0), red'n 245(12)) on TOK_PRESYMBOL
296: shift/reduce conflict (shift 88(0), red'n 245(12)) on TOK_VARIABLE
296: shift/reduce conflict (shift 78(0), red'n 245(12)) on TOK_LPAREN
296: shift/reduce conflict (shift 82(0), red'n 245(12)) on TOK_FORALL
296: shift/reduce conflict (shift 83(0), red'n 245(12)) on TOK_EXISTS
296: shift/reduce conflict (shift 79(0), red'n 245(12)) on TOK_TRUE
296: shift/reduce conflict (shift 80(0), red'n 245(12)) on TOK_FALSE
state 296
	term:  term TOK_MINUS.term 
	infix:  TOK_MINUS.    (245)

	TOK_PRESYMBOL  shift 63
	TOK_VARIABLE  shift 88
	TOK_LPAREN  shift 78
	TOK_DOLLAR  shift 86
	TOK_FORALL  shift 82
	TOK_EXISTS  shift 83
	TOK_TRUE  shift 79
	TOK_FALSE  shift 80
	TOK_OLD  shift 77
	.  reduce 245 (src line 2523)

	term  goto 345
	appelem  goto 75
	var  goto 76
	SYMBOLx  goto 87

297: shift/reduce conflict (shift 63(0), red'n 246(13)) on TOK_PRESYMBOL
297: shift/reduce conflict (shift 88(0), red'n 246(13)) on TOK_VARIABLE
297: shift/reduce conflict (shift 78(0), red'n 246(13)) on TOK_LPAREN
297: shift/reduce conflict (shift 82(0), red'n 246(13)) on TOK_FORALL
297: shift/reduce conflict (shift 83(0), red'n 246(13)) on TOK_EXISTS
297: shift/reduce conflict (shift 79(0), red'n 246(13)) on TOK_TRUE
297: shift/reduce conflict (shift 80(0), red'n 246(13)) on TOK_FALSE
state 297
	term:  term TOK_TIMES.term 
	infix:  TOK_TIMES.    (246)

	TOK_PRESYMBOL  shift 63
	TOK_VARIABLE  shift 88
	TOK_LPAREN  shift 78
	TOK_DOLLAR  shift 86
	TOK_FORALL  shift 82
	TOK_EXISTS  shift 83
	TOK_TRUE  shift 79
	TOK_FALSE  shift 80
	TOK_OLD  shift 77
	.  reduce 246 (src line 2524)

	term  goto 346
	appelem  goto 75
	var  goto 76
	SYMBOLx  goto 87

298: shift/reduce conflict (shift 63(0), red'n 247(13)) on TOK_PRESYMBOL
298: shift/reduce conflict (shift 88(0), red'n 247(13)) on TOK_VARIABLE
298: shift/reduce conflict (shift 78(0), red'n 247(13)) on TOK_LPAREN
298: shift/reduce conflict (shift 82(0), red'n 247(13)) on TOK_FORALL
298: shift/reduce conflict (shift 83(0), red'n 247(13)) on TOK_EXISTS
298: shift/reduce conflict (shift 79(0), red'n 247(13)) on TOK_TRUE
298: shift/reduce conflict (shift 80(0), red'n 247(13)) on TOK_FALSE
state 298
	term:  term TOK_DIV.term 
	infix:  TOK_DIV.    (247)

	TOK_PRESYMBOL  shift 63
	TOK_VARIABLE  shift 88
	TOK_LPAREN  shift 78
	TOK_DOLLAR  shift 86
	TOK_FORALL  shift 82
	TOK_EXISTS  shift 83
	TOK_TRUE  shift 79
	TOK_FALSE  shift 80
	TOK_OLD  shift 77
	.  reduce 247 (src line 2525)

	term  goto 347
	appelem  goto 75
	var  goto 76
	SYMBOLx  goto 87

state 299
	app:  term infix.term 

	TOK_PRESYMBOL  shift 63
	TOK_VARIABLE  shift 88
	TOK_LPAREN  shift 78
	TOK_TILDA  shift 81
	TOK_DOLLAR  shift 86
	TOK_FORALL  shift 82
	TOK_EXISTS  shift 83
	TOK_TRUE  shift 79
	TOK_FALSE  shift 80
	TOK_OLD  shift 77
	TOK_GLOBALLY  shift 84
	TOK_EVENTUALLY  shift 85
	.  error

	term  goto 460
	appelem  goto 75
	var  goto 76
	SYMBOLx  goto 87

state 300
	top:  top TOK_MACRO atom TOK_EQ.sequence 

	TOK_LCB  shift 462
	.  error

	sequence  goto 461

state 301
	top:  top optimpex actmeth SYMBOLx.optargs optreturns optactiondef 
	SYMBOLx:  SYMBOLx.TOK_LB SYMsubscr TOK_RB 
	optargs: .    (279)

	TOK_LPAREN  shift 242
	TOK_LB  shift 190
	.  reduce 279 (src line 2753)

	optargs  goto 463

state 302
	top:  top TOK_MIXIN callatom TOK_BEFORE.callatom 

	TOK_PRESYMBOL  shift 63
	TOK_THIS  shift 126
	TOK_METHOD  shift 127
	.  error

	SYMBOLx  goto 123
	atom  goto 125
	callatom  goto 464

state 303
	top:  top TOK_MIXIN callatom TOK_AFTER.callatom 

	TOK_PRESYMBOL  shift 63
	TOK_THIS  shift 126
	TOK_METHOD  shift 127
	.  error

	SYMBOLx  goto 123
	atom  goto 125
	callatom  goto 465

state 304
	top:  top TOK_BEFORE atype optargs.optreturns sequence 
	optreturns: .    (281)

	TOK_RETURNS  shift 467
	.  reduce 281 (src line 2766)

	optreturns  goto 466

state 305
	atype:  atype TOK_DOT.SYMBOLx 

	TOK_PRESYMBOL  shift 63
	.  error

	SYMBOLx  goto 468

state 306
	top:  top TOK_AFTER atype optargs.optreturns topseq 
	optreturns: .    (281)

	TOK_RETURNS  shift 467
	.  reduce 281 (src line 2766)

	optreturns  goto 469

state 307
	top:  top TOK_AFTER TOK_INIT optargs.topseq 

	TOK_LCB  shift 472
	.  error

	sequence  goto 471
	topseq  goto 470

state 308
	top:  top TOK_AROUND atype optargs.optreturns TOK_LCB actseq optsemi TOK_DOTDOTDOT actseq optsemi TOK_RCB 
	optreturns: .    (281)

	TOK_RETURNS  shift 467
	.  reduce 281 (src line 2766)

	optreturns  goto 473

state 309
	top:  top TOK_IMPLEMENT atype optargs.optreturns topseq 
	optreturns: .    (281)

	TOK_RETURNS  shift 467
	.  reduce 281 (src line 2766)

	optreturns  goto 474

state 310
	top:  top TOK_IMPLEMENT TOK_TYPE SYMBOLx.TOK_WITH SYMBOLx 
	SYMBOLx:  SYMBOLx.TOK_LB SYMsubscr TOK_RB 

	TOK_LB  shift 190
	TOK_WITH  shift 475
	.  error


state 311
	top:  top opttrusted TOK_ISOLATE SYMBOLx.optargs TOK_EQ callatoms 
	top:  top opttrusted TOK_ISOLATE SYMBOLx.optargs TOK_EQ callatoms TOK_WITH callatoms 
	top:  top opttrusted TOK_ISOLATE SYMBOLx.optargs TOK_EQ TOK_LCB top TOK_RCB optwith 
	SYMBOLx:  SYMBOLx.TOK_LB SYMsubscr TOK_RB 
	optargs: .    (279)

	TOK_LPAREN  shift 242
	TOK_LB  shift 190
	.  reduce 279 (src line 2753)

	optargs  goto 476

state 312
	top:  top TOK_EXTRACT objsym objectargs.TOK_EQ TOK_LCB top TOK_RCB optwith 
	top:  top TOK_EXTRACT objsym objectargs.TOK_EQ callatoms 

	TOK_EQ  shift 477
	.  error


state 313
	top:  top TOK_DELEGATE callatoms optdelegee.    (49)

	.  reduce 49 (src line 1055)


state 314
	callatoms:  callatoms TOK_COMMA.callatom 

	TOK_PRESYMBOL  shift 63
	TOK_THIS  shift 126
	TOK_METHOD  shift 127
	.  error

	SYMBOLx  goto 123
	atom  goto 125
	callatom  goto 478

state 315
	optdelegee:  TOK_ARROW.callatom 

	TOK_PRESYMBOL  shift 63
	TOK_THIS  shift 126
	TOK_METHOD  shift 127
	.  error

	SYMBOLx  goto 123
	atom  goto 125
	callatom  goto 479

state 316
	top:  top TOK_INTERPRET oper TOK_ARROW.oper 
	top:  top TOK_INTERPRET oper TOK_ARROW.TOK_LCB term TOK_DOTS term TOK_RCB 
	top:  top TOK_INTERPRET oper TOK_ARROW.TOK_LCB SYMBOLx moresymbols TOK_RCB 

	TOK_PRESYMBOL  shift 63
	TOK_NATIVEQUOTE  shift 158
	TOK_LCB  shift 481
	TOK_PLUS  shift 165
	TOK_MINUS  shift 166
	TOK_TIMES  shift 167
	TOK_DIV  shift 168
	TOK_EQ  shift 159
	TOK_LE  shift 160
	TOK_LT  shift 161
	TOK_GE  shift 162
	TOK_GT  shift 163
	TOK_PTO  shift 164
	TOK_THIS  shift 142
	.  error

	atype  goto 155
	SYMBOLx  goto 141
	oper  goto 480
	relop  goto 156
	infix  goto 157

state 317
	top:  top TOK_ALIAS SYMBOLx TOK_EQ.callatom 

	TOK_PRESYMBOL  shift 63
	TOK_THIS  shift 126
	TOK_METHOD  shift 127
	.  error

	SYMBOLx  goto 123
	atom  goto 125
	callatom  goto 482

state 318
	top:  top TOK_ATTRIBUTE callatom TOK_EQ.attributeval 

	TOK_PRESYMBOL  shift 63
	TOK_TRUE  shift 485
	TOK_FALSE  shift 486
	TOK_THIS  shift 126
	TOK_METHOD  shift 127
	.  error

	SYMBOLx  goto 123
	atom  goto 125
	callatom  goto 484
	attributeval  goto 483

state 319
	top:  top TOK_VARIANT typesymbol TOK_OF.atype 
	top:  top TOK_VARIANT typesymbol TOK_OF.atype TOK_EQ sort 

	TOK_PRESYMBOL  shift 63
	TOK_THIS  shift 142
	.  error

	atype  goto 487
	SYMBOLx  goto 141

state 320
	top:  top TOK_SCENARIO TOK_LCB sceninit.TOK_SEMI scentranss TOK_RCB 

	TOK_SEMI  shift 488
	.  error


state 321
	sceninit:  TOK_ARROW.places 

	TOK_PRESYMBOL  shift 63
	.  error

	SYMBOLx  goto 490
	places  goto 489

state 322
	top:  top.TOK_USING SYMBOLx 
	top:  top.TOK_INCLUDE SYMBOLx 
	top:  top.optexplicit opttemporal TOK_AXIOM lgprop 
	top:  top.optexplicit opttemporal TOK_PROPERTY labeledfmla optskolem optproof 
	top:  top.TOK_CONJECTURE labeledfmla 
	top:  top.optexplicit TOK_INVARIANT labeledfmla optproof 
	top:  top.TOK_UNPROVABLE TOK_INVARIANT labeledfmla optproof 
	top:  top.TOK_MODULE modulestart modcat atom optwith TOK_EQ TOK_LCB top TOK_RCB moduleend 
	top:  top.TOK_OBJECT objsym objectargs TOK_EQ TOK_LCB optdotdotdot top TOK_RCB objectend 
	top:  top.TOK_CLASS objsym objectargs TOK_EQ TOK_LCB optdotdotdot top TOK_RCB objectend 
	top:  top.TOK_SUBCLASS objsym TOK_OF atype TOK_EQ TOK_LCB optdotdotdot top TOK_RCB objectend 
	top:  top.optexplicit TOK_DEFINITION optlabel gdefn optproof 
	top:  top.TOK_SCHEMA schdefn 
	top:  top.TOK_THEOREM schdefn optproof 
	top:  top.TOK_THEOREM labelname schdefnrhs optproof 
	top:  top.TOK_PROOF labelname proofstep 
	top:  top.TOK_INSTANTIATE insts 
	top:  top.TOK_AUTOINSTANCE insts 
	top:  top.symdecl 
	top:  top.TOK_RELATION rels 
	top:  top.TOK_FUNCTION funs 
	top:  top.TOK_DERIVED defns 
	top:  top.optfinite optghost TOK_TYPE typesymbol 
	top:  top.optfinite optghost TOK_TYPE typesymbol TOK_EQ sort 
	top:  top.TOK_PROGRESS defns 
	top:  top.TOK_RELY atom TOK_ARROW atom 
	top:  top.TOK_RELY atom 
	top:  top.TOK_MIXORD callatom TOK_ARROW callatom 
	top:  top.TOK_CONCEPT cdefns 
	top:  top.TOK_UPDATE apps TOK_FROM apps upaxes 
	top:  top.TOK_MACRO atom TOK_EQ sequence 
	top:  top.optimpex actmeth SYMBOLx optargs optreturns optactiondef 
	top:  top.TOK_MIXIN callatom TOK_BEFORE callatom 
	top:  top.TOK_MIXIN callatom TOK_AFTER callatom 
	top:  top.TOK_BEFORE atype optargs optreturns sequence 
	top:  top.TOK_AFTER atype optargs optreturns topseq 
	top:  top.TOK_AROUND atype optargs optreturns TOK_LCB actseq optsemi TOK_DOTDOTDOT actseq optsemi TOK_RCB 
	top:  top.TOK_AFTER TOK_INIT optargs topseq 
	top:  top.TOK_IMPLEMENT atype optargs optreturns topseq 
	top:  top.TOK_IMPLEMENT TOK_TYPE SYMBOLx TOK_WITH SYMBOLx 
	top:  top.opttrusted TOK_ISOLATE SYMBOLx optargs TOK_EQ callatoms 
	top:  top.opttrusted TOK_ISOLATE SYMBOLx optargs TOK_EQ callatoms TOK_WITH callatoms 
	top:  top.opttrusted TOK_ISOLATE SYMBOLx optargs TOK_EQ TOK_LCB top TOK_RCB optwith 
	top:  top.TOK_EXTRACT objsym objectargs TOK_EQ TOK_LCB top TOK_RCB optwith 
	top:  top.TOK_EXTRACT objsym objectargs TOK_EQ callatoms 
	top:  top.TOK_EXPORT callatom 
	top:  top.TOK_IMPORT callatom 
	top:  top.TOK_DELEGATE callatoms optdelegee 
	top:  top.TOK_INTERPRET oper TOK_ARROW oper 
	top:  top.TOK_INTERPRET oper TOK_ARROW TOK_LCB term TOK_DOTS term TOK_RCB 
	top:  top.TOK_INTERPRET oper TOK_ARROW TOK_LCB SYMBOLx moresymbols TOK_RCB 
	top:  top.TOK_ALIAS SYMBOLx TOK_EQ callatom 
	top:  top.TOK_ATTRIBUTE callatom TOK_EQ attributeval 
	top:  top.TOK_VARIANT typesymbol TOK_OF atype 
	top:  top.TOK_VARIANT typesymbol TOK_OF atype TOK_EQ sort 
	top:  top.TOK_NATIVEQUOTE 
	top:  top.TOK_SCENARIO TOK_LCB sceninit TOK_SEMI scentranss TOK_RCB 
	top:  top.specimpl TOK_LCB top TOK_RCB 
	top:  top specimpl TOK_LCB top.TOK_RCB 
	top:  top.TOK_STATE SYMBOLx TOK_EQ state_expr 
	top:  top.TOK_ASSERT SYMBOLx TOK_ARROW assert_rhs 
	optexplicit: .    (134)
	optfinite: .    (227)
	optimpex: .    (299)
	opttrusted: .    (277)

	TOK_NATIVEQUOTE  shift 42
	TOK_RCB  shift 491
	TOK_ASSERT  shift 46
	TOK_VAR  shift 60
	TOK_UNPROVABLE  shift 6
	TOK_PROOF  shift 13
	TOK_INSTANTIATE  shift 14
	TOK_RELATION  shift 17
	TOK_INDIV  shift 59
	TOK_FUNCTION  shift 18
	TOK_DERIVED  shift 19
	TOK_CONJECTURE  shift 5
	TOK_SCHEMA  shift 11
	TOK_THEOREM  shift 12
	TOK_TYPE  reduce 227 (src line 2437)
	TOK_MODULE  shift 7
	TOK_OBJECT  shift 8
	TOK_CLASS  shift 9
	TOK_SUBCLASS  shift 10
	TOK_ACTION  reduce 299 (src line 2901)
	TOK_METHOD  reduce 299 (src line 2901)
	TOK_BEFORE  shift 29
	TOK_AFTER  shift 30
	TOK_AROUND  shift 31
	TOK_MIXIN  shift 28
	TOK_IMPLEMENT  shift 32
	TOK_ISOLATE  reduce 277 (src line 2740)
	TOK_EXTRACT  shift 34
	TOK_TRUSTED  shift 53
	TOK_EXPORT  shift 35
	TOK_IMPORT  shift 36
	TOK_DELEGATE  shift 37
	TOK_USING  shift 2
	TOK_INCLUDE  shift 3
	TOK_INTERPRET  shift 38
	TOK_MACRO  shift 26
	TOK_ALIAS  shift 39
	TOK_ATTRIBUTE  shift 40
	TOK_VARIANT  shift 41
	TOK_SCENARIO  shift 43
	TOK_PROGRESS  shift 21
	TOK_RELY  shift 22
	TOK_MIXORD  shift 23
	TOK_CONCEPT  shift 24
	TOK_STATE  shift 45
	TOK_UPDATE  shift 25
	TOK_EXPLICIT  shift 47
	TOK_SPECIFICATION  shift 54
	TOK_IMPLEMENTATION  shift 55
	TOK_PRIVATE  shift 56
	TOK_GLOBAL  shift 57
	TOK_COMMON  shift 58
	TOK_GHOST  reduce 227 (src line 2437)
	TOK_FINITE  shift 52
	TOK_PARAMETER  shift 61
	TOK_DESTRUCTOR  shift 49
	TOK_CONSTRUCTOR  shift 51
	TOK_FIELD  shift 50
	TOK_AUTOINSTANCE  shift 15
	.  reduce 134 (src line 1780)

	optexplicit  goto 4
	symdecl  goto 16
	constantdecl  goto 48
	optfinite  goto 20
	optimpex  goto 27
	opttrusted  goto 33
	specimpl  goto 44

state 323
	top:  top TOK_STATE SYMBOLx TOK_EQ.state_expr 

	TOK_PRESYMBOL  shift 63
	TOK_LCB  shift 496
	TOK_TRUE  shift 493
	TOK_FALSE  shift 494
	TOK_ENTRY  shift 497
	.  error

	SYMBOLx  goto 495
	state_expr  goto 492

state 324
	top:  top TOK_ASSERT SYMBOLx TOK_ARROW.assert_rhs 

	TOK_PRESYMBOL  shift 63
	TOK_VARIABLE  shift 88
	TOK_LPAREN  shift 78
	TOK_LCB  shift 499
	TOK_TILDA  shift 81
	TOK_DOLLAR  shift 86
	TOK_FORALL  shift 82
	TOK_EXISTS  shift 83
	TOK_TRUE  shift 79
	TOK_FALSE  shift 80
	TOK_OLD  shift 77
	TOK_GLOBALLY  shift 84
	TOK_EVENTUALLY  shift 85
	.  error

	term  goto 72
	fmla  goto 500
	appelem  goto 75
	var  goto 76
	SYMBOLx  goto 87
	assert_rhs  goto 498

state 325
	tterms:  tterms TOK_COMMA.tterm 

	TOK_PRESYMBOL  shift 63
	TOK_LPAREN  shift 183
	TOK_CARET  shift 182
	.  error

	SYMBOLx  goto 181
	tapp  goto 180
	tterm  goto 501

state 326
	tterm:  tapp TOK_COLON.atype 

	TOK_PRESYMBOL  shift 63
	TOK_THIS  shift 142
	.  error

	atype  goto 502
	SYMBOLx  goto 141

state 327
	tapp:  SYMBOLx targs.    (200)

	.  reduce 200 (src line 2245)


state 328
	tterm:  SYMBOLx TOK_COLON.atype 

	TOK_PRESYMBOL  shift 63
	TOK_THIS  shift 142
	.  error

	atype  goto 503
	SYMBOLx  goto 141

state 329
	targs:  TOK_LPAREN.TOK_RPAREN 
	targs:  TOK_LPAREN.tsyms TOK_RPAREN 

	TOK_VARIABLE  shift 88
	TOK_RPAREN  shift 504
	.  error

	var  goto 506
	tsyms  goto 505

state 330
	SYMBOLx:  SYMBOLx.TOK_LB SYMsubscr TOK_RB 
	tterm:  TOK_CARET SYMBOLx.TOK_COLON atype 

	TOK_LB  shift 190
	TOK_COLON  shift 507
	.  error


state 331
	tapp:  TOK_LPAREN var.infix var TOK_RPAREN 

	TOK_PLUS  shift 165
	TOK_MINUS  shift 166
	TOK_TIMES  shift 167
	TOK_DIV  shift 168
	.  error

	infix  goto 508

state 332
	parameter:  tterm TOK_EQ.paramval 

	TOK_PRESYMBOL  shift 63
	TOK_TRUE  shift 510
	TOK_FALSE  shift 511
	.  error

	SYMBOLx  goto 512
	paramval  goto 509

state 333
	SYMBOLx:  SYMBOLx TOK_LB SYMsubscr.TOK_RB 
	SYMsubscr:  SYMsubscr.TOK_DOT SYMBOLx 

	TOK_RB  shift 513
	TOK_DOT  shift 514
	.  error


state 334
	SYMBOLx:  SYMBOLx.TOK_LB SYMsubscr TOK_RB 
	SYMsubscr:  SYMBOLx.    (64)

	TOK_LB  shift 190
	.  reduce 64 (src line 1225)


state 335
	SYMsubscr:  TOK_THIS.    (65)

	.  reduce 65 (src line 1231)


state 336
	top:  top optexplicit opttemporal TOK_AXIOM lgprop.    (4)

	.  reduce 4 (src line 526)


state 337
	lgprop:  optlabel.gprop 

	TOK_PRESYMBOL  shift 63
	TOK_VARIABLE  shift 88
	TOK_LPAREN  shift 78
	TOK_LCB  shift 257
	TOK_TILDA  shift 81
	TOK_DOLLAR  shift 86
	TOK_FORALL  shift 82
	TOK_EXISTS  shift 83
	TOK_TRUE  shift 79
	TOK_FALSE  shift 80
	TOK_OLD  shift 77
	TOK_GLOBALLY  shift 84
	TOK_EVENTUALLY  shift 85
	.  error

	term  goto 72
	fmla  goto 516
	appelem  goto 75
	var  goto 76
	SYMBOLx  goto 87
	gprop  goto 515
	schdefnrhs  goto 517

state 338
	top:  top optexplicit opttemporal TOK_PROPERTY labeledfmla.optskolem optproof 
	optskolem: .    (138)

	TOK_NAMED  shift 519
	.  reduce 138 (src line 1806)

	optskolem  goto 518

state 339
	top:  top optexplicit TOK_INVARIANT labeledfmla optproof.    (7)

	.  reduce 7 (src line 576)


340: shift/reduce conflict (shift 254(0), red'n 140(0)) on TOK_PROOF
state 340
	top:  top optexplicit TOK_DEFINITION optlabel gdefn.optproof 
	optproof: .    (140)

	TOK_PROOF  shift 254
	.  reduce 140 (src line 1819)

	optproof  goto 520

state 341
	gdefn:  defn.    (163)

	.  reduce 163 (src line 1983)


state 342
	gdefn:  TOK_LCB.defn TOK_RCB 

	TOK_PRESYMBOL  shift 63
	TOK_LPAREN  shift 98
	.  error

	SYMBOLx  goto 99
	defn  goto 521
	defnlhs  goto 116
	typeddefn  goto 112
	dotsym  goto 97

state 343
	term:  term TOK_DOT appelem.    (86)

	.  reduce 86 (src line 1402)


344: shift/reduce conflict (shift 214(0), red'n 88(12)) on TOK_WHENNEXT
344: shift/reduce conflict (shift 215(0), red'n 88(12)) on TOK_WHENPREV
344: shift/reduce conflict (shift 216(0), red'n 88(12)) on TOK_WHENFIRST
344: shift/reduce conflict (shift 217(0), red'n 88(12)) on TOK_WHENLAST
state 344
	term:  term.TOK_DOT appelem 
	term:  term.TOK_PLUS term 
	term:  term TOK_PLUS term.    (88)
	term:  term.TOK_MINUS term 
	term:  term.TOK_TIMES term 
	term:  term.TOK_DIV term 
	term:  term.TOK_IF fmla TOK_ELSE term 
	term:  term.TOK_EQ term 
	term:  term.TOK_LE term 
	term:  term.TOK_LT term 
	term:  term.TOK_GE term 
	term:  term.TOK_GT term 
	term:  term.TOK_PTO term 
	term:  term.TOK_TILDAEQ term 
	term:  term.TOK_AND term 
	term:  term.TOK_OR term 
	term:  term.TOK_ARROW term 
	term:  term.TOK_IFF term 
	term:  term.TOK_WHENNEXT term 
	term:  term.TOK_WHENPREV term 
	term:  term.TOK_WHENFIRST term 
	term:  term.TOK_WHENLAST term 
	term:  term.TOK_ISA atype 
	term:  term.TOK_COLON atype 

	TOK_DOT  shift 197
	TOK_TIMES  shift 200
	TOK_DIV  shift 201
	TOK_WHENNEXT  shift 214
	TOK_WHENPREV  shift 215
	TOK_WHENFIRST  shift 216
	TOK_WHENLAST  shift 217
	.  reduce 88 (src line 1435)


345: shift/reduce conflict (shift 214(0), red'n 89(12)) on TOK_WHENNEXT
345: shift/reduce conflict (shift 215(0), red'n 89(12)) on TOK_WHENPREV
345: shift/reduce conflict (shift 216(0), red'n 89(12)) on TOK_WHENFIRST
345: shift/reduce conflict (shift 217(0), red'n 89(12)) on TOK_WHENLAST
state 345
	term:  term.TOK_DOT appelem 
	term:  term.TOK_PLUS term 
	term:  term.TOK_MINUS term 
	term:  term TOK_MINUS term.    (89)
	term:  term.TOK_TIMES term 
	term:  term.TOK_DIV term 
	term:  term.TOK_IF fmla TOK_ELSE term 
	term:  term.TOK_EQ term 
	term:  term.TOK_LE term 
	term:  term.TOK_LT term 
	term:  term.TOK_GE term 
	term:  term.TOK_GT term 
	term:  term.TOK_PTO term 
	term:  term.TOK_TILDAEQ term 
	term:  term.TOK_AND term 
	term:  term.TOK_OR term 
	term:  term.TOK_ARROW term 
	term:  term.TOK_IFF term 
	term:  term.TOK_WHENNEXT term 
	term:  term.TOK_WHENPREV term 
	term:  term.TOK_WHENFIRST term 
	term:  term.TOK_WHENLAST term 
	term:  term.TOK_ISA atype 
	term:  term.TOK_COLON atype 

	TOK_DOT  shift 197
	TOK_TIMES  shift 200
	TOK_DIV  shift 201
	TOK_WHENNEXT  shift 214
	TOK_WHENPREV  shift 215
	TOK_WHENFIRST  shift 216
	TOK_WHENLAST  shift 217
	.  reduce 89 (src line 1442)


346: shift/reduce conflict (shift 214(0), red'n 90(13)) on TOK_WHENNEXT
346: shift/reduce conflict (shift 215(0), red'n 90(13)) on TOK_WHENPREV
346: shift/reduce conflict (shift 216(0), red'n 90(13)) on TOK_WHENFIRST
346: shift/reduce conflict (shift 217(0), red'n 90(13)) on TOK_WHENLAST
state 346
	term:  term.TOK_DOT appelem 
	term:  term.TOK_PLUS term 
	term:  term.TOK_MINUS term 
	term:  term.TOK_TIMES term 
	term:  term TOK_TIMES term.    (90)
	term:  term.TOK_DIV term 
	term:  term.TOK_IF fmla TOK_ELSE term 
	term:  term.TOK_EQ term 
	term:  term.TOK_LE term 
	term:  term.TOK_LT term 
	term:  term.TOK_GE term 
	term:  term.TOK_GT term 
	term:  term.TOK_PTO term 
	term:  term.TOK_TILDAEQ term 
	term:  term.TOK_AND term 
	term:  term.TOK_OR term 
	term:  term.TOK_ARROW term 
	term:  term.TOK_IFF term 
	term:  term.TOK_WHENNEXT term 
	term:  term.TOK_WHENPREV term 
	term:  term.TOK_WHENFIRST term 
	term:  term.TOK_WHENLAST term 
	term:  term.TOK_ISA atype 
	term:  term.TOK_COLON atype 

	TOK_DOT  shift 197
	TOK_WHENNEXT  shift 214
	TOK_WHENPREV  shift 215
	TOK_WHENFIRST  shift 216
	TOK_WHENLAST  shift 217
	.  reduce 90 (src line 1449)


347: shift/reduce conflict (shift 214(0), red'n 91(13)) on TOK_WHENNEXT
347: shift/reduce conflict (shift 215(0), red'n 91(13)) on TOK_WHENPREV
347: shift/reduce conflict (shift 216(0), red'n 91(13)) on TOK_WHENFIRST
347: shift/reduce conflict (shift 217(0), red'n 91(13)) on TOK_WHENLAST
state 347
	term:  term.TOK_DOT appelem 
	term:  term.TOK_PLUS term 
	term:  term.TOK_MINUS term 
	term:  term.TOK_TIMES term 
	term:  term.TOK_DIV term 
	term:  term TOK_DIV term.    (91)
	term:  term.TOK_IF fmla TOK_ELSE term 
	term:  term.TOK_EQ term 
	term:  term.TOK_LE term 
	term:  term.TOK_LT term 
	term:  term.TOK_GE term 
	term:  term.TOK_GT term 
	term:  term.TOK_PTO term 
	term:  term.TOK_TILDAEQ term 
	term:  term.TOK_AND term 
	term:  term.TOK_OR term 
	term:  term.TOK_ARROW term 
	term:  term.TOK_IFF term 
	term:  term.TOK_WHENNEXT term 
	term:  term.TOK_WHENPREV term 
	term:  term.TOK_WHENFIRST term 
	term:  term.TOK_WHENLAST term 
	term:  term.TOK_ISA atype 
	term:  term.TOK_COLON atype 

	TOK_DOT  shift 197
	TOK_WHENNEXT  shift 214
	TOK_WHENPREV  shift 215
	TOK_WHENFIRST  shift 216
	TOK_WHENLAST  shift 217
	.  reduce 91 (src line 1456)


state 348
	term:  term TOK_IF fmla.TOK_ELSE term 

	TOK_ELSE  shift 522
	.  error


349: shift/reduce conflict (shift 214(0), red'n 93(7)) on TOK_WHENNEXT
349: shift/reduce conflict (shift 215(0), red'n 93(7)) on TOK_WHENPREV
349: shift/reduce conflict (shift 216(0), red'n 93(7)) on TOK_WHENFIRST
349: shift/reduce conflict (shift 217(0), red'n 93(7)) on TOK_WHENLAST
state 349
	term:  term.TOK_DOT appelem 
	term:  term.TOK_PLUS term 
	term:  term.TOK_MINUS term 
	term:  term.TOK_TIMES term 
	term:  term.TOK_DIV term 
	term:  term.TOK_IF fmla TOK_ELSE term 
	term:  term.TOK_EQ term 
	term:  term TOK_EQ term.    (93)
	term:  term.TOK_LE term 
	term:  term.TOK_LT term 
	term:  term.TOK_GE term 
	term:  term.TOK_GT term 
	term:  term.TOK_PTO term 
	term:  term.TOK_TILDAEQ term 
	term:  term.TOK_AND term 
	term:  term.TOK_OR term 
	term:  term.TOK_ARROW term 
	term:  term.TOK_IFF term 
	term:  term.TOK_WHENNEXT term 
	term:  term.TOK_WHENPREV term 
	term:  term.TOK_WHENFIRST term 
	term:  term.TOK_WHENLAST term 
	term:  term.TOK_ISA atype 
	term:  term.TOK_COLON atype 

	TOK_COLON  shift 219
	TOK_DOT  shift 197
	TOK_PLUS  shift 198
	TOK_MINUS  shift 199
	TOK_TIMES  shift 200
	TOK_DIV  shift 201
	TOK_TILDAEQ  shift 209
	TOK_IF  shift 202
	TOK_WHENNEXT  shift 214
	TOK_WHENPREV  shift 215
	TOK_WHENFIRST  shift 216
	TOK_WHENLAST  shift 217
	.  reduce 93 (src line 1472)


350: shift/reduce conflict (shift 214(0), red'n 94(7)) on TOK_WHENNEXT
350: shift/reduce conflict (shift 215(0), red'n 94(7)) on TOK_WHENPREV
350: shift/reduce conflict (shift 216(0), red'n 94(7)) on TOK_WHENFIRST
350: shift/reduce conflict (shift 217(0), red'n 94(7)) on TOK_WHENLAST
state 350
	term:  term.TOK_DOT appelem 
	term:  term.TOK_PLUS term 
	term:  term.TOK_MINUS term 
	term:  term.TOK_TIMES term 
	term:  term.TOK_DIV term 
	term:  term.TOK_IF fmla TOK_ELSE term 
	term:  term.TOK_EQ term 
	term:  term.TOK_LE term 
	term:  term TOK_LE term.    (94)
	term:  term.TOK_LT term 
	term:  term.TOK_GE term 
	term:  term.TOK_GT term 
	term:  term.TOK_PTO term 
	term:  term.TOK_TILDAEQ term 
	term:  term.TOK_AND term 
	term:  term.TOK_OR term 
	term:  term.TOK_ARROW term 
	term:  term.TOK_IFF term 
	term:  term.TOK_WHENNEXT term 
	term:  term.TOK_WHENPREV term 
	term:  term.TOK_WHENFIRST term 
	term:  term.TOK_WHENLAST term 
	term:  term.TOK_ISA atype 
	term:  term.TOK_COLON atype 

	TOK_COLON  shift 219
	TOK_DOT  shift 197
	TOK_PLUS  shift 198
	TOK_MINUS  shift 199
	TOK_TIMES  shift 200
	TOK_DIV  shift 201
	TOK_TILDAEQ  shift 209
	TOK_IF  shift 202
	TOK_WHENNEXT  shift 214
	TOK_WHENPREV  shift 215
	TOK_WHENFIRST  shift 216
	TOK_WHENLAST  shift 217
	.  reduce 94 (src line 1479)


351: shift/reduce conflict (shift 214(0), red'n 95(7)) on TOK_WHENNEXT
351: shift/reduce conflict (shift 215(0), red'n 95(7)) on TOK_WHENPREV
351: shift/reduce conflict (shift 216(0), red'n 95(7)) on TOK_WHENFIRST
351: shift/reduce conflict (shift 217(0), red'n 95(7)) on TOK_WHENLAST
state 351
	term:  term.TOK_DOT appelem 
	term:  term.TOK_PLUS term 
	term:  term.TOK_MINUS term 
	term:  term.TOK_TIMES term 
	term:  term.TOK_DIV term 
	term:  term.TOK_IF fmla TOK_ELSE term 
	term:  term.TOK_EQ term 
	term:  term.TOK_LE term 
	term:  term.TOK_LT term 
	term:  term TOK_LT term.    (95)
	term:  term.TOK_GE term 
	term:  term.TOK_GT term 
	term:  term.TOK_PTO term 
	term:  term.TOK_TILDAEQ term 
	term:  term.TOK_AND term 
	term:  term.TOK_OR term 
	term:  term.TOK_ARROW term 
	term:  term.TOK_IFF term 
	term:  term.TOK_WHENNEXT term 
	term:  term.TOK_WHENPREV term 
	term:  term.TOK_WHENFIRST term 
	term:  term.TOK_WHENLAST term 
	term:  term.TOK_ISA atype 
	term:  term.TOK_COLON atype 

	TOK_COLON  shift 219
	TOK_DOT  shift 197
	TOK_PLUS  shift 198
	TOK_MINUS  shift 199
	TOK_TIMES  shift 200
	TOK_DIV  shift 201
	TOK_TILDAEQ  shift 209
	TOK_IF  shift 202
	TOK_WHENNEXT  shift 214
	TOK_WHENPREV  shift 215
	TOK_WHENFIRST  shift 216
	TOK_WHENLAST  shift 217
	.  reduce 95 (src line 1486)


352: shift/reduce conflict (shift 214(0), red'n 96(7)) on TOK_WHENNEXT
352: shift/reduce conflict (shift 215(0), red'n 96(7)) on TOK_WHENPREV
352: shift/reduce conflict (shift 216(0), red'n 96(7)) on TOK_WHENFIRST
352: shift/reduce conflict (shift 217(0), red'n 96(7)) on TOK_WHENLAST
state 352
	term:  term.TOK_DOT appelem 
	term:  term.TOK_PLUS term 
	term:  term.TOK_MINUS term 
	term:  term.TOK_TIMES term 
	term:  term.TOK_DIV term 
	term:  term.TOK_IF fmla TOK_ELSE term 
	term:  term.TOK_EQ term 
	term:  term.TOK_LE term 
	term:  term.TOK_LT term 
	term:  term.TOK_GE term 
	term:  term TOK_GE term.    (96)
	term:  term.TOK_GT term 
	term:  term.TOK_PTO term 
	term:  term.TOK_TILDAEQ term 
	term:  term.TOK_AND term 
	term:  term.TOK_OR term 
	term:  term.TOK_ARROW term 
	term:  term.TOK_IFF term 
	term:  term.TOK_WHENNEXT term 
	term:  term.TOK_WHENPREV term 
	term:  term.TOK_WHENFIRST term 
	term:  term.TOK_WHENLAST term 
	term:  term.TOK_ISA atype 
	term:  term.TOK_COLON atype 

	TOK_COLON  shift 219
	TOK_DOT  shift 197
	TOK_PLUS  shift 198
	TOK_MINUS  shift 199
	TOK_TIMES  shift 200
	TOK_DIV  shift 201
	TOK_TILDAEQ  shift 209
	TOK_IF  shift 202
	TOK_WHENNEXT  shift 214
	TOK_WHENPREV  shift 215
	TOK_WHENFIRST  shift 216
	TOK_WHENLAST  shift 217
	.  reduce 96 (src line 1493)


353: shift/reduce conflict (shift 214(0), red'n 97(7)) on TOK_WHENNEXT
353: shift/reduce conflict (shift 215(0), red'n 97(7)) on TOK_WHENPREV
353: shift/reduce conflict (shift 216(0), red'n 97(7)) on TOK_WHENFIRST
353: shift/reduce conflict (shift 217(0), red'n 97(7)) on TOK_WHENLAST
state 353
	term:  term.TOK_DOT appelem 
	term:  term.TOK_PLUS term 
	term:  term.TOK_MINUS term 
	term:  term.TOK_TIMES term 
	term:  term.TOK_DIV term 
	term:  term.TOK_IF fmla TOK_ELSE term 
	term:  term.TOK_EQ term 
	term:  term.TOK_LE term 
	term:  term.TOK_LT term 
	term:  term.TOK_GE term 
	term:  term.TOK_GT term 
	term:  term TOK_GT term.    (97)
	term:  term.TOK_PTO term 
	term:  term.TOK_TILDAEQ term 
	term:  term.TOK_AND term 
	term:  term.TOK_OR term 
	term:  term.TOK_ARROW term 
	term:  term.TOK_IFF term 
	term:  term.TOK_WHENNEXT term 
	term:  term.TOK_WHENPREV term 
	term:  term.TOK_WHENFIRST term 
	term:  term.TOK_WHENLAST term 
	term:  term.TOK_ISA atype 
	term:  term.TOK_COLON atype 

	TOK_COLON  shift 219
	TOK_DOT  shift 197
	TOK_PLUS  shift 198
	TOK_MINUS  shift 199
	TOK_TIMES  shift 200
	TOK_DIV  shift 201
	TOK_TILDAEQ  shift 209
	TOK_IF  shift 202
	TOK_WHENNEXT  shift 214
	TOK_WHENPREV  shift 215
	TOK_WHENFIRST  shift 216
	TOK_WHENLAST  shift 217
	.  reduce 97 (src line 1500)


354: shift/reduce conflict (shift 214(0), red'n 98(7)) on TOK_WHENNEXT
354: shift/reduce conflict (shift 215(0), red'n 98(7)) on TOK_WHENPREV
354: shift/reduce conflict (shift 216(0), red'n 98(7)) on TOK_WHENFIRST
354: shift/reduce conflict (shift 217(0), red'n 98(7)) on TOK_WHENLAST
state 354
	term:  term.TOK_DOT appelem 
	term:  term.TOK_PLUS term 
	term:  term.TOK_MINUS term 
	term:  term.TOK_TIMES term 
	term:  term.TOK_DIV term 
	term:  term.TOK_IF fmla TOK_ELSE term 
	term:  term.TOK_EQ term 
	term:  term.TOK_LE term 
	term:  term.TOK_LT term 
	term:  term.TOK_GE term 
	term:  term.TOK_GT term 
	term:  term.TOK_PTO term 
	term:  term TOK_PTO term.    (98)
	term:  term.TOK_TILDAEQ term 
	term:  term.TOK_AND term 
	term:  term.TOK_OR term 
	term:  term.TOK_ARROW term 
	term:  term.TOK_IFF term 
	term:  term.TOK_WHENNEXT term 
	term:  term.TOK_WHENPREV term 
	term:  term.TOK_WHENFIRST term 
	term:  term.TOK_WHENLAST term 
	term:  term.TOK_ISA atype 
	term:  term.TOK_COLON atype 

	TOK_COLON  shift 219
	TOK_DOT  shift 197
	TOK_PLUS  shift 198
	TOK_MINUS  shift 199
	TOK_TIMES  shift 200
	TOK_DIV  shift 201
	TOK_TILDAEQ  shift 209
	TOK_IF  shift 202
	TOK_WHENNEXT  shift 214
	TOK_WHENPREV  shift 215
	TOK_WHENFIRST  shift 216
	TOK_WHENLAST  shift 217
	.  reduce 98 (src line 1507)


355: shift/reduce conflict (shift 214(0), red'n 99(8)) on TOK_WHENNEXT
355: shift/reduce conflict (shift 215(0), red'n 99(8)) on TOK_WHENPREV
355: shift/reduce conflict (shift 216(0), red'n 99(8)) on TOK_WHENFIRST
355: shift/reduce conflict (shift 217(0), red'n 99(8)) on TOK_WHENLAST
state 355
	term:  term.TOK_DOT appelem 
	term:  term.TOK_PLUS term 
	term:  term.TOK_MINUS term 
	term:  term.TOK_TIMES term 
	term:  term.TOK_DIV term 
	term:  term.TOK_IF fmla TOK_ELSE term 
	term:  term.TOK_EQ term 
	term:  term.TOK_LE term 
	term:  term.TOK_LT term 
	term:  term.TOK_GE term 
	term:  term.TOK_GT term 
	term:  term.TOK_PTO term 
	term:  term.TOK_TILDAEQ term 
	term:  term TOK_TILDAEQ term.    (99)
	term:  term.TOK_AND term 
	term:  term.TOK_OR term 
	term:  term.TOK_ARROW term 
	term:  term.TOK_IFF term 
	term:  term.TOK_WHENNEXT term 
	term:  term.TOK_WHENPREV term 
	term:  term.TOK_WHENFIRST term 
	term:  term.TOK_WHENLAST term 
	term:  term.TOK_ISA atype 
	term:  term.TOK_COLON atype 

	TOK_COLON  shift 219
	TOK_DOT  shift 197
	TOK_PLUS  shift 198
	TOK_MINUS  shift 199
	TOK_TIMES  shift 200
	TOK_DIV  shift 201
	TOK_IF  shift 202
	TOK_WHENNEXT  shift 214
	TOK_WHENPREV  shift 215
	TOK_WHENFIRST  shift 216
	TOK_WHENLAST  shift 217
	.  reduce 99 (src line 1514)


356: shift/reduce conflict (shift 214(0), red'n 103(5)) on TOK_WHENNEXT
356: shift/reduce conflict (shift 215(0), red'n 103(5)) on TOK_WHENPREV
356: shift/reduce conflict (shift 216(0), red'n 103(5)) on TOK_WHENFIRST
356: shift/reduce conflict (shift 217(0), red'n 103(5)) on TOK_WHENLAST
state 356
	term:  term.TOK_DOT appelem 
	term:  term.TOK_PLUS term 
	term:  term.TOK_MINUS term 
	term:  term.TOK_TIMES term 
	term:  term.TOK_DIV term 
	term:  term.TOK_IF fmla TOK_ELSE term 
	term:  term.TOK_EQ term 
	term:  term.TOK_LE term 
	term:  term.TOK_LT term 
	term:  term.TOK_GE term 
	term:  term.TOK_GT term 
	term:  term.TOK_PTO term 
	term:  term.TOK_TILDAEQ term 
	term:  term.TOK_AND term 
	term:  term TOK_AND term.    (103)
	term:  term.TOK_OR term 
	term:  term.TOK_ARROW term 
	term:  term.TOK_IFF term 
	term:  term.TOK_WHENNEXT term 
	term:  term.TOK_WHENPREV term 
	term:  term.TOK_WHENFIRST term 
	term:  term.TOK_WHENLAST term 
	term:  term.TOK_ISA atype 
	term:  term.TOK_COLON atype 

	TOK_COLON  shift 219
	TOK_DOT  shift 197
	TOK_PLUS  shift 198
	TOK_MINUS  shift 199
	TOK_TIMES  shift 200
	TOK_DIV  shift 201
	TOK_EQ  shift 203
	TOK_TILDAEQ  shift 209
	TOK_LE  shift 204
	TOK_LT  shift 205
	TOK_GE  shift 206
	TOK_GT  shift 207
	TOK_PTO  shift 208
	TOK_ISA  shift 218
	TOK_IF  shift 202
	TOK_WHENNEXT  shift 214
	TOK_WHENPREV  shift 215
	TOK_WHENFIRST  shift 216
	TOK_WHENLAST  shift 217
	.  reduce 103 (src line 1543)


357: shift/reduce conflict (shift 214(0), red'n 104(4)) on TOK_WHENNEXT
357: shift/reduce conflict (shift 215(0), red'n 104(4)) on TOK_WHENPREV
357: shift/reduce conflict (shift 216(0), red'n 104(4)) on TOK_WHENFIRST
357: shift/reduce conflict (shift 217(0), red'n 104(4)) on TOK_WHENLAST
state 357
	term:  term.TOK_DOT appelem 
	term:  term.TOK_PLUS term 
	term:  term.TOK_MINUS term 
	term:  term.TOK_TIMES term 
	term:  term.TOK_DIV term 
	term:  term.TOK_IF fmla TOK_ELSE term 
	term:  term.TOK_EQ term 
	term:  term.TOK_LE term 
	term:  term.TOK_LT term 
	term:  term.TOK_GE term 
	term:  term.TOK_GT term 
	term:  term.TOK_PTO term 
	term:  term.TOK_TILDAEQ term 
	term:  term.TOK_AND term 
	term:  term.TOK_OR term 
	term:  term TOK_OR term.    (104)
	term:  term.TOK_ARROW term 
	term:  term.TOK_IFF term 
	term:  term.TOK_WHENNEXT term 
	term:  term.TOK_WHENPREV term 
	term:  term.TOK_WHENFIRST term 
	term:  term.TOK_WHENLAST term 
	term:  term.TOK_ISA atype 
	term:  term.TOK_COLON atype 

	TOK_COLON  shift 219
	TOK_DOT  shift 197
	TOK_PLUS  shift 198
	TOK_MINUS  shift 199
	TOK_TIMES  shift 200
	TOK_DIV  shift 201
	TOK_EQ  shift 203
	TOK_TILDAEQ  shift 209
	TOK_LE  shift 204
	TOK_LT  shift 205
	TOK_GE  shift 206
	TOK_GT  shift 207
	TOK_AND  shift 210
	TOK_PTO  shift 208
	TOK_ISA  shift 218
	TOK_IF  shift 202
	TOK_WHENNEXT  shift 214
	TOK_WHENPREV  shift 215
	TOK_WHENFIRST  shift 216
	TOK_WHENLAST  shift 217
	.  reduce 104 (src line 1556)


358: shift/reduce conflict (shift 214(0), red'n 105(3)) on TOK_WHENNEXT
358: shift/reduce conflict (shift 215(0), red'n 105(3)) on TOK_WHENPREV
358: shift/reduce conflict (shift 216(0), red'n 105(3)) on TOK_WHENFIRST
358: shift/reduce conflict (shift 217(0), red'n 105(3)) on TOK_WHENLAST
state 358
	term:  term.TOK_DOT appelem 
	term:  term.TOK_PLUS term 
	term:  term.TOK_MINUS term 
	term:  term.TOK_TIMES term 
	term:  term.TOK_DIV term 
	term:  term.TOK_IF fmla TOK_ELSE term 
	term:  term.TOK_EQ term 
	term:  term.TOK_LE term 
	term:  term.TOK_LT term 
	term:  term.TOK_GE term 
	term:  term.TOK_GT term 
	term:  term.TOK_PTO term 
	term:  term.TOK_TILDAEQ term 
	term:  term.TOK_AND term 
	term:  term.TOK_OR term 
	term:  term.TOK_ARROW term 
	term:  term TOK_ARROW term.    (105)
	term:  term.TOK_IFF term 
	term:  term.TOK_WHENNEXT term 
	term:  term.TOK_WHENPREV term 
	term:  term.TOK_WHENFIRST term 
	term:  term.TOK_WHENLAST term 
	term:  term.TOK_ISA atype 
	term:  term.TOK_COLON atype 

	TOK_COLON  shift 219
	TOK_DOT  shift 197
	TOK_PLUS  shift 198
	TOK_MINUS  shift 199
	TOK_TIMES  shift 200
	TOK_DIV  shift 201
	TOK_EQ  shift 203
	TOK_TILDAEQ  shift 209
	TOK_LE  shift 204
	TOK_LT  shift 205
	TOK_GE  shift 206
	TOK_GT  shift 207
	TOK_AND  shift 210
	TOK_OR  shift 211
	TOK_PTO  shift 208
	TOK_ISA  shift 218
	TOK_IF  shift 202
	TOK_WHENNEXT  shift 214
	TOK_WHENPREV  shift 215
	TOK_WHENFIRST  shift 216
	TOK_WHENLAST  shift 217
	.  reduce 105 (src line 1569)


359: shift/reduce conflict (shift 214(0), red'n 106(3)) on TOK_WHENNEXT
359: shift/reduce conflict (shift 215(0), red'n 106(3)) on TOK_WHENPREV
359: shift/reduce conflict (shift 216(0), red'n 106(3)) on TOK_WHENFIRST
359: shift/reduce conflict (shift 217(0), red'n 106(3)) on TOK_WHENLAST
state 359
	term:  term.TOK_DOT appelem 
	term:  term.TOK_PLUS term 
	term:  term.TOK_MINUS term 
	term:  term.TOK_TIMES term 
	term:  term.TOK_DIV term 
	term:  term.TOK_IF fmla TOK_ELSE term 
	term:  term.TOK_EQ term 
	term:  term.TOK_LE term 
	term:  term.TOK_LT term 
	term:  term.TOK_GE term 
	term:  term.TOK_GT term 
	term:  term.TOK_PTO term 
	term:  term.TOK_TILDAEQ term 
	term:  term.TOK_AND term 
	term:  term.TOK_OR term 
	term:  term.TOK_ARROW term 
	term:  term.TOK_IFF term 
	term:  term TOK_IFF term.    (106)
	term:  term.TOK_WHENNEXT term 
	term:  term.TOK_WHENPREV term 
	term:  term.TOK_WHENFIRST term 
	term:  term.TOK_WHENLAST term 
	term:  term.TOK_ISA atype 
	term:  term.TOK_COLON atype 

	TOK_COLON  shift 219
	TOK_DOT  shift 197
	TOK_PLUS  shift 198
	TOK_MINUS  shift 199
	TOK_TIMES  shift 200
	TOK_DIV  shift 201
	TOK_EQ  shift 203
	TOK_TILDAEQ  shift 209
	TOK_LE  shift 204
	TOK_LT  shift 205
	TOK_GE  shift 206
	TOK_GT  shift 207
	TOK_AND  shift 210
	TOK_OR  shift 211
	TOK_PTO  shift 208
	TOK_ISA  shift 218
	TOK_IF  shift 202
	TOK_WHENNEXT  shift 214
	TOK_WHENPREV  shift 215
	TOK_WHENFIRST  shift 216
	TOK_WHENLAST  shift 217
	.  reduce 106 (src line 1576)


360: shift/reduce conflict (shift 219(11), red'n 113(0)) on TOK_COLON
360: shift/reduce conflict (shift 197(16), red'n 113(0)) on TOK_DOT
360: shift/reduce conflict (shift 198(12), red'n 113(0)) on TOK_PLUS
360: shift/reduce conflict (shift 199(12), red'n 113(0)) on TOK_MINUS
360: shift/reduce conflict (shift 200(13), red'n 113(0)) on TOK_TIMES
360: shift/reduce conflict (shift 201(13), red'n 113(0)) on TOK_DIV
360: shift/reduce conflict (shift 203(7), red'n 113(0)) on TOK_EQ
360: shift/reduce conflict (shift 209(8), red'n 113(0)) on TOK_TILDAEQ
360: shift/reduce conflict (shift 204(7), red'n 113(0)) on TOK_LE
360: shift/reduce conflict (shift 205(7), red'n 113(0)) on TOK_LT
360: shift/reduce conflict (shift 206(7), red'n 113(0)) on TOK_GE
360: shift/reduce conflict (shift 207(7), red'n 113(0)) on TOK_GT
360: shift/reduce conflict (shift 210(5), red'n 113(0)) on TOK_AND
360: shift/reduce conflict (shift 211(4), red'n 113(0)) on TOK_OR
360: shift/reduce conflict (shift 212(3), red'n 113(0)) on TOK_ARROW
360: shift/reduce conflict (shift 213(3), red'n 113(0)) on TOK_IFF
360: shift/reduce conflict (shift 208(7), red'n 113(0)) on TOK_PTO
360: shift/reduce conflict (shift 218(7), red'n 113(0)) on TOK_ISA
360: shift/reduce conflict (shift 202(9), red'n 113(0)) on TOK_IF
360: shift/reduce conflict (shift 214(0), red'n 113(0)) on TOK_WHENNEXT
360: shift/reduce conflict (shift 215(0), red'n 113(0)) on TOK_WHENPREV
360: shift/reduce conflict (shift 216(0), red'n 113(0)) on TOK_WHENFIRST
360: shift/reduce conflict (shift 217(0), red'n 113(0)) on TOK_WHENLAST
state 360
	term:  term.TOK_DOT appelem 
	term:  term.TOK_PLUS term 
	term:  term.TOK_MINUS term 
	term:  term.TOK_TIMES term 
	term:  term.TOK_DIV term 
	term:  term.TOK_IF fmla TOK_ELSE term 
	term:  term.TOK_EQ term 
	term:  term.TOK_LE term 
	term:  term.TOK_LT term 
	term:  term.TOK_GE term 
	term:  term.TOK_GT term 
	term:  term.TOK_PTO term 
	term:  term.TOK_TILDAEQ term 
	term:  term.TOK_AND term 
	term:  term.TOK_OR term 
	term:  term.TOK_ARROW term 
	term:  term.TOK_IFF term 
	term:  term.TOK_WHENNEXT term 
	term:  term TOK_WHENNEXT term.    (113)
	term:  term.TOK_WHENPREV term 
	term:  term.TOK_WHENFIRST term 
	term:  term.TOK_WHENLAST term 
	term:  term.TOK_ISA atype 
	term:  term.TOK_COLON atype 

	TOK_COLON  shift 219
	TOK_DOT  shift 197
	TOK_PLUS  shift 198
	TOK_MINUS  shift 199
	TOK_TIMES  shift 200
	TOK_DIV  shift 201
	TOK_EQ  shift 203
	TOK_TILDAEQ  shift 209
	TOK_LE  shift 204
	TOK_LT  shift 205
	TOK_GE  shift 206
	TOK_GT  shift 207
	TOK_AND  shift 210
	TOK_OR  shift 211
	TOK_ARROW  shift 212
	TOK_IFF  shift 213
	TOK_PTO  shift 208
	TOK_ISA  shift 218
	TOK_IF  shift 202
	TOK_WHENNEXT  shift 214
	TOK_WHENPREV  shift 215
	TOK_WHENFIRST  shift 216
	TOK_WHENLAST  shift 217
	.  reduce 113 (src line 1623)


361: shift/reduce conflict (shift 219(11), red'n 114(0)) on TOK_COLON
361: shift/reduce conflict (shift 197(16), red'n 114(0)) on TOK_DOT
361: shift/reduce conflict (shift 198(12), red'n 114(0)) on TOK_PLUS
361: shift/reduce conflict (shift 199(12), red'n 114(0)) on TOK_MINUS
361: shift/reduce conflict (shift 200(13), red'n 114(0)) on TOK_TIMES
361: shift/reduce conflict (shift 201(13), red'n 114(0)) on TOK_DIV
361: shift/reduce conflict (shift 203(7), red'n 114(0)) on TOK_EQ
361: shift/reduce conflict (shift 209(8), red'n 114(0)) on TOK_TILDAEQ
361: shift/reduce conflict (shift 204(7), red'n 114(0)) on TOK_LE
361: shift/reduce conflict (shift 205(7), red'n 114(0)) on TOK_LT
361: shift/reduce conflict (shift 206(7), red'n 114(0)) on TOK_GE
361: shift/reduce conflict (shift 207(7), red'n 114(0)) on TOK_GT
361: shift/reduce conflict (shift 210(5), red'n 114(0)) on TOK_AND
361: shift/reduce conflict (shift 211(4), red'n 114(0)) on TOK_OR
361: shift/reduce conflict (shift 212(3), red'n 114(0)) on TOK_ARROW
361: shift/reduce conflict (shift 213(3), red'n 114(0)) on TOK_IFF
361: shift/reduce conflict (shift 208(7), red'n 114(0)) on TOK_PTO
361: shift/reduce conflict (shift 218(7), red'n 114(0)) on TOK_ISA
361: shift/reduce conflict (shift 202(9), red'n 114(0)) on TOK_IF
361: shift/reduce conflict (shift 214(0), red'n 114(0)) on TOK_WHENNEXT
361: shift/reduce conflict (shift 215(0), red'n 114(0)) on TOK_WHENPREV
361: shift/reduce conflict (shift 216(0), red'n 114(0)) on TOK_WHENFIRST
361: shift/reduce conflict (shift 217(0), red'n 114(0)) on TOK_WHENLAST
state 361
	term:  term.TOK_DOT appelem 
	term:  term.TOK_PLUS term 
	term:  term.TOK_MINUS term 
	term:  term.TOK_TIMES term 
	term:  term.TOK_DIV term 
	term:  term.TOK_IF fmla TOK_ELSE term 
	term:  term.TOK_EQ term 
	term:  term.TOK_LE term 
	term:  term.TOK_LT term 
	term:  term.TOK_GE term 
	term:  term.TOK_GT term 
	term:  term.TOK_PTO term 
	term:  term.TOK_TILDAEQ term 
	term:  term.TOK_AND term 
	term:  term.TOK_OR term 
	term:  term.TOK_ARROW term 
	term:  term.TOK_IFF term 
	term:  term.TOK_WHENNEXT term 
	term:  term.TOK_WHENPREV term 
	term:  term TOK_WHENPREV term.    (114)
	term:  term.TOK_WHENFIRST term 
	term:  term.TOK_WHENLAST term 
	term:  term.TOK_ISA atype 
	term:  term.TOK_COLON atype 

	TOK_COLON  shift 219
	TOK_DOT  shift 197
	TOK_PLUS  shift 198
	TOK_MINUS  shift 199
	TOK_TIMES  shift 200
	TOK_DIV  shift 201
	TOK_EQ  shift 203
	TOK_TILDAEQ  shift 209
	TOK_LE  shift 204
	TOK_LT  shift 205
	TOK_GE  shift 206
	TOK_GT  shift 207
	TOK_AND  shift 210
	TOK_OR  shift 211
	TOK_ARROW  shift 212
	TOK_IFF  shift 213
	TOK_PTO  shift 208
	TOK_ISA  shift 218
	TOK_IF  shift 202
	TOK_WHENNEXT  shift 214
	TOK_WHENPREV  shift 215
	TOK_WHENFIRST  shift 216
	TOK_WHENLAST  shift 217
	.  reduce 114 (src line 1628)


362: shift/reduce conflict (shift 219(11), red'n 115(0)) on TOK_COLON
362: shift/reduce conflict (shift 197(16), red'n 115(0)) on TOK_DOT
362: shift/reduce conflict (shift 198(12), red'n 115(0)) on TOK_PLUS
362: shift/reduce conflict (shift 199(12), red'n 115(0)) on TOK_MINUS
362: shift/reduce conflict (shift 200(13), red'n 115(0)) on TOK_TIMES
362: shift/reduce conflict (shift 201(13), red'n 115(0)) on TOK_DIV
362: shift/reduce conflict (shift 203(7), red'n 115(0)) on TOK_EQ
362: shift/reduce conflict (shift 209(8), red'n 115(0)) on TOK_TILDAEQ
362: shift/reduce conflict (shift 204(7), red'n 115(0)) on TOK_LE
362: shift/reduce conflict (shift 205(7), red'n 115(0)) on TOK_LT
362: shift/reduce conflict (shift 206(7), red'n 115(0)) on TOK_GE
362: shift/reduce conflict (shift 207(7), red'n 115(0)) on TOK_GT
362: shift/reduce conflict (shift 210(5), red'n 115(0)) on TOK_AND
362: shift/reduce conflict (shift 211(4), red'n 115(0)) on TOK_OR
362: shift/reduce conflict (shift 212(3), red'n 115(0)) on TOK_ARROW
362: shift/reduce conflict (shift 213(3), red'n 115(0)) on TOK_IFF
362: shift/reduce conflict (shift 208(7), red'n 115(0)) on TOK_PTO
362: shift/reduce conflict (shift 218(7), red'n 115(0)) on TOK_ISA
362: shift/reduce conflict (shift 202(9), red'n 115(0)) on TOK_IF
362: shift/reduce conflict (shift 214(0), red'n 115(0)) on TOK_WHENNEXT
362: shift/reduce conflict (shift 215(0), red'n 115(0)) on TOK_WHENPREV
362: shift/reduce conflict (shift 216(0), red'n 115(0)) on TOK_WHENFIRST
362: shift/reduce conflict (shift 217(0), red'n 115(0)) on TOK_WHENLAST
state 362
	term:  term.TOK_DOT appelem 
	term:  term.TOK_PLUS term 
	term:  term.TOK_MINUS term 
	term:  term.TOK_TIMES term 
	term:  term.TOK_DIV term 
	term:  term.TOK_IF fmla TOK_ELSE term 
	term:  term.TOK_EQ term 
	term:  term.TOK_LE term 
	term:  term.TOK_LT term 
	term:  term.TOK_GE term 
	term:  term.TOK_GT term 
	term:  term.TOK_PTO term 
	term:  term.TOK_TILDAEQ term 
	term:  term.TOK_AND term 
	term:  term.TOK_OR term 
	term:  term.TOK_ARROW term 
	term:  term.TOK_IFF term 
	term:  term.TOK_WHENNEXT term 
	term:  term.TOK_WHENPREV term 
	term:  term.TOK_WHENFIRST term 
	term:  term TOK_WHENFIRST term.    (115)
	term:  term.TOK_WHENLAST term 
	term:  term.TOK_ISA atype 
	term:  term.TOK_COLON atype 

	TOK_COLON  shift 219
	TOK_DOT  shift 197
	TOK_PLUS  shift 198
	TOK_MINUS  shift 199
	TOK_TIMES  shift 200
	TOK_DIV  shift 201
	TOK_EQ  shift 203
	TOK_TILDAEQ  shift 209
	TOK_LE  shift 204
	TOK_LT  shift 205
	TOK_GE  shift 206
	TOK_GT  shift 207
	TOK_AND  shift 210
	TOK_OR  shift 211
	TOK_ARROW  shift 212
	TOK_IFF  shift 213
	TOK_PTO  shift 208
	TOK_ISA  shift 218
	TOK_IF  shift 202
	TOK_WHENNEXT  shift 214
	TOK_WHENPREV  shift 215
	TOK_WHENFIRST  shift 216
	TOK_WHENLAST  shift 217
	.  reduce 115 (src line 1633)


363: shift/reduce conflict (shift 219(11), red'n 116(0)) on TOK_COLON
363: shift/reduce conflict (shift 197(16), red'n 116(0)) on TOK_DOT
363: shift/reduce conflict (shift 198(12), red'n 116(0)) on TOK_PLUS
363: shift/reduce conflict (shift 199(12), red'n 116(0)) on TOK_MINUS
363: shift/reduce conflict (shift 200(13), red'n 116(0)) on TOK_TIMES
363: shift/reduce conflict (shift 201(13), red'n 116(0)) on TOK_DIV
363: shift/reduce conflict (shift 203(7), red'n 116(0)) on TOK_EQ
363: shift/reduce conflict (shift 209(8), red'n 116(0)) on TOK_TILDAEQ
363: shift/reduce conflict (shift 204(7), red'n 116(0)) on TOK_LE
363: shift/reduce conflict (shift 205(7), red'n 116(0)) on TOK_LT
363: shift/reduce conflict (shift 206(7), red'n 116(0)) on TOK_GE
363: shift/reduce conflict (shift 207(7), red'n 116(0)) on TOK_GT
363: shift/reduce conflict (shift 210(5), red'n 116(0)) on TOK_AND
363: shift/reduce conflict (shift 211(4), red'n 116(0)) on TOK_OR
363: shift/reduce conflict (shift 212(3), red'n 116(0)) on TOK_ARROW
363: shift/reduce conflict (shift 213(3), red'n 116(0)) on TOK_IFF
363: shift/reduce conflict (shift 208(7), red'n 116(0)) on TOK_PTO
363: shift/reduce conflict (shift 218(7), red'n 116(0)) on TOK_ISA
363: shift/reduce conflict (shift 202(9), red'n 116(0)) on TOK_IF
363: shift/reduce conflict (shift 214(0), red'n 116(0)) on TOK_WHENNEXT
363: shift/reduce conflict (shift 215(0), red'n 116(0)) on TOK_WHENPREV
363: shift/reduce conflict (shift 216(0), red'n 116(0)) on TOK_WHENFIRST
363: shift/reduce conflict (shift 217(0), red'n 116(0)) on TOK_WHENLAST
state 363
	term:  term.TOK_DOT appelem 
	term:  term.TOK_PLUS term 
	term:  term.TOK_MINUS term 
	term:  term.TOK_TIMES term 
	term:  term.TOK_DIV term 
	term:  term.TOK_IF fmla TOK_ELSE term 
	term:  term.TOK_EQ term 
	term:  term.TOK_LE term 
	term:  term.TOK_LT term 
	term:  term.TOK_GE term 
	term:  term.TOK_GT term 
	term:  term.TOK_PTO term 
	term:  term.TOK_TILDAEQ term 
	term:  term.TOK_AND term 
	term:  term.TOK_OR term 
	term:  term.TOK_ARROW term 
	term:  term.TOK_IFF term 
	term:  term.TOK_WHENNEXT term 
	term:  term.TOK_WHENPREV term 
	term:  term.TOK_WHENFIRST term 
	term:  term.TOK_WHENLAST term 
	term:  term TOK_WHENLAST term.    (116)
	term:  term.TOK_ISA atype 
	term:  term.TOK_COLON atype 

	TOK_COLON  shift 219
	TOK_DOT  shift 197
	TOK_PLUS  shift 198
	TOK_MINUS  shift 199
	TOK_TIMES  shift 200
	TOK_DIV  shift 201
	TOK_EQ  shift 203
	TOK_TILDAEQ  shift 209
	TOK_LE  shift 204
	TOK_LT  shift 205
	TOK_GE  shift 206
	TOK_GT  shift 207
	TOK_AND  shift 210
	TOK_OR  shift 211
	TOK_ARROW  shift 212
	TOK_IFF  shift 213
	TOK_PTO  shift 208
	TOK_ISA  shift 218
	TOK_IF  shift 202
	TOK_WHENNEXT  shift 214
	TOK_WHENPREV  shift 215
	TOK_WHENFIRST  shift 216
	TOK_WHENLAST  shift 217
	.  reduce 116 (src line 1638)


state 364
	atype:  atype.TOK_DOT SYMBOLx 
	term:  term TOK_ISA atype.    (117)

	TOK_DOT  shift 305
	.  reduce 117 (src line 1644)


state 365
	atype:  atype.TOK_DOT SYMBOLx 
	term:  term TOK_COLON atype.    (118)

	TOK_DOT  shift 305
	.  reduce 118 (src line 1650)


state 366
	labelname:  TOK_LB SYMBOLx TOK_RB.    (125)

	.  reduce 125 (src line 1711)


state 367
	term:  TOK_LPAREN term TOK_RPAREN.    (87)

	.  reduce 87 (src line 1429)


state 368
	SYMBOLx:  SYMBOLx.TOK_LB SYMsubscr TOK_RB 
	term:  TOK_LPAREN TOK_DOLLAR SYMBOLx.simplevars TOK_DOT fmla TOK_RPAREN TOK_LPAREN terms TOK_RPAREN 
	term:  TOK_DOLLAR SYMBOLx.TOK_DOT fmla 
	term:  TOK_DOLLAR SYMBOLx.TOK_DOLLAR fmla 

	TOK_VARIABLE  shift 228
	TOK_LB  shift 190
	TOK_DOT  shift 376
	TOK_DOLLAR  shift 377
	.  error

	simplevar  goto 227
	simplevars  goto 523

state 369
	simplevars:  simplevars TOK_COMMA.simplevar 

	TOK_VARIABLE  shift 228
	.  error

	simplevar  goto 524

state 370
	term:  TOK_FORALL simplevars TOK_DOT.term 

	TOK_PRESYMBOL  shift 63
	TOK_VARIABLE  shift 88
	TOK_LPAREN  shift 78
	TOK_TILDA  shift 81
	TOK_DOLLAR  shift 86
	TOK_FORALL  shift 82
	TOK_EXISTS  shift 83
	TOK_TRUE  shift 79
	TOK_FALSE  shift 80
	TOK_OLD  shift 77
	TOK_GLOBALLY  shift 84
	TOK_EVENTUALLY  shift 85
	.  error

	term  goto 525
	appelem  goto 75
	var  goto 76
	SYMBOLx  goto 87

state 371
	vars:  vars.TOK_COMMA var 
	term:  TOK_FORALL TOK_LPAREN vars.TOK_RPAREN term 

	TOK_RPAREN  shift 527
	TOK_COMMA  shift 526
	.  error


state 372
	vars:  var.    (76)

	.  reduce 76 (src line 1334)


state 373
	simplevar:  TOK_VARIABLE TOK_COLON.SYMBOLx 

	TOK_PRESYMBOL  shift 63
	.  error

	SYMBOLx  goto 528

state 374
	term:  TOK_EXISTS simplevars TOK_DOT.term 

	TOK_PRESYMBOL  shift 63
	TOK_VARIABLE  shift 88
	TOK_LPAREN  shift 78
	TOK_TILDA  shift 81
	TOK_DOLLAR  shift 86
	TOK_FORALL  shift 82
	TOK_EXISTS  shift 83
	TOK_TRUE  shift 79
	TOK_FALSE  shift 80
	TOK_OLD  shift 77
	TOK_GLOBALLY  shift 84
	TOK_EVENTUALLY  shift 85
	.  error

	term  goto 529
	appelem  goto 75
	var  goto 76
	SYMBOLx  goto 87

state 375
	vars:  vars.TOK_COMMA var 
	term:  TOK_EXISTS TOK_LPAREN vars.TOK_RPAREN term 

	TOK_RPAREN  shift 530
	TOK_COMMA  shift 526
	.  error


state 376
	term:  TOK_DOLLAR SYMBOLx TOK_DOT.fmla 

	TOK_PRESYMBOL  shift 63
	TOK_VARIABLE  shift 88
	TOK_LPAREN  shift 78
	TOK_TILDA  shift 81
	TOK_DOLLAR  shift 86
	TOK_FORALL  shift 82
	TOK_EXISTS  shift 83
	TOK_TRUE  shift 79
	TOK_FALSE  shift 80
	TOK_OLD  shift 77
	TOK_GLOBALLY  shift 84
	TOK_EVENTUALLY  shift 85
	.  error

	term  goto 72
	fmla  goto 531
	appelem  goto 75
	var  goto 76
	SYMBOLx  goto 87

state 377
	term:  TOK_DOLLAR SYMBOLx TOK_DOLLAR.fmla 

	TOK_PRESYMBOL  shift 63
	TOK_VARIABLE  shift 88
	TOK_LPAREN  shift 78
	TOK_TILDA  shift 81
	TOK_DOLLAR  shift 86
	TOK_FORALL  shift 82
	TOK_EXISTS  shift 83
	TOK_TRUE  shift 79
	TOK_FALSE  shift 80
	TOK_OLD  shift 77
	TOK_GLOBALLY  shift 84
	TOK_EVENTUALLY  shift 85
	.  error

	term  goto 72
	fmla  goto 532
	appelem  goto 75
	var  goto 76
	SYMBOLx  goto 87

state 378
	appelem:  SYMBOLx TOK_LPAREN terms.TOK_RPAREN 
	terms:  terms.TOK_COMMA term 

	TOK_RPAREN  shift 533
	TOK_COMMA  shift 534
	.  error


379: shift/reduce conflict (shift 212(3), red'n 81(0)) on TOK_ARROW
379: shift/reduce conflict (shift 202(9), red'n 81(0)) on TOK_IF
state 379
	terms:  term.    (81)
	term:  term.TOK_DOT appelem 
	term:  term.TOK_PLUS term 
	term:  term.TOK_MINUS term 
	term:  term.TOK_TIMES term 
	term:  term.TOK_DIV term 
	term:  term.TOK_IF fmla TOK_ELSE term 
	term:  term.TOK_EQ term 
	term:  term.TOK_LE term 
	term:  term.TOK_LT term 
	term:  term.TOK_GE term 
	term:  term.TOK_GT term 
	term:  term.TOK_PTO term 
	term:  term.TOK_TILDAEQ term 
	term:  term.TOK_AND term 
	term:  term.TOK_OR term 
	term:  term.TOK_ARROW term 
	term:  term.TOK_IFF term 
	term:  term.TOK_WHENNEXT term 
	term:  term.TOK_WHENPREV term 
	term:  term.TOK_WHENFIRST term 
	term:  term.TOK_WHENLAST term 
	term:  term.TOK_ISA atype 
	term:  term.TOK_COLON atype 

	TOK_COLON  shift 219
	TOK_DOT  shift 197
	TOK_PLUS  shift 198
	TOK_MINUS  shift 199
	TOK_TIMES  shift 200
	TOK_DIV  shift 201
	TOK_EQ  shift 203
	TOK_TILDAEQ  shift 209
	TOK_LE  shift 204
	TOK_LT  shift 205
	TOK_GE  shift 206
	TOK_GT  shift 207
	TOK_AND  shift 210
	TOK_OR  shift 211
	TOK_ARROW  shift 212
	TOK_IFF  shift 213
	TOK_PTO  shift 208
	TOK_ISA  shift 218
	TOK_IF  shift 202
	TOK_WHENNEXT  shift 214
	TOK_WHENPREV  shift 215
	TOK_WHENFIRST  shift 216
	TOK_WHENLAST  shift 217
	.  reduce 81 (src line 1370)


state 380
	atype:  atype.TOK_DOT SYMBOLx 
	var:  TOK_VARIABLE TOK_COLON atype.    (73)

	TOK_DOT  shift 305
	.  reduce 73 (src line 1306)


state 381
	top:  top TOK_UNPROVABLE TOK_INVARIANT labeledfmla optproof.    (8)

	.  reduce 8 (src line 592)


state 382
	top:  top TOK_MODULE modulestart modcat atom.optwith TOK_EQ TOK_LCB top TOK_RCB moduleend 
	optwith: .    (288)

	TOK_WITH  shift 536
	.  reduce 288 (src line 2815)

	optwith  goto 535

state 383
	top:  top TOK_OBJECT objsym objectargs TOK_EQ.TOK_LCB optdotdotdot top TOK_RCB objectend 

	TOK_LCB  shift 537
	.  error


state 384
	optargs:  TOK_LPAREN lparams.TOK_RPAREN 
	lparams:  lparams.TOK_COMMA lparam 

	TOK_RPAREN  shift 538
	TOK_COMMA  shift 539
	.  error


state 385
	lparams:  lparam.    (292)

	.  reduce 292 (src line 2850)


state 386
	top:  top TOK_CLASS objsym objectargs TOK_EQ.TOK_LCB optdotdotdot top TOK_RCB objectend 

	TOK_LCB  shift 540
	.  error


state 387
	top:  top TOK_SUBCLASS objsym TOK_OF atype.TOK_EQ TOK_LCB optdotdotdot top TOK_RCB objectend 
	atype:  atype.TOK_DOT SYMBOLx 

	TOK_DOT  shift 305
	TOK_EQ  shift 541
	.  error


state 388
	schdefn:  defnlhs TOK_EQ schdefnrhs.    (186)

	.  reduce 186 (src line 2147)


state 389
	SYMBOLx:  SYMBOLx.TOK_LB SYMsubscr TOK_RB 
	dotsym:  dotsym TOK_DOT SYMBOLx.    (146)

	TOK_LB  shift 190
	.  reduce 146 (src line 1864)


state 390
	defnlhs:  dotsym TOK_LPAREN defargs.TOK_RPAREN 
	defargs:  defargs.TOK_COMMA defarg 

	TOK_RPAREN  shift 542
	TOK_COMMA  shift 543
	.  error


state 391
	defargs:  defarg.    (153)

	.  reduce 153 (src line 1909)


state 392
	defnlhs:  TOK_LPAREN defarg relop.defarg TOK_RPAREN 

	TOK_PRESYMBOL  shift 63
	TOK_VARIABLE  shift 88
	TOK_CARET  shift 252
	.  error

	var  goto 250
	SYMBOLx  goto 251
	defarg  goto 544
	lparam  goto 249

state 393
	defnlhs:  TOK_LPAREN defarg infix.defarg TOK_RPAREN 

	TOK_PRESYMBOL  shift 63
	TOK_VARIABLE  shift 88
	TOK_CARET  shift 252
	.  error

	var  goto 250
	SYMBOLx  goto 251
	defarg  goto 545
	lparam  goto 249

state 394
	lparam:  SYMBOLx TOK_COLON.atype 

	TOK_PRESYMBOL  shift 63
	TOK_THIS  shift 142
	.  error

	atype  goto 546
	SYMBOLx  goto 141

state 395
	SYMBOLx:  SYMBOLx.TOK_LB SYMsubscr TOK_RB 
	lparam:  TOK_CARET SYMBOLx.TOK_COLON atype 

	TOK_LB  shift 190
	TOK_COLON  shift 547
	.  error


state 396
	optproof:  TOK_PROOF proofstep.    (141)

	.  reduce 141 (src line 1825)


state 397
	optproof:  TOK_PROOF labelname.proofstep 
	opttemporal: .    (130)

	TOK_LCB  shift 275
	TOK_IF  shift 271
	TOK_ASSUME  shift 260
	TOK_LET  shift 270
	TOK_PROOF  shift 269
	TOK_INSTANTIATE  shift 261
	TOK_FUNCTION  shift 267
	TOK_THEOREM  shift 268
	TOK_TEMPORAL  shift 68
	TOK_TACTIC  shift 265
	TOK_SHOWGOALS  shift 262
	TOK_DEFERGOAL  shift 263
	TOK_SPOIL  shift 264
	TOK_UNFOLD  shift 272
	TOK_FORGET  shift 273
	TOK_APPLY  shift 259
	.  reduce 130 (src line 1754)

	opttemporal  goto 266
	proofstep  goto 548
	proofgroup  goto 274

state 398
	top:  top TOK_THEOREM labelname schdefnrhs optproof.    (16)

	.  reduce 16 (src line 696)


state 399
	schdefnrhs:  TOK_LCB schdecls.schconc TOK_RCB 
	schdecls:  schdecls.schdecl 
	optexplicit: .    (134)

	TOK_PRESYMBOL  shift 63
	TOK_VARIABLE  shift 88
	TOK_LPAREN  shift 78
	TOK_LCB  shift 257
	TOK_TILDA  shift 81
	TOK_DOLLAR  shift 86
	TOK_FORALL  shift 82
	TOK_EXISTS  shift 83
	TOK_TRUE  shift 79
	TOK_FALSE  shift 80
	TOK_OLD  shift 77
	TOK_GLOBALLY  shift 84
	TOK_EVENTUALLY  shift 85
	TOK_RELATION  shift 556
	TOK_INDIV  shift 555
	TOK_FUNCTION  shift 553
	TOK_THEOREM  shift 558
	TOK_DEFINITION  shift 551
	TOK_TYPE  shift 557
	TOK_FRESH  shift 554
	TOK_EXPLICIT  shift 47
	.  reduce 134 (src line 1780)

	term  goto 72
	fmla  goto 256
	appelem  goto 75
	var  goto 76
	SYMBOLx  goto 87
	optexplicit  goto 552
	schdefnrhs  goto 559
	schconc  goto 549
	schdecl  goto 550

state 400
	atype:  atype.TOK_DOT SYMBOLx 
	proofstep:  TOK_APPLY atype.optrenaming 
	proofstep:  TOK_APPLY atype.optrenaming TOK_WITH matches 
	optrenaming: .    (435)

	TOK_DOT  shift 305
	TOK_LT  shift 562
	.  reduce 435 (src line 3813)

	renaming  goto 561
	optrenaming  goto 560

state 401
	atype:  atype.TOK_DOT SYMBOLx 
	proofstep:  TOK_ASSUME atype.optrenaming 
	proofstep:  TOK_ASSUME atype.optrenaming TOK_WITH matches 
	optrenaming: .    (435)

	TOK_DOT  shift 305
	TOK_LT  shift 562
	.  reduce 435 (src line 3813)

	renaming  goto 561
	optrenaming  goto 563

state 402
	atype:  atype.TOK_DOT SYMBOLx 
	proofstep:  TOK_INSTANTIATE atype.optrenaming 
	proofstep:  TOK_INSTANTIATE atype.optrenaming TOK_WITH matches 
	optrenaming: .    (435)

	TOK_DOT  shift 305
	TOK_LT  shift 562
	.  reduce 435 (src line 3813)

	renaming  goto 561
	optrenaming  goto 564

state 403
	proofstep:  TOK_INSTANTIATE labelname.atype optrenaming 

	TOK_PRESYMBOL  shift 63
	TOK_THIS  shift 142
	.  error

	atype  goto 565
	SYMBOLx  goto 141

state 404
	proofstep:  TOK_INSTANTIATE TOK_WITH.pflets 

	TOK_VARIABLE  shift 88
	.  error

	var  goto 413
	pflets  goto 566
	pflet  goto 412

state 405
	atype:  atype.TOK_DOT SYMBOLx 
	proofstep:  TOK_SPOIL atype.    (448)

	TOK_DOT  shift 305
	.  reduce 448 (src line 3888)


state 406
	atype:  atype.TOK_DOT SYMBOLx 
	proofstep:  TOK_TACTIC atype.opttacticwith optproofgroup 
	opttacticwith: .    (417)

	TOK_DOT  shift 305
	TOK_WITH  shift 568
	.  reduce 417 (src line 3697)

	opttacticwith  goto 567

state 407
	proofstep:  opttemporal TOK_PROPERTY.labeledfmla optskolem optproofgroup 

	TOK_PRESYMBOL  shift 63
	TOK_VARIABLE  shift 88
	TOK_LABEL  shift 74
	TOK_LPAREN  shift 78
	TOK_LB  shift 73
	TOK_TILDA  shift 81
	TOK_DOLLAR  shift 86
	TOK_FORALL  shift 82
	TOK_EXISTS  shift 83
	TOK_TRUE  shift 79
	TOK_FALSE  shift 80
	TOK_OLD  shift 77
	TOK_GLOBALLY  shift 84
	TOK_EVENTUALLY  shift 85
	.  error

	term  goto 72
	fmla  goto 70
	appelem  goto 75
	var  goto 76
	SYMBOLx  goto 87
	labelname  goto 71
	labeledfmla  goto 569

state 408
	funs:  funs.TOK_COMMA fun 
	proofstep:  TOK_FUNCTION funs.    (451)

	TOK_COMMA  shift 282
	.  reduce 451 (src line 3911)


409: shift/reduce conflict (shift 275(0), red'n 422(0)) on TOK_LCB
state 409
	proofstep:  TOK_THEOREM lgprop.optproofgroup 
	optproofgroup: .    (422)

	TOK_LCB  shift 275
	.  reduce 422 (src line 3728)

	proofgroup  goto 571
	optproofgroup  goto 570

state 410
	proofstep:  TOK_PROOF labelname.proofgroup 

	TOK_LCB  shift 275
	.  error

	proofgroup  goto 572

state 411
	pflets:  pflets.TOK_COMMA pflet 
	proofstep:  TOK_LET pflets.    (454)

	TOK_COMMA  shift 573
	.  reduce 454 (src line 3927)


state 412
	pflets:  pflet.    (408)

	.  reduce 408 (src line 3640)


state 413
	pflet:  var.TOK_EQ fmla 

	TOK_EQ  shift 574
	.  error


state 414
	proofstep:  TOK_IF fmla.proofgroup TOK_ELSE proofgroup 

	TOK_LCB  shift 275
	.  error

	proofgroup  goto 575

state 415
	atype:  atype.TOK_DOT SYMBOLx 
	proofstep:  TOK_UNFOLD atype.TOK_WITH callatoms 

	TOK_DOT  shift 305
	TOK_WITH  shift 576
	.  error


state 416
	proofstep:  TOK_UNFOLD TOK_WITH.callatoms 

	TOK_PRESYMBOL  shift 63
	TOK_THIS  shift 126
	TOK_METHOD  shift 127
	.  error

	SYMBOLx  goto 123
	atom  goto 125
	callatom  goto 153
	callatoms  goto 577

state 417
	callatoms:  callatoms.TOK_COMMA callatom 
	proofstep:  TOK_FORGET callatoms.    (458)

	TOK_COMMA  shift 314
	.  reduce 458 (src line 3949)


state 418
	proofgroup:  TOK_LCB proofseq.TOK_RCB 
	proofseq:  proofseq.TOK_SEMI proofstep 
	proofseq:  proofseq.proofstep 
	opttemporal: .    (130)

	TOK_LCB  shift 275
	TOK_RCB  shift 578
	TOK_SEMI  shift 579
	TOK_IF  shift 271
	TOK_ASSUME  shift 260
	TOK_LET  shift 270
	TOK_PROOF  shift 269
	TOK_INSTANTIATE  shift 261
	TOK_FUNCTION  shift 267
	TOK_THEOREM  shift 268
	TOK_TEMPORAL  shift 68
	TOK_TACTIC  shift 265
	TOK_SHOWGOALS  shift 262
	TOK_DEFERGOAL  shift 263
	TOK_SPOIL  shift 264
	TOK_UNFOLD  shift 272
	TOK_FORGET  shift 273
	TOK_APPLY  shift 259
	.  reduce 130 (src line 1754)

	opttemporal  goto 266
	proofstep  goto 580
	proofgroup  goto 274

state 419
	proofgroup:  TOK_LCB TOK_RCB.    (421)

	.  reduce 421 (src line 3721)


state 420
	proofseq:  proofstep.    (424)

	.  reduce 424 (src line 3741)


state 421
	insts:  insts TOK_COMMA inst.    (310)

	.  reduce 310 (src line 2974)


state 422
	inst:  modinst TOK_COLON modinst.    (312)

	.  reduce 312 (src line 2989)


state 423
	modinst:  dotsym TOK_LPAREN pnames.TOK_RPAREN 
	pnames:  pnames.TOK_COMMA pname 

	TOK_RPAREN  shift 581
	TOK_COMMA  shift 582
	.  error


state 424
	pnames:  pname.    (323)

	.  reduce 323 (src line 3057)


state 425
	atype:  atype.TOK_DOT SYMBOLx 
	pname:  atype.    (315)

	TOK_DOT  shift 305
	.  reduce 315 (src line 3011)


state 426
	pname:  var.    (316)

	.  reduce 316 (src line 3019)


state 427
	pname:  infix.    (317)

	.  reduce 317 (src line 3024)


state 428
	pname:  relop.    (318)

	.  reduce 318 (src line 3029)


 429: reduce/reduce conflict  (red'ns 69 and 319) on TOK_RPAREN
 429: reduce/reduce conflict  (red'ns 69 and 319) on TOK_COMMA
state 429
	atype:  TOK_THIS.    (69)
	pname:  TOK_THIS.    (319)

	.  reduce 69 (src line 1264)


state 430
	pname:  TOK_TRUE.    (320)

	.  reduce 320 (src line 3039)


state 431
	pname:  TOK_FALSE.    (321)

	.  reduce 321 (src line 3044)


state 432
	rels:  rels TOK_COMMA rel.    (220)

	.  reduce 220 (src line 2382)


state 433
	atype:  atype.TOK_DOT SYMBOLx 
	typeddefn:  defnlhs TOK_COLON atype.    (156)

	TOK_DOT  shift 305
	.  reduce 156 (src line 1928)


state 434
	defn:  typeddefn TOK_EQ defnrhs.    (160)

	.  reduce 160 (src line 1960)


state 435
	defnrhs:  fmla.    (157)

	.  reduce 157 (src line 1941)


state 436
	defnrhs:  somevarfmla.    (158)

	.  reduce 158 (src line 1947)


state 437
	defnrhs:  TOK_NATIVEQUOTE.    (159)

	.  reduce 159 (src line 1952)


state 438
	somevarfmla:  TOK_SOME.simplevar TOK_DOT fmla optin optelse 

	TOK_VARIABLE  shift 228
	.  error

	simplevar  goto 583

state 439
	funs:  funs TOK_COMMA fun.    (224)

	.  reduce 224 (src line 2413)


state 440
	fun:  typeddefn TOK_EQ defnrhs.    (222)

	.  reduce 222 (src line 2396)


state 441
	defns:  defns TOK_COMMA defn.    (162)

	.  reduce 162 (src line 1976)


state 442
	top:  top optfinite optghost TOK_TYPE typesymbol.    (24)
	top:  top optfinite optghost TOK_TYPE typesymbol.TOK_EQ sort 

	TOK_EQ  shift 584
	.  reduce 24 (src line 771)


state 443
	top:  top TOK_RELY atom TOK_ARROW atom.    (27)

	.  reduce 27 (src line 804)


state 444
	terms:  terms.TOK_COMMA term 
	atom:  SYMBOLx TOK_LPAREN terms.TOK_RPAREN 

	TOK_RPAREN  shift 585
	TOK_COMMA  shift 534
	.  error


state 445
	top:  top TOK_MIXORD callatom TOK_ARROW callatom.    (29)
	callatom:  callatom.TOK_DOT callatom 

	TOK_DOT  shift 289
	.  reduce 29 (src line 820)


state 446
	callatom:  callatom.TOK_DOT callatom 
	callatom:  callatom TOK_DOT callatom.    (262)

	.  reduce 262 (src line 2628)


state 447
	cdefns:  cdefns TOK_COMMA cdefn.    (481)

	.  reduce 481 (src line 4097)


state 448
	cdefn:  atom TOK_EQ expr.    (479)
	prod:  expr.TOK_TIMES expr 
	sum:  expr.TOK_PLUS expr 

	TOK_PLUS  shift 587
	TOK_TIMES  shift 586
	.  reduce 479 (src line 4083)


state 449
	expr:  TOK_LCB.fmla TOK_RCB 

	TOK_PRESYMBOL  shift 63
	TOK_VARIABLE  shift 88
	TOK_LPAREN  shift 78
	TOK_TILDA  shift 81
	TOK_DOLLAR  shift 86
	TOK_FORALL  shift 82
	TOK_EXISTS  shift 83
	TOK_TRUE  shift 79
	TOK_FALSE  shift 80
	TOK_OLD  shift 77
	TOK_GLOBALLY  shift 84
	TOK_EVENTUALLY  shift 85
	.  error

	term  goto 72
	fmla  goto 588
	appelem  goto 75
	var  goto 76
	SYMBOLx  goto 87

state 450
	expr:  exprterm.    (483)
	expr:  exprterm.relop exprterm 
	expr:  exprterm.TOK_TILDAEQ exprterm 

	TOK_EQ  shift 159
	TOK_TILDAEQ  shift 590
	TOK_LE  shift 160
	TOK_LT  shift 161
	TOK_GE  shift 162
	TOK_GT  shift 163
	TOK_PTO  shift 164
	.  reduce 483 (src line 4110)

	relop  goto 589

state 451
	expr:  TOK_TILDA.expr 

	TOK_PRESYMBOL  shift 63
	TOK_VARIABLE  shift 88
	TOK_LPAREN  shift 452
	TOK_LCB  shift 449
	TOK_TILDA  shift 451
	.  error

	appelem  goto 455
	var  goto 456
	SYMBOLx  goto 87
	expr  goto 591
	exprterm  goto 450
	prod  goto 453
	sum  goto 454

state 452
	expr:  TOK_LPAREN.expr TOK_RPAREN 

	TOK_PRESYMBOL  shift 63
	TOK_VARIABLE  shift 88
	TOK_LPAREN  shift 452
	TOK_LCB  shift 449
	TOK_TILDA  shift 451
	.  error

	appelem  goto 455
	var  goto 456
	SYMBOLx  goto 87
	expr  goto 592
	exprterm  goto 450
	prod  goto 453
	sum  goto 454

453: shift/reduce conflict (shift 593(13), red'n 488(0)) on TOK_TIMES
state 453
	expr:  prod.    (488)
	prod:  prod.TOK_TIMES expr 

	TOK_TIMES  shift 593
	.  reduce 488 (src line 4135)


454: shift/reduce conflict (shift 594(12), red'n 489(0)) on TOK_PLUS
state 454
	expr:  sum.    (489)
	sum:  sum.TOK_PLUS expr 

	TOK_PLUS  shift 594
	.  reduce 489 (src line 4140)


state 455
	exprterm:  appelem.    (490)

	.  reduce 490 (src line 4147)


state 456
	exprterm:  var.    (491)

	.  reduce 491 (src line 4153)


state 457
	top:  top TOK_UPDATE apps TOK_FROM apps.upaxes 
	apps:  apps.TOK_COMMA app 
	upaxes: .    (467)

	TOK_COMMA  shift 293
	.  reduce 467 (src line 4009)

	upaxes  goto 595

state 458
	apps:  apps TOK_COMMA app.    (256)

	.  reduce 256 (src line 2586)


state 459
	appelem:  SYMBOLx TOK_LPAREN terms.TOK_RPAREN 
	terms:  terms.TOK_COMMA term 
	app:  SYMBOLx TOK_LPAREN terms.TOK_RPAREN 

	TOK_RPAREN  shift 596
	TOK_COMMA  shift 534
	.  error


state 460
	term:  term.TOK_DOT appelem 
	term:  term.TOK_PLUS term 
	term:  term.TOK_MINUS term 
	term:  term.TOK_TIMES term 
	term:  term.TOK_DIV term 
	term:  term.TOK_IF fmla TOK_ELSE term 
	term:  term.TOK_EQ term 
	term:  term.TOK_LE term 
	term:  term.TOK_LT term 
	term:  term.TOK_GE term 
	term:  term.TOK_GT term 
	term:  term.TOK_PTO term 
	term:  term.TOK_TILDAEQ term 
	term:  term.TOK_AND term 
	term:  term.TOK_OR term 
	term:  term.TOK_ARROW term 
	term:  term.TOK_IFF term 
	term:  term.TOK_WHENNEXT term 
	term:  term.TOK_WHENPREV term 
	term:  term.TOK_WHENFIRST term 
	term:  term.TOK_WHENLAST term 
	term:  term.TOK_ISA atype 
	term:  term.TOK_COLON atype 
	app:  term infix term.    (254)

	TOK_COLON  shift 219
	TOK_DOT  shift 197
	TOK_PLUS  shift 198
	TOK_MINUS  shift 199
	TOK_TIMES  shift 200
	TOK_DIV  shift 201
	TOK_EQ  shift 203
	TOK_TILDAEQ  shift 209
	TOK_LE  shift 204
	TOK_LT  shift 205
	TOK_GE  shift 206
	TOK_GT  shift 207
	TOK_AND  shift 210
	TOK_OR  shift 211
	TOK_ARROW  shift 212
	TOK_IFF  shift 213
	TOK_PTO  shift 208
	TOK_ISA  shift 218
	TOK_IF  shift 202
	TOK_WHENNEXT  shift 214
	TOK_WHENPREV  shift 215
	TOK_WHENFIRST  shift 216
	TOK_WHENLAST  shift 217
	.  reduce 254 (src line 2573)


state 461
	top:  top TOK_MACRO atom TOK_EQ sequence.    (32)

	.  reduce 32 (src line 847)


state 462
	sequence:  TOK_LCB.TOK_RCB 
	sequence:  TOK_LCB.actseq TOK_RCB 
	sequence:  TOK_LCB.actseq TOK_SEMI TOK_RCB 
	optunprovable: .    (132)

	TOK_PRESYMBOL  shift 63
	TOK_VARIABLE  shift 88
	TOK_LPAREN  shift 619
	TOK_LCB  shift 462
	TOK_RCB  shift 597
	TOK_TILDA  shift 81
	TOK_DOLLAR  shift 86
	TOK_FORALL  shift 82
	TOK_EXISTS  shift 83
	TOK_TRUE  shift 79
	TOK_FALSE  shift 80
	TOK_OLD  shift 77
	TOK_IF  shift 613
	TOK_GLOBALLY  shift 84
	TOK_EVENTUALLY  shift 85
	TOK_ASSUME  shift 602
	TOK_VAR  shift 606
	TOK_LOCAL  shift 616
	TOK_LET  shift 617
	TOK_CALL  shift 607
	TOK_WHILE  shift 614
	TOK_FOR  shift 615
	TOK_DEBUG  shift 611
	TOK_THUNK  shift 618
	TOK_UNPROVABLE  shift 610
	TOK_INSTANTIATE  shift 609
	TOK_SET  shift 608
	.  reduce 132 (src line 1767)

	term  goto 604
	appelem  goto 75
	var  goto 76
	SYMBOLx  goto 87
	optunprovable  goto 603
	simpleact  goto 600
	complexact  goto 601
	sequence  goto 612
	actseq  goto 598
	actseqrev  goto 599
	termtuple  goto 605

state 463
	top:  top optimpex actmeth SYMBOLx optargs.optreturns optactiondef 
	optreturns: .    (281)

	TOK_RETURNS  shift 467
	.  reduce 281 (src line 2766)

	optreturns  goto 620

state 464
	top:  top TOK_MIXIN callatom TOK_BEFORE callatom.    (34)
	callatom:  callatom.TOK_DOT callatom 

	TOK_DOT  shift 289
	.  reduce 34 (src line 880)


state 465
	top:  top TOK_MIXIN callatom TOK_AFTER callatom.    (35)
	callatom:  callatom.TOK_DOT callatom 

	TOK_DOT  shift 289
	.  reduce 35 (src line 889)


state 466
	top:  top TOK_BEFORE atype optargs optreturns.sequence 

	TOK_LCB  shift 462
	.  error

	sequence  goto 621

state 467
	optreturns:  TOK_RETURNS.TOK_LPAREN lparams TOK_RPAREN 

	TOK_LPAREN  shift 622
	.  error


state 468
	SYMBOLx:  SYMBOLx.TOK_LB SYMsubscr TOK_RB 
	atype:  atype TOK_DOT SYMBOLx.    (68)

	TOK_LB  shift 190
	.  reduce 68 (src line 1253)


state 469
	top:  top TOK_AFTER atype optargs optreturns.topseq 

	TOK_LCB  shift 472
	.  error

	sequence  goto 471
	topseq  goto 623

state 470
	top:  top TOK_AFTER TOK_INIT optargs topseq.    (39)

	.  reduce 39 (src line 943)


state 471
	topseq:  sequence.    (297)

	.  reduce 297 (src line 2885)


state 472
	topseq:  TOK_LCB.TOK_NATIVEQUOTE TOK_RCB 
	sequence:  TOK_LCB.TOK_RCB 
	sequence:  TOK_LCB.actseq TOK_RCB 
	sequence:  TOK_LCB.actseq TOK_SEMI TOK_RCB 
	optunprovable: .    (132)

	TOK_PRESYMBOL  shift 63
	TOK_VARIABLE  shift 88
	TOK_NATIVEQUOTE  shift 624
	TOK_LPAREN  shift 619
	TOK_LCB  shift 462
	TOK_RCB  shift 597
	TOK_TILDA  shift 81
	TOK_DOLLAR  shift 86
	TOK_FORALL  shift 82
	TOK_EXISTS  shift 83
	TOK_TRUE  shift 79
	TOK_FALSE  shift 80
	TOK_OLD  shift 77
	TOK_IF  shift 613
	TOK_GLOBALLY  shift 84
	TOK_EVENTUALLY  shift 85
	TOK_ASSUME  shift 602
	TOK_VAR  shift 606
	TOK_LOCAL  shift 616
	TOK_LET  shift 617
	TOK_CALL  shift 607
	TOK_WHILE  shift 614
	TOK_FOR  shift 615
	TOK_DEBUG  shift 611
	TOK_THUNK  shift 618
	TOK_UNPROVABLE  shift 610
	TOK_INSTANTIATE  shift 609
	TOK_SET  shift 608
	.  reduce 132 (src line 1767)

	term  goto 604
	appelem  goto 75
	var  goto 76
	SYMBOLx  goto 87
	optunprovable  goto 603
	simpleact  goto 600
	complexact  goto 601
	sequence  goto 612
	actseq  goto 598
	actseqrev  goto 599
	termtuple  goto 605

state 473
	top:  top TOK_AROUND atype optargs optreturns.TOK_LCB actseq optsemi TOK_DOTDOTDOT actseq optsemi TOK_RCB 

	TOK_LCB  shift 625
	.  error


state 474
	top:  top TOK_IMPLEMENT atype optargs optreturns.topseq 

	TOK_LCB  shift 472
	.  error

	sequence  goto 471
	topseq  goto 626

state 475
	top:  top TOK_IMPLEMENT TOK_TYPE SYMBOLx TOK_WITH.SYMBOLx 

	TOK_PRESYMBOL  shift 63
	.  error

	SYMBOLx  goto 627

state 476
	top:  top opttrusted TOK_ISOLATE SYMBOLx optargs.TOK_EQ callatoms 
	top:  top opttrusted TOK_ISOLATE SYMBOLx optargs.TOK_EQ callatoms TOK_WITH callatoms 
	top:  top opttrusted TOK_ISOLATE SYMBOLx optargs.TOK_EQ TOK_LCB top TOK_RCB optwith 

	TOK_EQ  shift 628
	.  error


state 477
	top:  top TOK_EXTRACT objsym objectargs TOK_EQ.TOK_LCB top TOK_RCB optwith 
	top:  top TOK_EXTRACT objsym objectargs TOK_EQ.callatoms 

	TOK_PRESYMBOL  shift 63
	TOK_LCB  shift 629
	TOK_THIS  shift 126
	TOK_METHOD  shift 127
	.  error

	SYMBOLx  goto 123
	atom  goto 125
	callatom  goto 153
	callatoms  goto 630

state 478
	callatom:  callatom.TOK_DOT callatom 
	callatoms:  callatoms TOK_COMMA callatom.    (264)

	TOK_DOT  shift 289
	.  reduce 264 (src line 2643)


state 479
	callatom:  callatom.TOK_DOT callatom 
	optdelegee:  TOK_ARROW callatom.    (335)

	TOK_DOT  shift 289
	.  reduce 335 (src line 3138)


state 480
	top:  top TOK_INTERPRET oper TOK_ARROW oper.    (50)

	.  reduce 50 (src line 1071)


state 481
	top:  top TOK_INTERPRET oper TOK_ARROW TOK_LCB.term TOK_DOTS term TOK_RCB 
	top:  top TOK_INTERPRET oper TOK_ARROW TOK_LCB.SYMBOLx moresymbols TOK_RCB 

	TOK_PRESYMBOL  shift 63
	TOK_VARIABLE  shift 88
	TOK_LPAREN  shift 78
	TOK_TILDA  shift 81
	TOK_DOLLAR  shift 86
	TOK_FORALL  shift 82
	TOK_EXISTS  shift 83
	TOK_TRUE  shift 79
	TOK_FALSE  shift 80
	TOK_OLD  shift 77
	TOK_GLOBALLY  shift 84
	TOK_EVENTUALLY  shift 85
	.  error

	term  goto 631
	appelem  goto 75
	var  goto 76
	SYMBOLx  goto 632

state 482
	top:  top TOK_ALIAS SYMBOLx TOK_EQ callatom.    (53)
	callatom:  callatom.TOK_DOT callatom 

	TOK_DOT  shift 289
	.  reduce 53 (src line 1119)


state 483
	top:  top TOK_ATTRIBUTE callatom TOK_EQ attributeval.    (54)

	.  reduce 54 (src line 1128)


state 484
	callatom:  callatom.TOK_DOT callatom 
	attributeval:  callatom.    (329)

	TOK_DOT  shift 289
	.  reduce 329 (src line 3097)


state 485
	attributeval:  TOK_TRUE.    (330)

	.  reduce 330 (src line 3103)


state 486
	attributeval:  TOK_FALSE.    (331)

	.  reduce 331 (src line 3108)


state 487
	top:  top TOK_VARIANT typesymbol TOK_OF atype.    (55)
	top:  top TOK_VARIANT typesymbol TOK_OF atype.TOK_EQ sort 
	atype:  atype.TOK_DOT SYMBOLx 

	TOK_DOT  shift 305
	TOK_EQ  shift 633
	.  reduce 55 (src line 1140)


state 488
	top:  top TOK_SCENARIO TOK_LCB sceninit TOK_SEMI.scentranss TOK_RCB 
	scentranss: .    (401)

	.  reduce 401 (src line 3576)

	scentranss  goto 634

state 489
	sceninit:  TOK_ARROW places.    (398)
	places:  places.TOK_COMMA SYMBOLx 

	TOK_COMMA  shift 635
	.  reduce 398 (src line 3555)


state 490
	SYMBOLx:  SYMBOLx.TOK_LB SYMsubscr TOK_RB 
	places:  SYMBOLx.    (399)

	TOK_LB  shift 190
	.  reduce 399 (src line 3563)


state 491
	top:  top specimpl TOK_LCB top TOK_RCB.    (59)

	.  reduce 59 (src line 1183)


state 492
	top:  top TOK_STATE SYMBOLx TOK_EQ state_expr.    (60)
	state_expr:  state_expr.TOK_OR state_expr 

	TOK_OR  shift 636
	.  reduce 60 (src line 1193)


state 493
	state_expr:  TOK_TRUE.    (472)

	.  reduce 472 (src line 4043)


state 494
	state_expr:  TOK_FALSE.    (473)

	.  reduce 473 (src line 4049)


state 495
	SYMBOLx:  SYMBOLx.TOK_LB SYMsubscr TOK_RB 
	state_expr:  SYMBOLx.    (474)
	state_expr:  SYMBOLx.TOK_LPAREN state_expr TOK_RPAREN 

	TOK_LPAREN  shift 637
	TOK_LB  shift 190
	.  reduce 474 (src line 4054)


state 496
	state_expr:  TOK_LCB.requires modifies ensures TOK_RCB 
	requires: .    (460)

	TOK_REQUIRES  shift 639
	.  reduce 460 (src line 3965)

	requires  goto 638

state 497
	state_expr:  TOK_ENTRY.    (478)

	.  reduce 478 (src line 4074)


state 498
	top:  top TOK_ASSERT SYMBOLx TOK_ARROW assert_rhs.    (61)

	.  reduce 61 (src line 1201)


state 499
	assert_rhs:  TOK_LCB.requires modifies ensures TOK_RCB 
	requires: .    (460)

	TOK_REQUIRES  shift 639
	.  reduce 460 (src line 3965)

	requires  goto 640

state 500
	assert_rhs:  fmla.    (471)

	.  reduce 471 (src line 4036)


state 501
	tterms:  tterms TOK_COMMA tterm.    (207)

	.  reduce 207 (src line 2295)


state 502
	atype:  atype.TOK_DOT SYMBOLx 
	tterm:  tapp TOK_COLON atype.    (203)

	TOK_DOT  shift 305
	.  reduce 203 (src line 2265)


state 503
	atype:  atype.TOK_DOT SYMBOLx 
	tterm:  SYMBOLx TOK_COLON atype.    (204)

	TOK_DOT  shift 305
	.  reduce 204 (src line 2273)


state 504
	targs:  TOK_LPAREN TOK_RPAREN.    (208)

	.  reduce 208 (src line 2302)


state 505
	targs:  TOK_LPAREN tsyms.TOK_RPAREN 
	tsyms:  tsyms.TOK_COMMA var 

	TOK_RPAREN  shift 641
	TOK_COMMA  shift 642
	.  error


state 506
	tsyms:  var.    (210)

	.  reduce 210 (src line 2315)


state 507
	tterm:  TOK_CARET SYMBOLx TOK_COLON.atype 

	TOK_PRESYMBOL  shift 63
	TOK_THIS  shift 142
	.  error

	atype  goto 643
	SYMBOLx  goto 141

state 508
	tapp:  TOK_LPAREN var infix.var TOK_RPAREN 

	TOK_VARIABLE  shift 88
	.  error

	var  goto 644

state 509
	parameter:  tterm TOK_EQ paramval.    (195)

	.  reduce 195 (src line 2212)


state 510
	paramval:  TOK_TRUE.    (196)

	.  reduce 196 (src line 2221)


state 511
	paramval:  TOK_FALSE.    (197)

	.  reduce 197 (src line 2227)


state 512
	SYMBOLx:  SYMBOLx.TOK_LB SYMsubscr TOK_RB 
	paramval:  SYMBOLx.    (198)

	TOK_LB  shift 190
	.  reduce 198 (src line 2232)


state 513
	SYMBOLx:  SYMBOLx TOK_LB SYMsubscr TOK_RB.    (63)

	.  reduce 63 (src line 1218)


state 514
	SYMsubscr:  SYMsubscr TOK_DOT.SYMBOLx 

	TOK_PRESYMBOL  shift 63
	.  error

	SYMBOLx  goto 645

state 515
	lgprop:  optlabel gprop.    (129)

	.  reduce 129 (src line 1741)


 516: reduce/reduce conflict  (red'ns 127 and 170) on $end
 516: reduce/reduce conflict  (red'ns 127 and 170) on TOK_PRESYMBOL
 516: reduce/reduce conflict  (red'ns 127 and 170) on TOK_VARIABLE
 516: reduce/reduce conflict  (red'ns 127 and 170) on TOK_NATIVEQUOTE
 516: reduce/reduce conflict  (red'ns 127 and 170) on TOK_LPAREN
 516: reduce/reduce conflict  (red'ns 127 and 170) on TOK_LCB
 516: reduce/reduce conflict  (red'ns 127 and 170) on TOK_RCB
 516: reduce/reduce conflict  (red'ns 127 and 170) on TOK_SEMI
 516: reduce/reduce conflict  (red'ns 127 and 170) on TOK_DOTDOTDOT
 516: reduce/reduce conflict  (red'ns 127 and 170) on TOK_TILDA
 516: reduce/reduce conflict  (red'ns 127 and 170) on TOK_ARROW
 516: reduce/reduce conflict  (red'ns 127 and 170) on TOK_DOLLAR
 516: reduce/reduce conflict  (red'ns 127 and 170) on TOK_FORALL
 516: reduce/reduce conflict  (red'ns 127 and 170) on TOK_EXISTS
 516: reduce/reduce conflict  (red'ns 127 and 170) on TOK_TRUE
 516: reduce/reduce conflict  (red'ns 127 and 170) on TOK_FALSE
 516: reduce/reduce conflict  (red'ns 127 and 170) on TOK_OLD
 516: reduce/reduce conflict  (red'ns 127 and 170) on TOK_IF
 516: reduce/reduce conflict  (red'ns 127 and 170) on TOK_GLOBALLY
 516: reduce/reduce conflict  (red'ns 127 and 170) on TOK_EVENTUALLY
 516: reduce/reduce conflict  (red'ns 127 and 170) on TOK_ASSUME
 516: reduce/reduce conflict  (red'ns 127 and 170) on TOK_ASSERT
 516: reduce/reduce conflict  (red'ns 127 and 170) on TOK_REQUIRE
 516: reduce/reduce conflict  (red'ns 127 and 170) on TOK_ENSURE
 516: reduce/reduce conflict  (red'ns 127 and 170) on TOK_VAR
 516: reduce/reduce conflict  (red'ns 127 and 170) on TOK_LOCAL
 516: reduce/reduce conflict  (red'ns 127 and 170) on TOK_LET
 516: reduce/reduce conflict  (red'ns 127 and 170) on TOK_CALL
 516: reduce/reduce conflict  (red'ns 127 and 170) on TOK_WHILE
 516: reduce/reduce conflict  (red'ns 127 and 170) on TOK_FOR
 516: reduce/reduce conflict  (red'ns 127 and 170) on TOK_INVARIANT
 516: reduce/reduce conflict  (red'ns 127 and 170) on TOK_DECREASES
 516: reduce/reduce conflict  (red'ns 127 and 170) on TOK_DEBUG
 516: reduce/reduce conflict  (red'ns 127 and 170) on TOK_THUNK
 516: reduce/reduce conflict  (red'ns 127 and 170) on TOK_UNPROVABLE
 516: reduce/reduce conflict  (red'ns 127 and 170) on TOK_PROOF
 516: reduce/reduce conflict  (red'ns 127 and 170) on TOK_INSTANTIATE
 516: reduce/reduce conflict  (red'ns 127 and 170) on TOK_RELATION
 516: reduce/reduce conflict  (red'ns 127 and 170) on TOK_INDIV
 516: reduce/reduce conflict  (red'ns 127 and 170) on TOK_FUNCTION
 516: reduce/reduce conflict  (red'ns 127 and 170) on TOK_DERIVED
 516: reduce/reduce conflict  (red'ns 127 and 170) on TOK_AXIOM
 516: reduce/reduce conflict  (red'ns 127 and 170) on TOK_CONJECTURE
 516: reduce/reduce conflict  (red'ns 127 and 170) on TOK_SCHEMA
 516: reduce/reduce conflict  (red'ns 127 and 170) on TOK_THEOREM
 516: reduce/reduce conflict  (red'ns 127 and 170) on TOK_PROPERTY
 516: reduce/reduce conflict  (red'ns 127 and 170) on TOK_DEFINITION
 516: reduce/reduce conflict  (red'ns 127 and 170) on TOK_TYPE
 516: reduce/reduce conflict  (red'ns 127 and 170) on TOK_MODULE
 516: reduce/reduce conflict  (red'ns 127 and 170) on TOK_OBJECT
 516: reduce/reduce conflict  (red'ns 127 and 170) on TOK_CLASS
 516: reduce/reduce conflict  (red'ns 127 and 170) on TOK_SUBCLASS
 516: reduce/reduce conflict  (red'ns 127 and 170) on TOK_ACTION
 516: reduce/reduce conflict  (red'ns 127 and 170) on TOK_METHOD
 516: reduce/reduce conflict  (red'ns 127 and 170) on TOK_BEFORE
 516: reduce/reduce conflict  (red'ns 127 and 170) on TOK_AFTER
 516: reduce/reduce conflict  (red'ns 127 and 170) on TOK_AROUND
 516: reduce/reduce conflict  (red'ns 127 and 170) on TOK_MIXIN
 516: reduce/reduce conflict  (red'ns 127 and 170) on TOK_IMPLEMENT
 516: reduce/reduce conflict  (red'ns 127 and 170) on TOK_ISOLATE
 516: reduce/reduce conflict  (red'ns 127 and 170) on TOK_EXTRACT
 516: reduce/reduce conflict  (red'ns 127 and 170) on TOK_TRUSTED
 516: reduce/reduce conflict  (red'ns 127 and 170) on TOK_EXPORT
 516: reduce/reduce conflict  (red'ns 127 and 170) on TOK_IMPORT
 516: reduce/reduce conflict  (red'ns 127 and 170) on TOK_DELEGATE
 516: reduce/reduce conflict  (red'ns 127 and 170) on TOK_USING
 516: reduce/reduce conflict  (red'ns 127 and 170) on TOK_INCLUDE
 516: reduce/reduce conflict  (red'ns 127 and 170) on TOK_INTERPRET
 516: reduce/reduce conflict  (red'ns 127 and 170) on TOK_MACRO
 516: reduce/reduce conflict  (red'ns 127 and 170) on TOK_ALIAS
 516: reduce/reduce conflict  (red'ns 127 and 170) on TOK_ATTRIBUTE
 516: reduce/reduce conflict  (red'ns 127 and 170) on TOK_VARIANT
 516: reduce/reduce conflict  (red'ns 127 and 170) on TOK_SCENARIO
 516: reduce/reduce conflict  (red'ns 127 and 170) on TOK_PROGRESS
 516: reduce/reduce conflict  (red'ns 127 and 170) on TOK_RELY
 516: reduce/reduce conflict  (red'ns 127 and 170) on TOK_MIXORD
 516: reduce/reduce conflict  (red'ns 127 and 170) on TOK_CONCEPT
 516: reduce/reduce conflict  (red'ns 127 and 170) on TOK_STATE
 516: reduce/reduce conflict  (red'ns 127 and 170) on TOK_UPDATE
 516: reduce/reduce conflict  (red'ns 127 and 170) on TOK_SET
 516: reduce/reduce conflict  (red'ns 127 and 170) on TOK_FRESH
 516: reduce/reduce conflict  (red'ns 127 and 170) on TOK_TEMPORAL
 516: reduce/reduce conflict  (red'ns 127 and 170) on TOK_EXPLICIT
 516: reduce/reduce conflict  (red'ns 127 and 170) on TOK_SPECIFICATION
 516: reduce/reduce conflict  (red'ns 127 and 170) on TOK_IMPLEMENTATION
 516: reduce/reduce conflict  (red'ns 127 and 170) on TOK_PRIVATE
 516: reduce/reduce conflict  (red'ns 127 and 170) on TOK_GLOBAL
 516: reduce/reduce conflict  (red'ns 127 and 170) on TOK_COMMON
 516: reduce/reduce conflict  (red'ns 127 and 170) on TOK_GHOST
 516: reduce/reduce conflict  (red'ns 127 and 170) on TOK_FINITE
 516: reduce/reduce conflict  (red'ns 127 and 170) on TOK_PARAMETER
 516: reduce/reduce conflict  (red'ns 127 and 170) on TOK_DESTRUCTOR
 516: reduce/reduce conflict  (red'ns 127 and 170) on TOK_CONSTRUCTOR
 516: reduce/reduce conflict  (red'ns 127 and 170) on TOK_FIELD
 516: reduce/reduce conflict  (red'ns 127 and 170) on TOK_AUTOINSTANCE
 516: reduce/reduce conflict  (red'ns 127 and 170) on TOK_TACTIC
 516: reduce/reduce conflict  (red'ns 127 and 170) on TOK_SHOWGOALS
 516: reduce/reduce conflict  (red'ns 127 and 170) on TOK_DEFERGOAL
 516: reduce/reduce conflict  (red'ns 127 and 170) on TOK_SPOIL
 516: reduce/reduce conflict  (red'ns 127 and 170) on TOK_UNFOLD
 516: reduce/reduce conflict  (red'ns 127 and 170) on TOK_FORGET
 516: reduce/reduce conflict  (red'ns 127 and 170) on TOK_APPLY
state 516
	gprop:  fmla.    (127)
	schdefnrhs:  fmla.    (170)

	.  reduce 127 (src line 1728)


state 517
	gprop:  schdefnrhs.    (128)

	.  reduce 128 (src line 1734)


518: shift/reduce conflict (shift 254(0), red'n 140(0)) on TOK_PROOF
state 518
	top:  top optexplicit opttemporal TOK_PROPERTY labeledfmla optskolem.optproof 
	optproof: .    (140)

	TOK_PROOF  shift 254
	.  reduce 140 (src line 1819)

	optproof  goto 646

state 519
	optskolem:  TOK_NAMED.defnlhs 

	TOK_PRESYMBOL  shift 63
	TOK_LPAREN  shift 98
	.  error

	SYMBOLx  goto 99
	defnlhs  goto 647
	dotsym  goto 97

state 520
	top:  top optexplicit TOK_DEFINITION optlabel gdefn optproof.    (13)

	.  reduce 13 (src line 661)


state 521
	gdefn:  TOK_LCB defn.TOK_RCB 

	TOK_RCB  shift 648
	.  error


state 522
	term:  term TOK_IF fmla TOK_ELSE.term 

	TOK_PRESYMBOL  shift 63
	TOK_VARIABLE  shift 88
	TOK_LPAREN  shift 78
	TOK_TILDA  shift 81
	TOK_DOLLAR  shift 86
	TOK_FORALL  shift 82
	TOK_EXISTS  shift 83
	TOK_TRUE  shift 79
	TOK_FALSE  shift 80
	TOK_OLD  shift 77
	TOK_GLOBALLY  shift 84
	TOK_EVENTUALLY  shift 85
	.  error

	term  goto 649
	appelem  goto 75
	var  goto 76
	SYMBOLx  goto 87

state 523
	simplevars:  simplevars.TOK_COMMA simplevar 
	term:  TOK_LPAREN TOK_DOLLAR SYMBOLx simplevars.TOK_DOT fmla TOK_RPAREN TOK_LPAREN terms TOK_RPAREN 

	TOK_COMMA  shift 369
	TOK_DOT  shift 650
	.  error


state 524
	simplevars:  simplevars TOK_COMMA simplevar.    (79)

	.  reduce 79 (src line 1353)


525: shift/reduce conflict (shift 214(0), red'n 107(1)) on TOK_WHENNEXT
525: shift/reduce conflict (shift 215(0), red'n 107(1)) on TOK_WHENPREV
525: shift/reduce conflict (shift 216(0), red'n 107(1)) on TOK_WHENFIRST
525: shift/reduce conflict (shift 217(0), red'n 107(1)) on TOK_WHENLAST
state 525
	term:  term.TOK_DOT appelem 
	term:  term.TOK_PLUS term 
	term:  term.TOK_MINUS term 
	term:  term.TOK_TIMES term 
	term:  term.TOK_DIV term 
	term:  term.TOK_IF fmla TOK_ELSE term 
	term:  term.TOK_EQ term 
	term:  term.TOK_LE term 
	term:  term.TOK_LT term 
	term:  term.TOK_GE term 
	term:  term.TOK_GT term 
	term:  term.TOK_PTO term 
	term:  term.TOK_TILDAEQ term 
	term:  term.TOK_AND term 
	term:  term.TOK_OR term 
	term:  term.TOK_ARROW term 
	term:  term.TOK_IFF term 
	term:  TOK_FORALL simplevars TOK_DOT term.    (107)
	term:  term.TOK_WHENNEXT term 
	term:  term.TOK_WHENPREV term 
	term:  term.TOK_WHENFIRST term 
	term:  term.TOK_WHENLAST term 
	term:  term.TOK_ISA atype 
	term:  term.TOK_COLON atype 

	TOK_COLON  shift 219
	TOK_DOT  shift 197
	TOK_PLUS  shift 198
	TOK_MINUS  shift 199
	TOK_TIMES  shift 200
	TOK_DIV  shift 201
	TOK_EQ  shift 203
	TOK_TILDAEQ  shift 209
	TOK_LE  shift 204
	TOK_LT  shift 205
	TOK_GE  shift 206
	TOK_GT  shift 207
	TOK_AND  shift 210
	TOK_OR  shift 211
	TOK_ARROW  shift 212
	TOK_IFF  shift 213
	TOK_PTO  shift 208
	TOK_ISA  shift 218
	TOK_IF  shift 202
	TOK_WHENNEXT  shift 214
	TOK_WHENPREV  shift 215
	TOK_WHENFIRST  shift 216
	TOK_WHENLAST  shift 217
	.  reduce 107 (src line 1584)


state 526
	vars:  vars TOK_COMMA.var 

	TOK_VARIABLE  shift 88
	.  error

	var  goto 651

state 527
	term:  TOK_FORALL TOK_LPAREN vars TOK_RPAREN.term 

	TOK_PRESYMBOL  shift 63
	TOK_VARIABLE  shift 88
	TOK_LPAREN  shift 78
	TOK_TILDA  shift 81
	TOK_DOLLAR  shift 86
	TOK_FORALL  shift 82
	TOK_EXISTS  shift 83
	TOK_TRUE  shift 79
	TOK_FALSE  shift 80
	TOK_OLD  shift 77
	TOK_GLOBALLY  shift 84
	TOK_EVENTUALLY  shift 85
	.  error

	term  goto 652
	appelem  goto 75
	var  goto 76
	SYMBOLx  goto 87

state 528
	SYMBOLx:  SYMBOLx.TOK_LB SYMsubscr TOK_RB 
	simplevar:  TOK_VARIABLE TOK_COLON SYMBOLx.    (75)

	TOK_LB  shift 190
	.  reduce 75 (src line 1324)


529: shift/reduce conflict (shift 214(0), red'n 108(1)) on TOK_WHENNEXT
529: shift/reduce conflict (shift 215(0), red'n 108(1)) on TOK_WHENPREV
529: shift/reduce conflict (shift 216(0), red'n 108(1)) on TOK_WHENFIRST
529: shift/reduce conflict (shift 217(0), red'n 108(1)) on TOK_WHENLAST
state 529
	term:  term.TOK_DOT appelem 
	term:  term.TOK_PLUS term 
	term:  term.TOK_MINUS term 
	term:  term.TOK_TIMES term 
	term:  term.TOK_DIV term 
	term:  term.TOK_IF fmla TOK_ELSE term 
	term:  term.TOK_EQ term 
	term:  term.TOK_LE term 
	term:  term.TOK_LT term 
	term:  term.TOK_GE term 
	term:  term.TOK_GT term 
	term:  term.TOK_PTO term 
	term:  term.TOK_TILDAEQ term 
	term:  term.TOK_AND term 
	term:  term.TOK_OR term 
	term:  term.TOK_ARROW term 
	term:  term.TOK_IFF term 
	term:  TOK_EXISTS simplevars TOK_DOT term.    (108)
	term:  term.TOK_WHENNEXT term 
	term:  term.TOK_WHENPREV term 
	term:  term.TOK_WHENFIRST term 
	term:  term.TOK_WHENLAST term 
	term:  term.TOK_ISA atype 
	term:  term.TOK_COLON atype 

	TOK_COLON  shift 219
	TOK_DOT  shift 197
	TOK_PLUS  shift 198
	TOK_MINUS  shift 199
	TOK_TIMES  shift 200
	TOK_DIV  shift 201
	TOK_EQ  shift 203
	TOK_TILDAEQ  shift 209
	TOK_LE  shift 204
	TOK_LT  shift 205
	TOK_GE  shift 206
	TOK_GT  shift 207
	TOK_AND  shift 210
	TOK_OR  shift 211
	TOK_ARROW  shift 212
	TOK_IFF  shift 213
	TOK_PTO  shift 208
	TOK_ISA  shift 218
	TOK_IF  shift 202
	TOK_WHENNEXT  shift 214
	TOK_WHENPREV  shift 215
	TOK_WHENFIRST  shift 216
	TOK_WHENLAST  shift 217
	.  reduce 108 (src line 1591)


state 530
	term:  TOK_EXISTS TOK_LPAREN vars TOK_RPAREN.term 

	TOK_PRESYMBOL  shift 63
	TOK_VARIABLE  shift 88
	TOK_LPAREN  shift 78
	TOK_TILDA  shift 81
	TOK_DOLLAR  shift 86
	TOK_FORALL  shift 82
	TOK_EXISTS  shift 83
	TOK_TRUE  shift 79
	TOK_FALSE  shift 80
	TOK_OLD  shift 77
	TOK_GLOBALLY  shift 84
	TOK_EVENTUALLY  shift 85
	.  error

	term  goto 653
	appelem  goto 75
	var  goto 76
	SYMBOLx  goto 87

state 531
	term:  TOK_DOLLAR SYMBOLx TOK_DOT fmla.    (120)

	.  reduce 120 (src line 1665)


state 532
	term:  TOK_DOLLAR SYMBOLx TOK_DOLLAR fmla.    (121)

	.  reduce 121 (src line 1670)


state 533
	appelem:  SYMBOLx TOK_LPAREN terms TOK_RPAREN.    (71)

	.  reduce 71 (src line 1285)


state 534
	terms:  terms TOK_COMMA.term 

	TOK_PRESYMBOL  shift 63
	TOK_VARIABLE  shift 88
	TOK_LPAREN  shift 78
	TOK_TILDA  shift 81
	TOK_DOLLAR  shift 86
	TOK_FORALL  shift 82
	TOK_EXISTS  shift 83
	TOK_TRUE  shift 79
	TOK_FALSE  shift 80
	TOK_OLD  shift 77
	TOK_GLOBALLY  shift 84
	TOK_EVENTUALLY  shift 85
	.  error

	term  goto 654
	appelem  goto 75
	var  goto 76
	SYMBOLx  goto 87

state 535
	top:  top TOK_MODULE modulestart modcat atom optwith.TOK_EQ TOK_LCB top TOK_RCB moduleend 

	TOK_EQ  shift 655
	.  error


state 536
	optwith:  TOK_WITH.callatoms 

	TOK_PRESYMBOL  shift 63
	TOK_THIS  shift 126
	TOK_METHOD  shift 127
	.  error

	SYMBOLx  goto 123
	atom  goto 125
	callatom  goto 153
	callatoms  goto 656

state 537
	top:  top TOK_OBJECT objsym objectargs TOK_EQ TOK_LCB.optdotdotdot top TOK_RCB objectend 
	optdotdotdot: .    (273)

	TOK_DOTDOTDOT  shift 658
	.  reduce 273 (src line 2709)

	optdotdotdot  goto 657

state 538
	optargs:  TOK_LPAREN lparams TOK_RPAREN.    (280)

	.  reduce 280 (src line 2759)


state 539
	lparams:  lparams TOK_COMMA.lparam 

	TOK_PRESYMBOL  shift 63
	TOK_CARET  shift 252
	.  error

	SYMBOLx  goto 251
	lparam  goto 659

state 540
	top:  top TOK_CLASS objsym objectargs TOK_EQ TOK_LCB.optdotdotdot top TOK_RCB objectend 
	optdotdotdot: .    (273)

	TOK_DOTDOTDOT  shift 658
	.  reduce 273 (src line 2709)

	optdotdotdot  goto 660

state 541
	top:  top TOK_SUBCLASS objsym TOK_OF atype TOK_EQ.TOK_LCB optdotdotdot top TOK_RCB objectend 

	TOK_LCB  shift 661
	.  error


state 542
	defnlhs:  dotsym TOK_LPAREN defargs TOK_RPAREN.    (148)

	.  reduce 148 (src line 1877)


state 543
	defargs:  defargs TOK_COMMA.defarg 

	TOK_PRESYMBOL  shift 63
	TOK_VARIABLE  shift 88
	TOK_CARET  shift 252
	.  error

	var  goto 250
	SYMBOLx  goto 251
	defarg  goto 662
	lparam  goto 249

state 544
	defnlhs:  TOK_LPAREN defarg relop defarg.TOK_RPAREN 

	TOK_RPAREN  shift 663
	.  error


state 545
	defnlhs:  TOK_LPAREN defarg infix defarg.TOK_RPAREN 

	TOK_RPAREN  shift 664
	.  error


state 546
	atype:  atype.TOK_DOT SYMBOLx 
	lparam:  SYMBOLx TOK_COLON atype.    (290)

	TOK_DOT  shift 305
	.  reduce 290 (src line 2832)


state 547
	lparam:  TOK_CARET SYMBOLx TOK_COLON.atype 

	TOK_PRESYMBOL  shift 63
	TOK_THIS  shift 142
	.  error

	atype  goto 665
	SYMBOLx  goto 141

state 548
	optproof:  TOK_PROOF labelname proofstep.    (142)

	.  reduce 142 (src line 1830)


state 549
	schdefnrhs:  TOK_LCB schdecls schconc.TOK_RCB 

	TOK_RCB  shift 666
	.  error


state 550
	schdecls:  schdecls schdecl.    (183)

	.  reduce 183 (src line 2126)


state 551
	schconc:  TOK_DEFINITION.defn 

	TOK_PRESYMBOL  shift 63
	TOK_LPAREN  shift 98
	.  error

	SYMBOLx  goto 99
	defn  goto 667
	defnlhs  goto 116
	typeddefn  goto 112
	dotsym  goto 97

state 552
	schdecl:  optexplicit.TOK_PROPERTY lgprop 
	schconc:  optexplicit.TOK_PROPERTY lgprop 

	TOK_PROPERTY  shift 668
	.  error


state 553
	schdecl:  TOK_FUNCTION.funs 

	TOK_PRESYMBOL  shift 63
	TOK_LPAREN  shift 98
	.  error

	SYMBOLx  goto 99
	defnlhs  goto 116
	typeddefn  goto 115
	fun  goto 114
	funs  goto 669
	dotsym  goto 97

state 554
	schdecl:  TOK_FRESH.TOK_FUNCTION funs 
	schdecl:  TOK_FRESH.TOK_INDIV funs 
	schdecl:  TOK_FRESH.TOK_RELATION rels 

	TOK_RELATION  shift 672
	TOK_INDIV  shift 671
	TOK_FUNCTION  shift 670
	.  error


state 555
	schdecl:  TOK_INDIV.funs 

	TOK_PRESYMBOL  shift 63
	TOK_LPAREN  shift 98
	.  error

	SYMBOLx  goto 99
	defnlhs  goto 116
	typeddefn  goto 115
	fun  goto 114
	funs  goto 673
	dotsym  goto 97

state 556
	schdecl:  TOK_RELATION.rels 

	TOK_PRESYMBOL  shift 63
	TOK_LPAREN  shift 98
	.  error

	SYMBOLx  goto 99
	defn  goto 111
	defnlhs  goto 110
	typeddefn  goto 112
	rel  goto 109
	rels  goto 674
	dotsym  goto 97

state 557
	schdecl:  TOK_TYPE.SYMBOLx 

	TOK_PRESYMBOL  shift 63
	.  error

	SYMBOLx  goto 675

state 558
	schdecl:  TOK_THEOREM.lgprop 
	optlabel: .    (136)

	TOK_LABEL  shift 74
	TOK_LB  shift 73
	.  reduce 136 (src line 1793)

	labelname  goto 195
	lgprop  goto 676
	optlabel  goto 337

state 559
	schdecl:  schdefnrhs.    (181)

	.  reduce 181 (src line 2111)


state 560
	proofstep:  TOK_APPLY atype optrenaming.    (438)
	proofstep:  TOK_APPLY atype optrenaming.TOK_WITH matches 

	TOK_WITH  shift 677
	.  reduce 438 (src line 3837)


state 561
	optrenaming:  renaming.    (436)

	.  reduce 436 (src line 3819)


state 562
	renaming:  TOK_LT.renaminglist TOK_GT 

	TOK_PRESYMBOL  shift 63
	TOK_VARIABLE  shift 680
	.  error

	SYMBOLx  goto 681
	renamingitem  goto 679
	renaminglist  goto 678

state 563
	proofstep:  TOK_ASSUME atype optrenaming.    (440)
	proofstep:  TOK_ASSUME atype optrenaming.TOK_WITH matches 

	TOK_WITH  shift 682
	.  reduce 440 (src line 3848)


state 564
	proofstep:  TOK_INSTANTIATE atype optrenaming.    (442)
	proofstep:  TOK_INSTANTIATE atype optrenaming.TOK_WITH matches 

	TOK_WITH  shift 683
	.  reduce 442 (src line 3858)


state 565
	atype:  atype.TOK_DOT SYMBOLx 
	proofstep:  TOK_INSTANTIATE labelname atype.optrenaming 
	optrenaming: .    (435)

	TOK_DOT  shift 305
	TOK_LT  shift 562
	.  reduce 435 (src line 3813)

	renaming  goto 561
	optrenaming  goto 684

state 566
	pflets:  pflets.TOK_COMMA pflet 
	proofstep:  TOK_INSTANTIATE TOK_WITH pflets.    (445)

	TOK_COMMA  shift 573
	.  reduce 445 (src line 3873)


567: shift/reduce conflict (shift 275(0), red'n 422(0)) on TOK_LCB
state 567
	proofstep:  TOK_TACTIC atype opttacticwith.optproofgroup 
	optproofgroup: .    (422)

	TOK_LCB  shift 275
	.  reduce 422 (src line 3728)

	proofgroup  goto 571
	optproofgroup  goto 685

state 568
	opttacticwith:  TOK_WITH.tacticwithlistchoice 
	opttacticwith:  TOK_WITH.TOK_LCB tacticwithlist TOK_RCB 

	TOK_VARIABLE  shift 88
	TOK_LCB  shift 687
	TOK_INVARIANT  shift 691
	TOK_DEFINITION  shift 692
	TOK_TRIGGER  shift 693
	.  error

	var  goto 413
	tacticwithlistchoice  goto 686
	tacticwithelem  goto 690
	tacticwithlist  goto 688
	pflets  goto 689
	pflet  goto 412

state 569
	proofstep:  opttemporal TOK_PROPERTY labeledfmla.optskolem optproofgroup 
	optskolem: .    (138)

	TOK_NAMED  shift 519
	.  reduce 138 (src line 1806)

	optskolem  goto 694

state 570
	proofstep:  TOK_THEOREM lgprop optproofgroup.    (452)

	.  reduce 452 (src line 3916)


state 571
	optproofgroup:  proofgroup.    (423)

	.  reduce 423 (src line 3734)


state 572
	proofstep:  TOK_PROOF labelname proofgroup.    (453)

	.  reduce 453 (src line 3922)


state 573
	pflets:  pflets TOK_COMMA.pflet 

	TOK_VARIABLE  shift 88
	.  error

	var  goto 413
	pflet  goto 695

state 574
	pflet:  var TOK_EQ.fmla 

	TOK_PRESYMBOL  shift 63
	TOK_VARIABLE  shift 88
	TOK_LPAREN  shift 78
	TOK_TILDA  shift 81
	TOK_DOLLAR  shift 86
	TOK_FORALL  shift 82
	TOK_EXISTS  shift 83
	TOK_TRUE  shift 79
	TOK_FALSE  shift 80
	TOK_OLD  shift 77
	TOK_GLOBALLY  shift 84
	TOK_EVENTUALLY  shift 85
	.  error

	term  goto 72
	fmla  goto 696
	appelem  goto 75
	var  goto 76
	SYMBOLx  goto 87

state 575
	proofstep:  TOK_IF fmla proofgroup.TOK_ELSE proofgroup 

	TOK_ELSE  shift 697
	.  error


state 576
	proofstep:  TOK_UNFOLD atype TOK_WITH.callatoms 

	TOK_PRESYMBOL  shift 63
	TOK_THIS  shift 126
	TOK_METHOD  shift 127
	.  error

	SYMBOLx  goto 123
	atom  goto 125
	callatom  goto 153
	callatoms  goto 698

state 577
	callatoms:  callatoms.TOK_COMMA callatom 
	proofstep:  TOK_UNFOLD TOK_WITH callatoms.    (457)

	TOK_COMMA  shift 314
	.  reduce 457 (src line 3944)


state 578
	proofgroup:  TOK_LCB proofseq TOK_RCB.    (420)

	.  reduce 420 (src line 3715)


state 579
	proofseq:  proofseq TOK_SEMI.proofstep 
	opttemporal: .    (130)

	TOK_LCB  shift 275
	TOK_IF  shift 271
	TOK_ASSUME  shift 260
	TOK_LET  shift 270
	TOK_PROOF  shift 269
	TOK_INSTANTIATE  shift 261
	TOK_FUNCTION  shift 267
	TOK_THEOREM  shift 268
	TOK_TEMPORAL  shift 68
	TOK_TACTIC  shift 265
	TOK_SHOWGOALS  shift 262
	TOK_DEFERGOAL  shift 263
	TOK_SPOIL  shift 264
	TOK_UNFOLD  shift 272
	TOK_FORGET  shift 273
	TOK_APPLY  shift 259
	.  reduce 130 (src line 1754)

	opttemporal  goto 266
	proofstep  goto 699
	proofgroup  goto 274

state 580
	proofseq:  proofseq proofstep.    (426)

	.  reduce 426 (src line 3752)


state 581
	modinst:  dotsym TOK_LPAREN pnames TOK_RPAREN.    (314)

	.  reduce 314 (src line 3002)


state 582
	pnames:  pnames TOK_COMMA.pname 

	TOK_PRESYMBOL  shift 63
	TOK_VARIABLE  shift 88
	TOK_PLUS  shift 165
	TOK_MINUS  shift 166
	TOK_TIMES  shift 167
	TOK_DIV  shift 168
	TOK_EQ  shift 159
	TOK_LE  shift 160
	TOK_LT  shift 161
	TOK_GE  shift 162
	TOK_GT  shift 163
	TOK_PTO  shift 164
	TOK_TRUE  shift 430
	TOK_FALSE  shift 431
	TOK_THIS  shift 429
	.  error

	var  goto 426
	atype  goto 425
	SYMBOLx  goto 141
	pname  goto 700
	relop  goto 428
	infix  goto 427

state 583
	somevarfmla:  TOK_SOME simplevar.TOK_DOT fmla optin optelse 

	TOK_DOT  shift 701
	.  error


state 584
	top:  top optfinite optghost TOK_TYPE typesymbol TOK_EQ.sort 

	TOK_LCB  shift 703
	TOK_STRUCT  shift 704
	.  error

	sort  goto 702

state 585
	atom:  SYMBOLx TOK_LPAREN terms TOK_RPAREN.    (249)

	.  reduce 249 (src line 2540)


state 586
	prod:  expr TOK_TIMES.expr 

	TOK_PRESYMBOL  shift 63
	TOK_VARIABLE  shift 88
	TOK_LPAREN  shift 452
	TOK_LCB  shift 449
	TOK_TILDA  shift 451
	.  error

	appelem  goto 455
	var  goto 456
	SYMBOLx  goto 87
	expr  goto 705
	exprterm  goto 450
	prod  goto 453
	sum  goto 454

state 587
	sum:  expr TOK_PLUS.expr 

	TOK_PRESYMBOL  shift 63
	TOK_VARIABLE  shift 88
	TOK_LPAREN  shift 452
	TOK_LCB  shift 449
	TOK_TILDA  shift 451
	.  error

	appelem  goto 455
	var  goto 456
	SYMBOLx  goto 87
	expr  goto 706
	exprterm  goto 450
	prod  goto 453
	sum  goto 454

state 588
	expr:  TOK_LCB fmla.TOK_RCB 

	TOK_RCB  shift 707
	.  error


state 589
	expr:  exprterm relop.exprterm 

	TOK_PRESYMBOL  shift 63
	TOK_VARIABLE  shift 88
	.  error

	appelem  goto 455
	var  goto 456
	SYMBOLx  goto 87
	exprterm  goto 708

state 590
	expr:  exprterm TOK_TILDAEQ.exprterm 

	TOK_PRESYMBOL  shift 63
	TOK_VARIABLE  shift 88
	.  error

	appelem  goto 455
	var  goto 456
	SYMBOLx  goto 87
	exprterm  goto 709

state 591
	expr:  TOK_TILDA expr.    (486)
	prod:  expr.TOK_TIMES expr 
	sum:  expr.TOK_PLUS expr 

	TOK_PLUS  shift 587
	TOK_TIMES  shift 586
	.  reduce 486 (src line 4125)


state 592
	expr:  TOK_LPAREN expr.TOK_RPAREN 
	prod:  expr.TOK_TIMES expr 
	sum:  expr.TOK_PLUS expr 

	TOK_RPAREN  shift 710
	TOK_PLUS  shift 587
	TOK_TIMES  shift 586
	.  error


state 593
	prod:  prod TOK_TIMES.expr 

	TOK_PRESYMBOL  shift 63
	TOK_VARIABLE  shift 88
	TOK_LPAREN  shift 452
	TOK_LCB  shift 449
	TOK_TILDA  shift 451
	.  error

	appelem  goto 455
	var  goto 456
	SYMBOLx  goto 87
	expr  goto 711
	exprterm  goto 450
	prod  goto 453
	sum  goto 454

state 594
	sum:  sum TOK_PLUS.expr 

	TOK_PRESYMBOL  shift 63
	TOK_VARIABLE  shift 88
	TOK_LPAREN  shift 452
	TOK_LCB  shift 449
	TOK_TILDA  shift 451
	.  error

	appelem  goto 455
	var  goto 456
	SYMBOLx  goto 87
	expr  goto 712
	exprterm  goto 450
	prod  goto 453
	sum  goto 454

state 595
	top:  top TOK_UPDATE apps TOK_FROM apps upaxes.    (31)
	upaxes:  upaxes.upax 

	TOK_PARAMS  shift 714
	.  reduce 31 (src line 837)

	upax  goto 713

state 596
	appelem:  SYMBOLx TOK_LPAREN terms TOK_RPAREN.    (71)
	app:  SYMBOLx TOK_LPAREN terms TOK_RPAREN.    (253)

	TOK_COLON  reduce 71 (src line 1285)
	TOK_DOT  reduce 71 (src line 1285)
	TOK_PLUS  reduce 71 (src line 1285)
	TOK_MINUS  reduce 71 (src line 1285)
	TOK_TIMES  reduce 71 (src line 1285)
	TOK_DIV  reduce 71 (src line 1285)
	TOK_EQ  reduce 71 (src line 1285)
	TOK_TILDAEQ  reduce 71 (src line 1285)
	TOK_LE  reduce 71 (src line 1285)
	TOK_LT  reduce 71 (src line 1285)
	TOK_GE  reduce 71 (src line 1285)
	TOK_GT  reduce 71 (src line 1285)
	TOK_AND  reduce 71 (src line 1285)
	TOK_OR  reduce 71 (src line 1285)
	TOK_ARROW  reduce 71 (src line 1285)
	TOK_IFF  reduce 71 (src line 1285)
	TOK_PTO  reduce 71 (src line 1285)
	TOK_ISA  reduce 71 (src line 1285)
	TOK_IF  reduce 71 (src line 1285)
	TOK_WHENNEXT  reduce 71 (src line 1285)
	TOK_WHENPREV  reduce 71 (src line 1285)
	TOK_WHENFIRST  reduce 71 (src line 1285)
	TOK_WHENLAST  reduce 71 (src line 1285)
	.  reduce 253 (src line 2568)


state 597
	sequence:  TOK_LCB TOK_RCB.    (336)

	.  reduce 336 (src line 3149)


state 598
	sequence:  TOK_LCB actseq.TOK_RCB 
	sequence:  TOK_LCB actseq.TOK_SEMI TOK_RCB 

	TOK_RCB  shift 715
	TOK_SEMI  shift 716
	.  error


state 599
	actseq:  actseqrev.    (339)

	.  reduce 339 (src line 3177)


600: shift/reduce conflict (shift 717(1), red'n 340(0)) on TOK_SEMI
state 600
	actseqrev:  simpleact.    (340)
	actseqrev:  simpleact.TOK_SEMI actseqrev 
	actseqrev:  simpleact.TOK_SEMI 

	TOK_SEMI  shift 717
	.  reduce 340 (src line 3189)


601: shift/reduce conflict (shift 719(1), red'n 341(0)) on TOK_SEMI
state 601
	actseqrev:  complexact.    (341)
	actseqrev:  complexact.actseqrev 
	actseqrev:  complexact.TOK_SEMI actseqrev 
	actseqrev:  complexact.TOK_SEMI 
	optunprovable: .    (132)

	TOK_PRESYMBOL  shift 63
	TOK_VARIABLE  shift 88
	TOK_LPAREN  shift 619
	TOK_LCB  shift 462
	TOK_RCB  reduce 341 (src line 3195)
	TOK_SEMI  shift 719
	TOK_DOTDOTDOT  reduce 341 (src line 3195)
	TOK_TILDA  shift 81
	TOK_DOLLAR  shift 86
	TOK_FORALL  shift 82
	TOK_EXISTS  shift 83
	TOK_TRUE  shift 79
	TOK_FALSE  shift 80
	TOK_OLD  shift 77
	TOK_IF  shift 613
	TOK_GLOBALLY  shift 84
	TOK_EVENTUALLY  shift 85
	TOK_ASSUME  shift 602
	TOK_VAR  shift 606
	TOK_LOCAL  shift 616
	TOK_LET  shift 617
	TOK_CALL  shift 607
	TOK_WHILE  shift 614
	TOK_FOR  shift 615
	TOK_DEBUG  shift 611
	TOK_THUNK  shift 618
	TOK_UNPROVABLE  shift 610
	TOK_INSTANTIATE  shift 609
	TOK_SET  shift 608
	.  reduce 132 (src line 1767)

	term  goto 604
	appelem  goto 75
	var  goto 76
	SYMBOLx  goto 87
	optunprovable  goto 603
	simpleact  goto 600
	complexact  goto 601
	sequence  goto 612
	actseqrev  goto 718
	termtuple  goto 605

state 602
	simpleact:  TOK_ASSUME.labeledfmla 

	TOK_PRESYMBOL  shift 63
	TOK_VARIABLE  shift 88
	TOK_LABEL  shift 74
	TOK_LPAREN  shift 78
	TOK_LB  shift 73
	TOK_TILDA  shift 81
	TOK_DOLLAR  shift 86
	TOK_FORALL  shift 82
	TOK_EXISTS  shift 83
	TOK_TRUE  shift 79
	TOK_FALSE  shift 80
	TOK_OLD  shift 77
	TOK_GLOBALLY  shift 84
	TOK_EVENTUALLY  shift 85
	.  error

	term  goto 72
	fmla  goto 70
	appelem  goto 75
	var  goto 76
	SYMBOLx  goto 87
	labelname  goto 71
	labeledfmla  goto 720

state 603
	simpleact:  optunprovable.TOK_ASSERT labeledfmla 
	simpleact:  optunprovable.TOK_ASSERT labeledfmla TOK_PROOF proofstep 
	simpleact:  optunprovable.TOK_REQUIRE labeledfmla 
	simpleact:  optunprovable.TOK_REQUIRE labeledfmla TOK_PROOF proofstep 
	simpleact:  optunprovable.TOK_ENSURE labeledfmla 
	simpleact:  optunprovable.TOK_ENSURE labeledfmla TOK_PROOF proofstep 

	TOK_ASSERT  shift 721
	TOK_REQUIRE  shift 722
	TOK_ENSURE  shift 723
	.  error


state 604
	term:  term.TOK_DOT appelem 
	term:  term.TOK_PLUS term 
	term:  term.TOK_MINUS term 
	term:  term.TOK_TIMES term 
	term:  term.TOK_DIV term 
	term:  term.TOK_IF fmla TOK_ELSE term 
	term:  term.TOK_EQ term 
	term:  term.TOK_LE term 
	term:  term.TOK_LT term 
	term:  term.TOK_GE term 
	term:  term.TOK_GT term 
	term:  term.TOK_PTO term 
	term:  term.TOK_TILDAEQ term 
	term:  term.TOK_AND term 
	term:  term.TOK_OR term 
	term:  term.TOK_ARROW term 
	term:  term.TOK_IFF term 
	term:  term.TOK_WHENNEXT term 
	term:  term.TOK_WHENPREV term 
	term:  term.TOK_WHENFIRST term 
	term:  term.TOK_WHENLAST term 
	term:  term.TOK_ISA atype 
	term:  term.TOK_COLON atype 
	simpleact:  term.TOK_ASSIGN fmla 
	simpleact:  term.TOK_ASSIGN TOK_TIMES 
	simpleact:  term.    (367)

	TOK_COLON  shift 219
	TOK_DOT  shift 197
	TOK_PLUS  shift 198
	TOK_MINUS  shift 199
	TOK_TIMES  shift 200
	TOK_DIV  shift 201
	TOK_EQ  shift 203
	TOK_TILDAEQ  shift 209
	TOK_LE  shift 204
	TOK_LT  shift 205
	TOK_GE  shift 206
	TOK_GT  shift 207
	TOK_AND  shift 210
	TOK_OR  shift 211
	TOK_ARROW  shift 212
	TOK_IFF  shift 213
	TOK_PTO  shift 208
	TOK_ASSIGN  shift 724
	TOK_ISA  shift 218
	TOK_IF  shift 202
	TOK_WHENNEXT  shift 214
	TOK_WHENPREV  shift 215
	TOK_WHENFIRST  shift 216
	TOK_WHENLAST  shift 217
	.  reduce 367 (src line 3344)


state 605
	simpleact:  termtuple.TOK_ASSIGN callatom 

	TOK_ASSIGN  shift 725
	.  error


state 606
	simpleact:  TOK_VAR.tterm 
	simpleact:  TOK_VAR.tterm TOK_ASSIGN fmla 

	TOK_PRESYMBOL  shift 63
	TOK_LPAREN  shift 183
	TOK_CARET  shift 182
	.  error

	SYMBOLx  goto 181
	tapp  goto 180
	tterm  goto 726

607: shift/reduce conflict (shift 63(0), red'n 283(0)) on TOK_PRESYMBOL
607: shift/reduce conflict (shift 126(0), red'n 283(0)) on TOK_THIS
607: shift/reduce conflict (shift 127(0), red'n 283(0)) on TOK_METHOD
state 607
	simpleact:  TOK_CALL.optactualreturns callatom 
	simpleact:  TOK_CALL.callatom 
	optactualreturns: .    (283)

	TOK_PRESYMBOL  shift 63
	TOK_THIS  shift 126
	TOK_METHOD  shift 127
	.  error

	SYMBOLx  goto 123
	optactualreturns  goto 727
	atom  goto 125
	callatom  goto 728
	callatoms  goto 729

state 608
	simpleact:  TOK_SET.lit 

	TOK_PRESYMBOL  shift 63
	TOK_TILDA  shift 732
	.  error

	SYMBOLx  goto 123
	atom  goto 731
	lit  goto 730

state 609
	simpleact:  TOK_INSTANTIATE.callatom 

	TOK_PRESYMBOL  shift 63
	TOK_THIS  shift 126
	TOK_METHOD  shift 127
	.  error

	SYMBOLx  goto 123
	atom  goto 125
	callatom  goto 733

 610: reduce/reduce conflict  (red'ns 133 and 132) on TOK_ASSERT
 610: reduce/reduce conflict  (red'ns 133 and 132) on TOK_REQUIRE
 610: reduce/reduce conflict  (red'ns 133 and 132) on TOK_ENSURE
state 610
	optunprovable:  TOK_UNPROVABLE.    (133)
	simpleact:  TOK_UNPROVABLE.simpleact 
	optunprovable: .    (132)

	TOK_PRESYMBOL  shift 63
	TOK_VARIABLE  shift 88
	TOK_LPAREN  shift 619
	TOK_TILDA  shift 81
	TOK_DOLLAR  shift 86
	TOK_FORALL  shift 82
	TOK_EXISTS  shift 83
	TOK_TRUE  shift 79
	TOK_FALSE  shift 80
	TOK_OLD  shift 77
	TOK_GLOBALLY  shift 84
	TOK_EVENTUALLY  shift 85
	TOK_ASSUME  shift 602
	TOK_VAR  shift 606
	TOK_CALL  shift 607
	TOK_DEBUG  shift 611
	TOK_UNPROVABLE  shift 610
	TOK_INSTANTIATE  shift 609
	TOK_SET  shift 608
	.  reduce 132 (src line 1767)

	term  goto 604
	appelem  goto 75
	var  goto 76
	SYMBOLx  goto 87
	optunprovable  goto 603
	simpleact  goto 734
	termtuple  goto 605

state 611
	simpleact:  TOK_DEBUG.SYMBOLx optdebugargs 

	TOK_PRESYMBOL  shift 63
	.  error

	SYMBOLx  goto 735

state 612
	complexact:  sequence.    (374)

	.  reduce 374 (src line 3398)


state 613
	complexact:  TOK_IF.somefmla sequence 
	complexact:  TOK_IF.somefmla sequence TOK_ELSE action 
	complexact:  TOK_IF.TOK_TIMES sequence TOK_ELSE action 

	TOK_PRESYMBOL  shift 63
	TOK_VARIABLE  shift 88
	TOK_LPAREN  shift 78
	TOK_TIMES  shift 737
	TOK_TILDA  shift 81
	TOK_DOLLAR  shift 86
	TOK_FORALL  shift 82
	TOK_EXISTS  shift 83
	TOK_TRUE  shift 79
	TOK_FALSE  shift 80
	TOK_OLD  shift 77
	TOK_GLOBALLY  shift 84
	TOK_EVENTUALLY  shift 85
	TOK_SOME  shift 739
	.  error

	term  goto 72
	fmla  goto 738
	appelem  goto 75
	var  goto 76
	SYMBOLx  goto 87
	somefmla  goto 736

state 614
	complexact:  TOK_WHILE.somefmla invariants decreases sequence 

	TOK_PRESYMBOL  shift 63
	TOK_VARIABLE  shift 88
	TOK_LPAREN  shift 78
	TOK_TILDA  shift 81
	TOK_DOLLAR  shift 86
	TOK_FORALL  shift 82
	TOK_EXISTS  shift 83
	TOK_TRUE  shift 79
	TOK_FALSE  shift 80
	TOK_OLD  shift 77
	TOK_GLOBALLY  shift 84
	TOK_EVENTUALLY  shift 85
	TOK_SOME  shift 739
	.  error

	term  goto 72
	fmla  goto 738
	appelem  goto 75
	var  goto 76
	SYMBOLx  goto 87
	somefmla  goto 740

state 615
	complexact:  TOK_FOR.tterm TOK_COMMA tterm TOK_IN fmla invariants decreases sequence 

	TOK_PRESYMBOL  shift 63
	TOK_LPAREN  shift 183
	TOK_CARET  shift 182
	.  error

	SYMBOLx  goto 181
	tapp  goto 180
	tterm  goto 741

state 616
	complexact:  TOK_LOCAL.lparams sequence 

	TOK_PRESYMBOL  shift 63
	TOK_CARET  shift 252
	.  error

	SYMBOLx  goto 251
	lparam  goto 385
	lparams  goto 742

state 617
	complexact:  TOK_LET.eqns sequence 

	TOK_PRESYMBOL  shift 63
	.  error

	SYMBOLx  goto 745
	eqn  goto 744
	eqns  goto 743

state 618
	complexact:  TOK_THUNK.labelname SYMBOLx optargs TOK_COLON atype TOK_ASSIGN sequence 

	TOK_LABEL  shift 74
	TOK_LB  shift 73
	.  error

	labelname  goto 746

state 619
	term:  TOK_LPAREN.term TOK_RPAREN 
	term:  TOK_LPAREN.TOK_DOLLAR SYMBOLx simplevars TOK_DOT fmla TOK_RPAREN TOK_LPAREN terms TOK_RPAREN 
	termtuple:  TOK_LPAREN.term TOK_COMMA terms TOK_RPAREN 

	TOK_PRESYMBOL  shift 63
	TOK_VARIABLE  shift 88
	TOK_LPAREN  shift 78
	TOK_TILDA  shift 81
	TOK_DOLLAR  shift 223
	TOK_FORALL  shift 82
	TOK_EXISTS  shift 83
	TOK_TRUE  shift 79
	TOK_FALSE  shift 80
	TOK_OLD  shift 77
	TOK_GLOBALLY  shift 84
	TOK_EVENTUALLY  shift 85
	.  error

	term  goto 747
	appelem  goto 75
	var  goto 76
	SYMBOLx  goto 87

state 620
	top:  top optimpex actmeth SYMBOLx optargs optreturns.optactiondef 
	optactiondef: .    (294)

	TOK_EQ  shift 749
	.  reduce 294 (src line 2867)

	optactiondef  goto 748

state 621
	top:  top TOK_BEFORE atype optargs optreturns sequence.    (36)

	.  reduce 36 (src line 898)


state 622
	optreturns:  TOK_RETURNS TOK_LPAREN.lparams TOK_RPAREN 

	TOK_PRESYMBOL  shift 63
	TOK_CARET  shift 252
	.  error

	SYMBOLx  goto 251
	lparam  goto 385
	lparams  goto 750

state 623
	top:  top TOK_AFTER atype optargs optreturns topseq.    (37)

	.  reduce 37 (src line 907)


state 624
	topseq:  TOK_LCB TOK_NATIVEQUOTE.TOK_RCB 

	TOK_RCB  shift 751
	.  error


state 625
	top:  top TOK_AROUND atype optargs optreturns TOK_LCB.actseq optsemi TOK_DOTDOTDOT actseq optsemi TOK_RCB 
	optunprovable: .    (132)

	TOK_PRESYMBOL  shift 63
	TOK_VARIABLE  shift 88
	TOK_LPAREN  shift 619
	TOK_LCB  shift 462
	TOK_TILDA  shift 81
	TOK_DOLLAR  shift 86
	TOK_FORALL  shift 82
	TOK_EXISTS  shift 83
	TOK_TRUE  shift 79
	TOK_FALSE  shift 80
	TOK_OLD  shift 77
	TOK_IF  shift 613
	TOK_GLOBALLY  shift 84
	TOK_EVENTUALLY  shift 85
	TOK_ASSUME  shift 602
	TOK_VAR  shift 606
	TOK_LOCAL  shift 616
	TOK_LET  shift 617
	TOK_CALL  shift 607
	TOK_WHILE  shift 614
	TOK_FOR  shift 615
	TOK_DEBUG  shift 611
	TOK_THUNK  shift 618
	TOK_UNPROVABLE  shift 610
	TOK_INSTANTIATE  shift 609
	TOK_SET  shift 608
	.  reduce 132 (src line 1767)

	term  goto 604
	appelem  goto 75
	var  goto 76
	SYMBOLx  goto 87
	optunprovable  goto 603
	simpleact  goto 600
	complexact  goto 601
	sequence  goto 612
	actseq  goto 752
	actseqrev  goto 599
	termtuple  goto 605

state 626
	top:  top TOK_IMPLEMENT atype optargs optreturns topseq.    (40)

	.  reduce 40 (src line 958)


state 627
	top:  top TOK_IMPLEMENT TOK_TYPE SYMBOLx TOK_WITH SYMBOLx.    (41)
	SYMBOLx:  SYMBOLx.TOK_LB SYMsubscr TOK_RB 

	TOK_LB  shift 190
	.  reduce 41 (src line 967)


state 628
	top:  top opttrusted TOK_ISOLATE SYMBOLx optargs TOK_EQ.callatoms 
	top:  top opttrusted TOK_ISOLATE SYMBOLx optargs TOK_EQ.callatoms TOK_WITH callatoms 
	top:  top opttrusted TOK_ISOLATE SYMBOLx optargs TOK_EQ.TOK_LCB top TOK_RCB optwith 

	TOK_PRESYMBOL  shift 63
	TOK_LCB  shift 754
	TOK_THIS  shift 126
	TOK_METHOD  shift 127
	.  error

	SYMBOLx  goto 123
	atom  goto 125
	callatom  goto 153
	callatoms  goto 753

state 629
	top:  top TOK_EXTRACT objsym objectargs TOK_EQ TOK_LCB.top TOK_RCB optwith 
	top: .    (1)

	.  reduce 1 (src line 481)

	top  goto 755

state 630
	top:  top TOK_EXTRACT objsym objectargs TOK_EQ callatoms.    (46)
	callatoms:  callatoms.TOK_COMMA callatom 

	TOK_COMMA  shift 314
	.  reduce 46 (src line 1032)


state 631
	top:  top TOK_INTERPRET oper TOK_ARROW TOK_LCB term.TOK_DOTS term TOK_RCB 
	term:  term.TOK_DOT appelem 
	term:  term.TOK_PLUS term 
	term:  term.TOK_MINUS term 
	term:  term.TOK_TIMES term 
	term:  term.TOK_DIV term 
	term:  term.TOK_IF fmla TOK_ELSE term 
	term:  term.TOK_EQ term 
	term:  term.TOK_LE term 
	term:  term.TOK_LT term 
	term:  term.TOK_GE term 
	term:  term.TOK_GT term 
	term:  term.TOK_PTO term 
	term:  term.TOK_TILDAEQ term 
	term:  term.TOK_AND term 
	term:  term.TOK_OR term 
	term:  term.TOK_ARROW term 
	term:  term.TOK_IFF term 
	term:  term.TOK_WHENNEXT term 
	term:  term.TOK_WHENPREV term 
	term:  term.TOK_WHENFIRST term 
	term:  term.TOK_WHENLAST term 
	term:  term.TOK_ISA atype 
	term:  term.TOK_COLON atype 

	TOK_COLON  shift 219
	TOK_DOT  shift 197
	TOK_DOTS  shift 756
	TOK_PLUS  shift 198
	TOK_MINUS  shift 199
	TOK_TIMES  shift 200
	TOK_DIV  shift 201
	TOK_EQ  shift 203
	TOK_TILDAEQ  shift 209
	TOK_LE  shift 204
	TOK_LT  shift 205
	TOK_GE  shift 206
	TOK_GT  shift 207
	TOK_AND  shift 210
	TOK_OR  shift 211
	TOK_ARROW  shift 212
	TOK_IFF  shift 213
	TOK_PTO  shift 208
	TOK_ISA  shift 218
	TOK_IF  shift 202
	TOK_WHENNEXT  shift 214
	TOK_WHENPREV  shift 215
	TOK_WHENFIRST  shift 216
	TOK_WHENLAST  shift 217
	.  error


state 632
	top:  top TOK_INTERPRET oper TOK_ARROW TOK_LCB SYMBOLx.moresymbols TOK_RCB 
	SYMBOLx:  SYMBOLx.TOK_LB SYMsubscr TOK_RB 
	appelem:  SYMBOLx.    (70)
	appelem:  SYMBOLx.TOK_LPAREN terms TOK_RPAREN 
	moresymbols: .    (332)

	TOK_LPAREN  shift 234
	TOK_LB  shift 190
	TOK_RCB  reduce 332 (src line 3115)
	TOK_COMMA  reduce 332 (src line 3115)
	.  reduce 70 (src line 1277)

	moresymbols  goto 757

state 633
	top:  top TOK_VARIANT typesymbol TOK_OF atype TOK_EQ.sort 

	TOK_LCB  shift 703
	TOK_STRUCT  shift 704
	.  error

	sort  goto 758

state 634
	top:  top TOK_SCENARIO TOK_LCB sceninit TOK_SEMI scentranss.TOK_RCB 
	scentranss:  scentranss.scentrans 

	TOK_PRESYMBOL  shift 63
	TOK_RCB  shift 759
	.  error

	SYMBOLx  goto 490
	scentrans  goto 760
	places  goto 761

state 635
	places:  places TOK_COMMA.SYMBOLx 

	TOK_PRESYMBOL  shift 63
	.  error

	SYMBOLx  goto 762

state 636
	state_expr:  state_expr TOK_OR.state_expr 

	TOK_PRESYMBOL  shift 63
	TOK_LCB  shift 496
	TOK_TRUE  shift 493
	TOK_FALSE  shift 494
	TOK_ENTRY  shift 497
	.  error

	SYMBOLx  goto 495
	state_expr  goto 763

state 637
	state_expr:  SYMBOLx TOK_LPAREN.state_expr TOK_RPAREN 

	TOK_PRESYMBOL  shift 63
	TOK_LCB  shift 496
	TOK_TRUE  shift 493
	TOK_FALSE  shift 494
	TOK_ENTRY  shift 497
	.  error

	SYMBOLx  goto 495
	state_expr  goto 764

state 638
	state_expr:  TOK_LCB requires.modifies ensures TOK_RCB 
	modifies: .    (463)

	TOK_MODIFIES  shift 766
	.  reduce 463 (src line 3986)

	modifies  goto 765

state 639
	requires:  TOK_REQUIRES.fmla 

	TOK_PRESYMBOL  shift 63
	TOK_VARIABLE  shift 88
	TOK_LPAREN  shift 78
	TOK_TILDA  shift 81
	TOK_DOLLAR  shift 86
	TOK_FORALL  shift 82
	TOK_EXISTS  shift 83
	TOK_TRUE  shift 79
	TOK_FALSE  shift 80
	TOK_OLD  shift 77
	TOK_GLOBALLY  shift 84
	TOK_EVENTUALLY  shift 85
	.  error

	term  goto 72
	fmla  goto 767
	appelem  goto 75
	var  goto 76
	SYMBOLx  goto 87

state 640
	assert_rhs:  TOK_LCB requires.modifies ensures TOK_RCB 
	modifies: .    (463)

	TOK_MODIFIES  shift 766
	.  reduce 463 (src line 3986)

	modifies  goto 768

state 641
	targs:  TOK_LPAREN tsyms TOK_RPAREN.    (209)

	.  reduce 209 (src line 2308)


state 642
	tsyms:  tsyms TOK_COMMA.var 

	TOK_VARIABLE  shift 88
	.  error

	var  goto 769

state 643
	atype:  atype.TOK_DOT SYMBOLx 
	tterm:  TOK_CARET SYMBOLx TOK_COLON atype.    (205)

	TOK_DOT  shift 305
	.  reduce 205 (src line 2280)


state 644
	tapp:  TOK_LPAREN var infix var.TOK_RPAREN 

	TOK_RPAREN  shift 770
	.  error


state 645
	SYMBOLx:  SYMBOLx.TOK_LB SYMsubscr TOK_RB 
	SYMsubscr:  SYMsubscr TOK_DOT SYMBOLx.    (66)

	TOK_LB  shift 190
	.  reduce 66 (src line 1236)


state 646
	top:  top optexplicit opttemporal TOK_PROPERTY labeledfmla optskolem optproof.    (5)

	.  reduce 5 (src line 542)


state 647
	optskolem:  TOK_NAMED defnlhs.    (139)

	.  reduce 139 (src line 1812)


state 648
	gdefn:  TOK_LCB defn TOK_RCB.    (164)

	.  reduce 164 (src line 1989)


649: shift/reduce conflict (shift 214(0), red'n 92(10)) on TOK_WHENNEXT
649: shift/reduce conflict (shift 215(0), red'n 92(10)) on TOK_WHENPREV
649: shift/reduce conflict (shift 216(0), red'n 92(10)) on TOK_WHENFIRST
649: shift/reduce conflict (shift 217(0), red'n 92(10)) on TOK_WHENLAST
state 649
	term:  term.TOK_DOT appelem 
	term:  term.TOK_PLUS term 
	term:  term.TOK_MINUS term 
	term:  term.TOK_TIMES term 
	term:  term.TOK_DIV term 
	term:  term.TOK_IF fmla TOK_ELSE term 
	term:  term TOK_IF fmla TOK_ELSE term.    (92)
	term:  term.TOK_EQ term 
	term:  term.TOK_LE term 
	term:  term.TOK_LT term 
	term:  term.TOK_GE term 
	term:  term.TOK_GT term 
	term:  term.TOK_PTO term 
	term:  term.TOK_TILDAEQ term 
	term:  term.TOK_AND term 
	term:  term.TOK_OR term 
	term:  term.TOK_ARROW term 
	term:  term.TOK_IFF term 
	term:  term.TOK_WHENNEXT term 
	term:  term.TOK_WHENPREV term 
	term:  term.TOK_WHENFIRST term 
	term:  term.TOK_WHENLAST term 
	term:  term.TOK_ISA atype 
	term:  term.TOK_COLON atype 

	TOK_COLON  shift 219
	TOK_DOT  shift 197
	TOK_PLUS  shift 198
	TOK_MINUS  shift 199
	TOK_TIMES  shift 200
	TOK_DIV  shift 201
	TOK_WHENNEXT  shift 214
	TOK_WHENPREV  shift 215
	TOK_WHENFIRST  shift 216
	TOK_WHENLAST  shift 217
	.  reduce 92 (src line 1464)


state 650
	term:  TOK_LPAREN TOK_DOLLAR SYMBOLx simplevars TOK_DOT.fmla TOK_RPAREN TOK_LPAREN terms TOK_RPAREN 

	TOK_PRESYMBOL  shift 63
	TOK_VARIABLE  shift 88
	TOK_LPAREN  shift 78
	TOK_TILDA  shift 81
	TOK_DOLLAR  shift 86
	TOK_FORALL  shift 82
	TOK_EXISTS  shift 83
	TOK_TRUE  shift 79
	TOK_FALSE  shift 80
	TOK_OLD  shift 77
	TOK_GLOBALLY  shift 84
	TOK_EVENTUALLY  shift 85
	.  error

	term  goto 72
	fmla  goto 771
	appelem  goto 75
	var  goto 76
	SYMBOLx  goto 87

state 651
	vars:  vars TOK_COMMA var.    (77)

	.  reduce 77 (src line 1340)


652: shift/reduce conflict (shift 219(11), red'n 109(0)) on TOK_COLON
652: shift/reduce conflict (shift 197(16), red'n 109(0)) on TOK_DOT
652: shift/reduce conflict (shift 198(12), red'n 109(0)) on TOK_PLUS
652: shift/reduce conflict (shift 199(12), red'n 109(0)) on TOK_MINUS
652: shift/reduce conflict (shift 200(13), red'n 109(0)) on TOK_TIMES
652: shift/reduce conflict (shift 201(13), red'n 109(0)) on TOK_DIV
652: shift/reduce conflict (shift 203(7), red'n 109(0)) on TOK_EQ
652: shift/reduce conflict (shift 209(8), red'n 109(0)) on TOK_TILDAEQ
652: shift/reduce conflict (shift 204(7), red'n 109(0)) on TOK_LE
652: shift/reduce conflict (shift 205(7), red'n 109(0)) on TOK_LT
652: shift/reduce conflict (shift 206(7), red'n 109(0)) on TOK_GE
652: shift/reduce conflict (shift 207(7), red'n 109(0)) on TOK_GT
652: shift/reduce conflict (shift 210(5), red'n 109(0)) on TOK_AND
652: shift/reduce conflict (shift 211(4), red'n 109(0)) on TOK_OR
652: shift/reduce conflict (shift 212(3), red'n 109(0)) on TOK_ARROW
652: shift/reduce conflict (shift 213(3), red'n 109(0)) on TOK_IFF
652: shift/reduce conflict (shift 208(7), red'n 109(0)) on TOK_PTO
652: shift/reduce conflict (shift 218(7), red'n 109(0)) on TOK_ISA
652: shift/reduce conflict (shift 202(9), red'n 109(0)) on TOK_IF
652: shift/reduce conflict (shift 214(0), red'n 109(0)) on TOK_WHENNEXT
652: shift/reduce conflict (shift 215(0), red'n 109(0)) on TOK_WHENPREV
652: shift/reduce conflict (shift 216(0), red'n 109(0)) on TOK_WHENFIRST
652: shift/reduce conflict (shift 217(0), red'n 109(0)) on TOK_WHENLAST
state 652
	term:  term.TOK_DOT appelem 
	term:  term.TOK_PLUS term 
	term:  term.TOK_MINUS term 
	term:  term.TOK_TIMES term 
	term:  term.TOK_DIV term 
	term:  term.TOK_IF fmla TOK_ELSE term 
	term:  term.TOK_EQ term 
	term:  term.TOK_LE term 
	term:  term.TOK_LT term 
	term:  term.TOK_GE term 
	term:  term.TOK_GT term 
	term:  term.TOK_PTO term 
	term:  term.TOK_TILDAEQ term 
	term:  term.TOK_AND term 
	term:  term.TOK_OR term 
	term:  term.TOK_ARROW term 
	term:  term.TOK_IFF term 
	term:  TOK_FORALL TOK_LPAREN vars TOK_RPAREN term.    (109)
	term:  term.TOK_WHENNEXT term 
	term:  term.TOK_WHENPREV term 
	term:  term.TOK_WHENFIRST term 
	term:  term.TOK_WHENLAST term 
	term:  term.TOK_ISA atype 
	term:  term.TOK_COLON atype 

	TOK_COLON  shift 219
	TOK_DOT  shift 197
	TOK_PLUS  shift 198
	TOK_MINUS  shift 199
	TOK_TIMES  shift 200
	TOK_DIV  shift 201
	TOK_EQ  shift 203
	TOK_TILDAEQ  shift 209
	TOK_LE  shift 204
	TOK_LT  shift 205
	TOK_GE  shift 206
	TOK_GT  shift 207
	TOK_AND  shift 210
	TOK_OR  shift 211
	TOK_ARROW  shift 212
	TOK_IFF  shift 213
	TOK_PTO  shift 208
	TOK_ISA  shift 218
	TOK_IF  shift 202
	TOK_WHENNEXT  shift 214
	TOK_WHENPREV  shift 215
	TOK_WHENFIRST  shift 216
	TOK_WHENLAST  shift 217
	.  reduce 109 (src line 1598)


653: shift/reduce conflict (shift 219(11), red'n 110(0)) on TOK_COLON
653: shift/reduce conflict (shift 197(16), red'n 110(0)) on TOK_DOT
653: shift/reduce conflict (shift 198(12), red'n 110(0)) on TOK_PLUS
653: shift/reduce conflict (shift 199(12), red'n 110(0)) on TOK_MINUS
653: shift/reduce conflict (shift 200(13), red'n 110(0)) on TOK_TIMES
653: shift/reduce conflict (shift 201(13), red'n 110(0)) on TOK_DIV
653: shift/reduce conflict (shift 203(7), red'n 110(0)) on TOK_EQ
653: shift/reduce conflict (shift 209(8), red'n 110(0)) on TOK_TILDAEQ
653: shift/reduce conflict (shift 204(7), red'n 110(0)) on TOK_LE
653: shift/reduce conflict (shift 205(7), red'n 110(0)) on TOK_LT
653: shift/reduce conflict (shift 206(7), red'n 110(0)) on TOK_GE
653: shift/reduce conflict (shift 207(7), red'n 110(0)) on TOK_GT
653: shift/reduce conflict (shift 210(5), red'n 110(0)) on TOK_AND
653: shift/reduce conflict (shift 211(4), red'n 110(0)) on TOK_OR
653: shift/reduce conflict (shift 212(3), red'n 110(0)) on TOK_ARROW
653: shift/reduce conflict (shift 213(3), red'n 110(0)) on TOK_IFF
653: shift/reduce conflict (shift 208(7), red'n 110(0)) on TOK_PTO
653: shift/reduce conflict (shift 218(7), red'n 110(0)) on TOK_ISA
653: shift/reduce conflict (shift 202(9), red'n 110(0)) on TOK_IF
653: shift/reduce conflict (shift 214(0), red'n 110(0)) on TOK_WHENNEXT
653: shift/reduce conflict (shift 215(0), red'n 110(0)) on TOK_WHENPREV
653: shift/reduce conflict (shift 216(0), red'n 110(0)) on TOK_WHENFIRST
653: shift/reduce conflict (shift 217(0), red'n 110(0)) on TOK_WHENLAST
state 653
	term:  term.TOK_DOT appelem 
	term:  term.TOK_PLUS term 
	term:  term.TOK_MINUS term 
	term:  term.TOK_TIMES term 
	term:  term.TOK_DIV term 
	term:  term.TOK_IF fmla TOK_ELSE term 
	term:  term.TOK_EQ term 
	term:  term.TOK_LE term 
	term:  term.TOK_LT term 
	term:  term.TOK_GE term 
	term:  term.TOK_GT term 
	term:  term.TOK_PTO term 
	term:  term.TOK_TILDAEQ term 
	term:  term.TOK_AND term 
	term:  term.TOK_OR term 
	term:  term.TOK_ARROW term 
	term:  term.TOK_IFF term 
	term:  TOK_EXISTS TOK_LPAREN vars TOK_RPAREN term.    (110)
	term:  term.TOK_WHENNEXT term 
	term:  term.TOK_WHENPREV term 
	term:  term.TOK_WHENFIRST term 
	term:  term.TOK_WHENLAST term 
	term:  term.TOK_ISA atype 
	term:  term.TOK_COLON atype 

	TOK_COLON  shift 219
	TOK_DOT  shift 197
	TOK_PLUS  shift 198
	TOK_MINUS  shift 199
	TOK_TIMES  shift 200
	TOK_DIV  shift 201
	TOK_EQ  shift 203
	TOK_TILDAEQ  shift 209
	TOK_LE  shift 204
	TOK_LT  shift 205
	TOK_GE  shift 206
	TOK_GT  shift 207
	TOK_AND  shift 210
	TOK_OR  shift 211
	TOK_ARROW  shift 212
	TOK_IFF  shift 213
	TOK_PTO  shift 208
	TOK_ISA  shift 218
	TOK_IF  shift 202
	TOK_WHENNEXT  shift 214
	TOK_WHENPREV  shift 215
	TOK_WHENFIRST  shift 216
	TOK_WHENLAST  shift 217
	.  reduce 110 (src line 1605)


654: shift/reduce conflict (shift 212(3), red'n 82(0)) on TOK_ARROW
654: shift/reduce conflict (shift 202(9), red'n 82(0)) on TOK_IF
state 654
	terms:  terms TOK_COMMA term.    (82)
	term:  term.TOK_DOT appelem 
	term:  term.TOK_PLUS term 
	term:  term.TOK_MINUS term 
	term:  term.TOK_TIMES term 
	term:  term.TOK_DIV term 
	term:  term.TOK_IF fmla TOK_ELSE term 
	term:  term.TOK_EQ term 
	term:  term.TOK_LE term 
	term:  term.TOK_LT term 
	term:  term.TOK_GE term 
	term:  term.TOK_GT term 
	term:  term.TOK_PTO term 
	term:  term.TOK_TILDAEQ term 
	term:  term.TOK_AND term 
	term:  term.TOK_OR term 
	term:  term.TOK_ARROW term 
	term:  term.TOK_IFF term 
	term:  term.TOK_WHENNEXT term 
	term:  term.TOK_WHENPREV term 
	term:  term.TOK_WHENFIRST term 
	term:  term.TOK_WHENLAST term 
	term:  term.TOK_ISA atype 
	term:  term.TOK_COLON atype 

	TOK_COLON  shift 219
	TOK_DOT  shift 197
	TOK_PLUS  shift 198
	TOK_MINUS  shift 199
	TOK_TIMES  shift 200
	TOK_DIV  shift 201
	TOK_EQ  shift 203
	TOK_TILDAEQ  shift 209
	TOK_LE  shift 204
	TOK_LT  shift 205
	TOK_GE  shift 206
	TOK_GT  shift 207
	TOK_AND  shift 210
	TOK_OR  shift 211
	TOK_ARROW  shift 212
	TOK_IFF  shift 213
	TOK_PTO  shift 208
	TOK_ISA  shift 218
	TOK_IF  shift 202
	TOK_WHENNEXT  shift 214
	TOK_WHENPREV  shift 215
	TOK_WHENFIRST  shift 216
	TOK_WHENLAST  shift 217
	.  reduce 82 (src line 1375)


state 655
	top:  top TOK_MODULE modulestart modcat atom optwith TOK_EQ.TOK_LCB top TOK_RCB moduleend 

	TOK_LCB  shift 772
	.  error


state 656
	callatoms:  callatoms.TOK_COMMA callatom 
	optwith:  TOK_WITH callatoms.    (289)

	TOK_COMMA  shift 314
	.  reduce 289 (src line 2821)


state 657
	top:  top TOK_OBJECT objsym objectargs TOK_EQ TOK_LCB optdotdotdot.top TOK_RCB objectend 
	top: .    (1)

	.  reduce 1 (src line 481)

	top  goto 773

state 658
	optdotdotdot:  TOK_DOTDOTDOT.    (274)

	.  reduce 274 (src line 2715)


state 659
	lparams:  lparams TOK_COMMA lparam.    (293)

	.  reduce 293 (src line 2856)


state 660
	top:  top TOK_CLASS objsym objectargs TOK_EQ TOK_LCB optdotdotdot.top TOK_RCB objectend 
	top: .    (1)

	.  reduce 1 (src line 481)

	top  goto 774

state 661
	top:  top TOK_SUBCLASS objsym TOK_OF atype TOK_EQ TOK_LCB.optdotdotdot top TOK_RCB objectend 
	optdotdotdot: .    (273)

	TOK_DOTDOTDOT  shift 658
	.  reduce 273 (src line 2709)

	optdotdotdot  goto 775

state 662
	defargs:  defargs TOK_COMMA defarg.    (154)

	.  reduce 154 (src line 1915)


state 663
	defnlhs:  TOK_LPAREN defarg relop defarg TOK_RPAREN.    (149)

	.  reduce 149 (src line 1884)


state 664
	defnlhs:  TOK_LPAREN defarg infix defarg TOK_RPAREN.    (150)

	.  reduce 150 (src line 1889)


state 665
	atype:  atype.TOK_DOT SYMBOLx 
	lparam:  TOK_CARET SYMBOLx TOK_COLON atype.    (291)

	TOK_DOT  shift 305
	.  reduce 291 (src line 2841)


state 666
	schdefnrhs:  TOK_LCB schdecls schconc TOK_RCB.    (171)

	.  reduce 171 (src line 2044)


state 667
	schconc:  TOK_DEFINITION defn.    (184)

	.  reduce 184 (src line 2133)


state 668
	schdecl:  optexplicit TOK_PROPERTY.lgprop 
	schconc:  optexplicit TOK_PROPERTY.lgprop 
	optlabel: .    (136)

	TOK_LABEL  shift 74
	TOK_LB  shift 73
	.  reduce 136 (src line 1793)

	labelname  goto 195
	lgprop  goto 776
	optlabel  goto 337

state 669
	schdecl:  TOK_FUNCTION funs.    (172)
	funs:  funs.TOK_COMMA fun 

	TOK_COMMA  shift 282
	.  reduce 172 (src line 2052)


state 670
	schdecl:  TOK_FRESH TOK_FUNCTION.funs 

	TOK_PRESYMBOL  shift 63
	TOK_LPAREN  shift 98
	.  error

	SYMBOLx  goto 99
	defnlhs  goto 116
	typeddefn  goto 115
	fun  goto 114
	funs  goto 777
	dotsym  goto 97

state 671
	schdecl:  TOK_FRESH TOK_INDIV.funs 

	TOK_PRESYMBOL  shift 63
	TOK_LPAREN  shift 98
	.  error

	SYMBOLx  goto 99
	defnlhs  goto 116
	typeddefn  goto 115
	fun  goto 114
	funs  goto 778
	dotsym  goto 97

state 672
	schdecl:  TOK_FRESH TOK_RELATION.rels 

	TOK_PRESYMBOL  shift 63
	TOK_LPAREN  shift 98
	.  error

	SYMBOLx  goto 99
	defn  goto 111
	defnlhs  goto 110
	typeddefn  goto 112
	rel  goto 109
	rels  goto 779
	dotsym  goto 97

state 673
	schdecl:  TOK_INDIV funs.    (174)
	funs:  funs.TOK_COMMA fun 

	TOK_COMMA  shift 282
	.  reduce 174 (src line 2065)


state 674
	schdecl:  TOK_RELATION rels.    (176)
	rels:  rels.TOK_COMMA rel 

	TOK_COMMA  shift 279
	.  reduce 176 (src line 2077)


state 675
	SYMBOLx:  SYMBOLx.TOK_LB SYMsubscr TOK_RB 
	schdecl:  TOK_TYPE SYMBOLx.    (178)

	TOK_LB  shift 190
	.  reduce 178 (src line 2089)


state 676
	schdecl:  TOK_THEOREM lgprop.    (180)

	.  reduce 180 (src line 2105)


state 677
	proofstep:  TOK_APPLY atype optrenaming TOK_WITH.matches 

	TOK_PRESYMBOL  shift 63
	TOK_VARIABLE  shift 88
	TOK_LPAREN  shift 98
	.  error

	var  goto 783
	SYMBOLx  goto 99
	defn  goto 782
	defnlhs  goto 116
	typeddefn  goto 112
	dotsym  goto 97
	match  goto 781
	matches  goto 780

state 678
	renaminglist:  renaminglist.TOK_COMMA renamingitem 
	renaming:  TOK_LT renaminglist.TOK_GT 

	TOK_COMMA  shift 784
	TOK_GT  shift 785
	.  error


state 679
	renaminglist:  renamingitem.    (433)

	.  reduce 433 (src line 3800)


state 680
	renamingitem:  TOK_VARIABLE.TOK_DIV TOK_VARIABLE 

	TOK_DIV  shift 786
	.  error


state 681
	SYMBOLx:  SYMBOLx.TOK_LB SYMsubscr TOK_RB 
	renamingitem:  SYMBOLx.TOK_DIV SYMBOLx 

	TOK_LB  shift 190
	TOK_DIV  shift 787
	.  error


state 682
	proofstep:  TOK_ASSUME atype optrenaming TOK_WITH.matches 

	TOK_PRESYMBOL  shift 63
	TOK_VARIABLE  shift 88
	TOK_LPAREN  shift 98
	.  error

	var  goto 783
	SYMBOLx  goto 99
	defn  goto 782
	defnlhs  goto 116
	typeddefn  goto 112
	dotsym  goto 97
	match  goto 781
	matches  goto 788

state 683
	proofstep:  TOK_INSTANTIATE atype optrenaming TOK_WITH.matches 

	TOK_PRESYMBOL  shift 63
	TOK_VARIABLE  shift 88
	TOK_LPAREN  shift 98
	.  error

	var  goto 783
	SYMBOLx  goto 99
	defn  goto 782
	defnlhs  goto 116
	typeddefn  goto 112
	dotsym  goto 97
	match  goto 781
	matches  goto 789

state 684
	proofstep:  TOK_INSTANTIATE labelname atype optrenaming.    (443)

	.  reduce 443 (src line 3863)


state 685
	proofstep:  TOK_TACTIC atype opttacticwith optproofgroup.    (449)

	.  reduce 449 (src line 3893)


state 686
	opttacticwith:  TOK_WITH tacticwithlistchoice.    (418)

	.  reduce 418 (src line 3703)


state 687
	opttacticwith:  TOK_WITH TOK_LCB.tacticwithlist TOK_RCB 

	TOK_INVARIANT  shift 691
	TOK_DEFINITION  shift 692
	TOK_TRIGGER  shift 693
	.  error

	tacticwithelem  goto 690
	tacticwithlist  goto 790

688: shift/reduce conflict (shift 691(0), red'n 415(0)) on TOK_INVARIANT
688: shift/reduce conflict (shift 692(0), red'n 415(0)) on TOK_DEFINITION
state 688
	tacticwithlist:  tacticwithlist.tacticwithelem 
	tacticwithlistchoice:  tacticwithlist.    (415)

	TOK_INVARIANT  shift 691
	TOK_DEFINITION  shift 692
	TOK_TRIGGER  shift 693
	.  reduce 415 (src line 3684)

	tacticwithelem  goto 791

state 689
	pflets:  pflets.TOK_COMMA pflet 
	tacticwithlistchoice:  pflets.    (416)

	TOK_COMMA  shift 573
	.  reduce 416 (src line 3690)


state 690
	tacticwithlist:  tacticwithelem.    (413)

	.  reduce 413 (src line 3671)


state 691
	tacticwithelem:  TOK_INVARIANT.labeledfmla 

	TOK_PRESYMBOL  shift 63
	TOK_VARIABLE  shift 88
	TOK_LABEL  shift 74
	TOK_LPAREN  shift 78
	TOK_LB  shift 73
	TOK_TILDA  shift 81
	TOK_DOLLAR  shift 86
	TOK_FORALL  shift 82
	TOK_EXISTS  shift 83
	TOK_TRUE  shift 79
	TOK_FALSE  shift 80
	TOK_OLD  shift 77
	TOK_GLOBALLY  shift 84
	TOK_EVENTUALLY  shift 85
	.  error

	term  goto 72
	fmla  goto 70
	appelem  goto 75
	var  goto 76
	SYMBOLx  goto 87
	labelname  goto 71
	labeledfmla  goto 792

state 692
	tacticwithelem:  TOK_DEFINITION.atype TOK_EQ fmla 

	TOK_PRESYMBOL  shift 63
	TOK_THIS  shift 142
	.  error

	atype  goto 793
	SYMBOLx  goto 141

state 693
	tacticwithelem:  TOK_TRIGGER.atype TOK_WITH terms 

	TOK_PRESYMBOL  shift 63
	TOK_THIS  shift 142
	.  error

	atype  goto 794
	SYMBOLx  goto 141

694: shift/reduce conflict (shift 275(0), red'n 422(0)) on TOK_LCB
state 694
	proofstep:  opttemporal TOK_PROPERTY labeledfmla optskolem.optproofgroup 
	optproofgroup: .    (422)

	TOK_LCB  shift 275
	.  reduce 422 (src line 3728)

	proofgroup  goto 571
	optproofgroup  goto 795

state 695
	pflets:  pflets TOK_COMMA pflet.    (409)

	.  reduce 409 (src line 3646)


state 696
	pflet:  var TOK_EQ fmla.    (407)

	.  reduce 407 (src line 3632)


state 697
	proofstep:  TOK_IF fmla proofgroup TOK_ELSE.proofgroup 

	TOK_LCB  shift 275
	.  error

	proofgroup  goto 796

state 698
	callatoms:  callatoms.TOK_COMMA callatom 
	proofstep:  TOK_UNFOLD atype TOK_WITH callatoms.    (456)

	TOK_COMMA  shift 314
	.  reduce 456 (src line 3937)


state 699
	proofseq:  proofseq TOK_SEMI proofstep.    (425)

	.  reduce 425 (src line 3747)


state 700
	pnames:  pnames TOK_COMMA pname.    (324)

	.  reduce 324 (src line 3062)


state 701
	somevarfmla:  TOK_SOME simplevar TOK_DOT.fmla optin optelse 

	TOK_PRESYMBOL  shift 63
	TOK_VARIABLE  shift 88
	TOK_LPAREN  shift 78
	TOK_TILDA  shift 81
	TOK_DOLLAR  shift 86
	TOK_FORALL  shift 82
	TOK_EXISTS  shift 83
	TOK_TRUE  shift 79
	TOK_FALSE  shift 80
	TOK_OLD  shift 77
	TOK_GLOBALLY  shift 84
	TOK_EVENTUALLY  shift 85
	.  error

	term  goto 72
	fmla  goto 797
	appelem  goto 75
	var  goto 76
	SYMBOLx  goto 87

state 702
	top:  top optfinite optghost TOK_TYPE typesymbol TOK_EQ sort.    (25)

	.  reduce 25 (src line 785)


state 703
	sort:  TOK_LCB.SYMBOLx TOK_RCB 
	sort:  TOK_LCB.SYMBOLx TOK_COMMA names TOK_RCB 
	sort:  TOK_LCB.SYMBOLx TOK_DOTS SYMBOLx TOK_RCB 

	TOK_PRESYMBOL  shift 63
	.  error

	SYMBOLx  goto 798

state 704
	sort:  TOK_STRUCT.TOK_LCB tterms TOK_RCB 
	sort:  TOK_STRUCT.TOK_LCB TOK_RCB 

	TOK_LCB  shift 799
	.  error


state 705
	prod:  expr.TOK_TIMES expr 
	prod:  expr TOK_TIMES expr.    (492)
	sum:  expr.TOK_PLUS expr 

	.  reduce 492 (src line 4160)


state 706
	prod:  expr.TOK_TIMES expr 
	sum:  expr.TOK_PLUS expr 
	sum:  expr TOK_PLUS expr.    (494)

	TOK_TIMES  shift 586
	.  reduce 494 (src line 4173)


state 707
	expr:  TOK_LCB fmla TOK_RCB.    (482)

	.  reduce 482 (src line 4104)


state 708
	expr:  exprterm relop exprterm.    (484)

	.  reduce 484 (src line 4115)


state 709
	expr:  exprterm TOK_TILDAEQ exprterm.    (485)

	.  reduce 485 (src line 4120)


state 710
	expr:  TOK_LPAREN expr TOK_RPAREN.    (487)

	.  reduce 487 (src line 4130)


state 711
	prod:  expr.TOK_TIMES expr 
	prod:  prod TOK_TIMES expr.    (493)
	sum:  expr.TOK_PLUS expr 

	.  reduce 493 (src line 4166)


state 712
	prod:  expr.TOK_TIMES expr 
	sum:  expr.TOK_PLUS expr 
	sum:  sum TOK_PLUS expr.    (495)

	TOK_TIMES  shift 586
	.  reduce 495 (src line 4179)


state 713
	upaxes:  upaxes upax.    (468)

	.  reduce 468 (src line 4015)


state 714
	upax:  TOK_PARAMS.tterms TOK_IN action TOK_ARROW requires ensures 

	TOK_PRESYMBOL  shift 63
	TOK_LPAREN  shift 183
	TOK_CARET  shift 182
	.  error

	SYMBOLx  goto 181
	tapp  goto 180
	tterm  goto 179
	tterms  goto 800

state 715
	sequence:  TOK_LCB actseq TOK_RCB.    (337)

	.  reduce 337 (src line 3155)


state 716
	sequence:  TOK_LCB actseq TOK_SEMI.TOK_RCB 

	TOK_RCB  shift 801
	.  error


state 717
	actseqrev:  simpleact TOK_SEMI.actseqrev 
	actseqrev:  simpleact TOK_SEMI.    (343)
	optunprovable: .    (132)

	TOK_PRESYMBOL  shift 63
	TOK_VARIABLE  shift 88
	TOK_LPAREN  shift 619
	TOK_LCB  shift 462
	TOK_TILDA  shift 81
	TOK_DOLLAR  shift 86
	TOK_FORALL  shift 82
	TOK_EXISTS  shift 83
	TOK_TRUE  shift 79
	TOK_FALSE  shift 80
	TOK_OLD  shift 77
	TOK_IF  shift 613
	TOK_GLOBALLY  shift 84
	TOK_EVENTUALLY  shift 85
	TOK_ASSUME  shift 602
	TOK_ASSERT  reduce 132 (src line 1767)
	TOK_REQUIRE  reduce 132 (src line 1767)
	TOK_ENSURE  reduce 132 (src line 1767)
	TOK_VAR  shift 606
	TOK_LOCAL  shift 616
	TOK_LET  shift 617
	TOK_CALL  shift 607
	TOK_WHILE  shift 614
	TOK_FOR  shift 615
	TOK_DEBUG  shift 611
	TOK_THUNK  shift 618
	TOK_UNPROVABLE  shift 610
	TOK_INSTANTIATE  shift 609
	TOK_SET  shift 608
	.  reduce 343 (src line 3205)

	term  goto 604
	appelem  goto 75
	var  goto 76
	SYMBOLx  goto 87
	optunprovable  goto 603
	simpleact  goto 600
	complexact  goto 601
	sequence  goto 612
	actseqrev  goto 802
	termtuple  goto 605

state 718
	actseqrev:  complexact actseqrev.    (344)

	.  reduce 344 (src line 3210)


state 719
	actseqrev:  complexact TOK_SEMI.actseqrev 
	actseqrev:  complexact TOK_SEMI.    (346)
	optunprovable: .    (132)

	TOK_PRESYMBOL  shift 63
	TOK_VARIABLE  shift 88
	TOK_LPAREN  shift 619
	TOK_LCB  shift 462
	TOK_TILDA  shift 81
	TOK_DOLLAR  shift 86
	TOK_FORALL  shift 82
	TOK_EXISTS  shift 83
	TOK_TRUE  shift 79
	TOK_FALSE  shift 80
	TOK_OLD  shift 77
	TOK_IF  shift 613
	TOK_GLOBALLY  shift 84
	TOK_EVENTUALLY  shift 85
	TOK_ASSUME  shift 602
	TOK_ASSERT  reduce 132 (src line 1767)
	TOK_REQUIRE  reduce 132 (src line 1767)
	TOK_ENSURE  reduce 132 (src line 1767)
	TOK_VAR  shift 606
	TOK_LOCAL  shift 616
	TOK_LET  shift 617
	TOK_CALL  shift 607
	TOK_WHILE  shift 614
	TOK_FOR  shift 615
	TOK_DEBUG  shift 611
	TOK_THUNK  shift 618
	TOK_UNPROVABLE  shift 610
	TOK_INSTANTIATE  shift 609
	TOK_SET  shift 608
	.  reduce 346 (src line 3220)

	term  goto 604
	appelem  goto 75
	var  goto 76
	SYMBOLx  goto 87
	optunprovable  goto 603
	simpleact  goto 600
	complexact  goto 601
	sequence  goto 612
	actseqrev  goto 803
	termtuple  goto 605

state 720
	simpleact:  TOK_ASSUME labeledfmla.    (349)

	.  reduce 349 (src line 3244)


state 721
	simpleact:  optunprovable TOK_ASSERT.labeledfmla 
	simpleact:  optunprovable TOK_ASSERT.labeledfmla TOK_PROOF proofstep 

	TOK_PRESYMBOL  shift 63
	TOK_VARIABLE  shift 88
	TOK_LABEL  shift 74
	TOK_LPAREN  shift 78
	TOK_LB  shift 73
	TOK_TILDA  shift 81
	TOK_DOLLAR  shift 86
	TOK_FORALL  shift 82
	TOK_EXISTS  shift 83
	TOK_TRUE  shift 79
	TOK_FALSE  shift 80
	TOK_OLD  shift 77
	TOK_GLOBALLY  shift 84
	TOK_EVENTUALLY  shift 85
	.  error

	term  goto 72
	fmla  goto 70
	appelem  goto 75
	var  goto 76
	SYMBOLx  goto 87
	labelname  goto 71
	labeledfmla  goto 804

state 722
	simpleact:  optunprovable TOK_REQUIRE.labeledfmla 
	simpleact:  optunprovable TOK_REQUIRE.labeledfmla TOK_PROOF proofstep 

	TOK_PRESYMBOL  shift 63
	TOK_VARIABLE  shift 88
	TOK_LABEL  shift 74
	TOK_LPAREN  shift 78
	TOK_LB  shift 73
	TOK_TILDA  shift 81
	TOK_DOLLAR  shift 86
	TOK_FORALL  shift 82
	TOK_EXISTS  shift 83
	TOK_TRUE  shift 79
	TOK_FALSE  shift 80
	TOK_OLD  shift 77
	TOK_GLOBALLY  shift 84
	TOK_EVENTUALLY  shift 85
	.  error

	term  goto 72
	fmla  goto 70
	appelem  goto 75
	var  goto 76
	SYMBOLx  goto 87
	labelname  goto 71
	labeledfmla  goto 805

state 723
	simpleact:  optunprovable TOK_ENSURE.labeledfmla 
	simpleact:  optunprovable TOK_ENSURE.labeledfmla TOK_PROOF proofstep 

	TOK_PRESYMBOL  shift 63
	TOK_VARIABLE  shift 88
	TOK_LABEL  shift 74
	TOK_LPAREN  shift 78
	TOK_LB  shift 73
	TOK_TILDA  shift 81
	TOK_DOLLAR  shift 86
	TOK_FORALL  shift 82
	TOK_EXISTS  shift 83
	TOK_TRUE  shift 79
	TOK_FALSE  shift 80
	TOK_OLD  shift 77
	TOK_GLOBALLY  shift 84
	TOK_EVENTUALLY  shift 85
	.  error

	term  goto 72
	fmla  goto 70
	appelem  goto 75
	var  goto 76
	SYMBOLx  goto 87
	labelname  goto 71
	labeledfmla  goto 806

state 724
	simpleact:  term TOK_ASSIGN.fmla 
	simpleact:  term TOK_ASSIGN.TOK_TIMES 

	TOK_PRESYMBOL  shift 63
	TOK_VARIABLE  shift 88
	TOK_LPAREN  shift 78
	TOK_TIMES  shift 808
	TOK_TILDA  shift 81
	TOK_DOLLAR  shift 86
	TOK_FORALL  shift 82
	TOK_EXISTS  shift 83
	TOK_TRUE  shift 79
	TOK_FALSE  shift 80
	TOK_OLD  shift 77
	TOK_GLOBALLY  shift 84
	TOK_EVENTUALLY  shift 85
	.  error

	term  goto 72
	fmla  goto 807
	appelem  goto 75
	var  goto 76
	SYMBOLx  goto 87

state 725
	simpleact:  termtuple TOK_ASSIGN.callatom 

	TOK_PRESYMBOL  shift 63
	TOK_THIS  shift 126
	TOK_METHOD  shift 127
	.  error

	SYMBOLx  goto 123
	atom  goto 125
	callatom  goto 809

state 726
	simpleact:  TOK_VAR tterm.    (359)
	simpleact:  TOK_VAR tterm.TOK_ASSIGN fmla 

	TOK_ASSIGN  shift 810
	.  reduce 359 (src line 3302)


state 727
	simpleact:  TOK_CALL optactualreturns.callatom 

	TOK_PRESYMBOL  shift 63
	TOK_THIS  shift 126
	TOK_METHOD  shift 127
	.  error

	SYMBOLx  goto 123
	atom  goto 125
	callatom  goto 811

state 728
	callatom:  callatom.TOK_DOT callatom 
	callatoms:  callatom.    (263)
	simpleact:  TOK_CALL callatom.    (362)

	TOK_COMMA  reduce 263 (src line 2637)
	TOK_DOT  shift 289
	TOK_ASSIGN  reduce 263 (src line 2637)
	.  reduce 362 (src line 3318)


state 729
	callatoms:  callatoms.TOK_COMMA callatom 
	optactualreturns:  callatoms.TOK_ASSIGN 

	TOK_COMMA  shift 314
	TOK_ASSIGN  shift 812
	.  error


state 730
	simpleact:  TOK_SET lit.    (363)

	.  reduce 363 (src line 3323)


state 731
	lit:  atom.    (257)

	.  reduce 257 (src line 2593)


state 732
	lit:  TOK_TILDA.lit 

	TOK_PRESYMBOL  shift 63
	TOK_TILDA  shift 732
	.  error

	SYMBOLx  goto 123
	atom  goto 731
	lit  goto 813

state 733
	callatom:  callatom.TOK_DOT callatom 
	simpleact:  TOK_INSTANTIATE callatom.    (364)

	TOK_DOT  shift 289
	.  reduce 364 (src line 3328)


state 734
	simpleact:  TOK_UNPROVABLE simpleact.    (365)

	.  reduce 365 (src line 3333)


state 735
	SYMBOLx:  SYMBOLx.TOK_LB SYMsubscr TOK_RB 
	simpleact:  TOK_DEBUG SYMBOLx.optdebugargs 
	optdebugargs: .    (372)

	TOK_LB  shift 190
	TOK_WITH  shift 815
	.  reduce 372 (src line 3381)

	optdebugargs  goto 814

state 736
	complexact:  TOK_IF somefmla.sequence 
	complexact:  TOK_IF somefmla.sequence TOK_ELSE action 

	TOK_LCB  shift 462
	.  error

	sequence  goto 816

state 737
	complexact:  TOK_IF TOK_TIMES.sequence TOK_ELSE action 

	TOK_LCB  shift 462
	.  error

	sequence  goto 817

state 738
	somefmla:  fmla.    (383)
	somefmla:  fmla.TOK_ASSIGN fmla 

	TOK_ASSIGN  shift 818
	.  reduce 383 (src line 3453)


state 739
	somefmla:  TOK_SOME.bounds fmla 
	somefmla:  TOK_SOME.bounds fmla TOK_MINIMIZING term 
	somefmla:  TOK_SOME.bounds fmla TOK_MAXIMIZING term 

	TOK_PRESYMBOL  shift 63
	TOK_LPAREN  shift 821
	.  error

	SYMBOLx  goto 823
	param  goto 822
	params  goto 820
	bounds  goto 819

state 740
	complexact:  TOK_WHILE somefmla.invariants decreases sequence 
	invariants: .    (390)

	.  reduce 390 (src line 3497)

	invariants  goto 824

state 741
	complexact:  TOK_FOR tterm.TOK_COMMA tterm TOK_IN fmla invariants decreases sequence 

	TOK_COMMA  shift 825
	.  error


state 742
	lparams:  lparams.TOK_COMMA lparam 
	complexact:  TOK_LOCAL lparams.sequence 

	TOK_LCB  shift 462
	TOK_COMMA  shift 539
	.  error

	sequence  goto 826

state 743
	complexact:  TOK_LET eqns.sequence 
	eqns:  eqns.TOK_COMMA eqn 

	TOK_LCB  shift 462
	TOK_COMMA  shift 828
	.  error

	sequence  goto 827

state 744
	eqns:  eqn.    (396)

	.  reduce 396 (src line 3538)


state 745
	SYMBOLx:  SYMBOLx.TOK_LB SYMsubscr TOK_RB 
	eqn:  SYMBOLx.TOK_EQ SYMBOLx 

	TOK_LB  shift 190
	TOK_EQ  shift 829
	.  error


state 746
	complexact:  TOK_THUNK labelname.SYMBOLx optargs TOK_COLON atype TOK_ASSIGN sequence 

	TOK_PRESYMBOL  shift 63
	.  error

	SYMBOLx  goto 830

state 747
	term:  term.TOK_DOT appelem 
	term:  TOK_LPAREN term.TOK_RPAREN 
	term:  term.TOK_PLUS term 
	term:  term.TOK_MINUS term 
	term:  term.TOK_TIMES term 
	term:  term.TOK_DIV term 
	term:  term.TOK_IF fmla TOK_ELSE term 
	term:  term.TOK_EQ term 
	term:  term.TOK_LE term 
	term:  term.TOK_LT term 
	term:  term.TOK_GE term 
	term:  term.TOK_GT term 
	term:  term.TOK_PTO term 
	term:  term.TOK_TILDAEQ term 
	term:  term.TOK_AND term 
	term:  term.TOK_OR term 
	term:  term.TOK_ARROW term 
	term:  term.TOK_IFF term 
	term:  term.TOK_WHENNEXT term 
	term:  term.TOK_WHENPREV term 
	term:  term.TOK_WHENFIRST term 
	term:  term.TOK_WHENLAST term 
	term:  term.TOK_ISA atype 
	term:  term.TOK_COLON atype 
	termtuple:  TOK_LPAREN term.TOK_COMMA terms TOK_RPAREN 

	TOK_RPAREN  shift 367
	TOK_COMMA  shift 831
	TOK_COLON  shift 219
	TOK_DOT  shift 197
	TOK_PLUS  shift 198
	TOK_MINUS  shift 199
	TOK_TIMES  shift 200
	TOK_DIV  shift 201
	TOK_EQ  shift 203
	TOK_TILDAEQ  shift 209
	TOK_LE  shift 204
	TOK_LT  shift 205
	TOK_GE  shift 206
	TOK_GT  shift 207
	TOK_AND  shift 210
	TOK_OR  shift 211
	TOK_ARROW  shift 212
	TOK_IFF  shift 213
	TOK_PTO  shift 208
	TOK_ISA  shift 218
	TOK_IF  shift 202
	TOK_WHENNEXT  shift 214
	TOK_WHENPREV  shift 215
	TOK_WHENFIRST  shift 216
	TOK_WHENLAST  shift 217
	.  error


state 748
	top:  top optimpex actmeth SYMBOLx optargs optreturns optactiondef.    (33)

	.  reduce 33 (src line 856)


state 749
	optactiondef:  TOK_EQ.topseq 
	optactiondef:  TOK_EQ.TOK_TIMES 

	TOK_LCB  shift 472
	TOK_TIMES  shift 833
	.  error

	sequence  goto 471
	topseq  goto 832

state 750
	optreturns:  TOK_RETURNS TOK_LPAREN lparams.TOK_RPAREN 
	lparams:  lparams.TOK_COMMA lparam 

	TOK_RPAREN  shift 834
	TOK_COMMA  shift 539
	.  error


state 751
	topseq:  TOK_LCB TOK_NATIVEQUOTE TOK_RCB.    (298)

	.  reduce 298 (src line 2891)


state 752
	top:  top TOK_AROUND atype optargs optreturns TOK_LCB actseq.optsemi TOK_DOTDOTDOT actseq optsemi TOK_RCB 
	optsemi: .    (143)

	TOK_SEMI  shift 836
	.  reduce 143 (src line 1840)

	optsemi  goto 835

state 753
	top:  top opttrusted TOK_ISOLATE SYMBOLx optargs TOK_EQ callatoms.    (42)
	top:  top opttrusted TOK_ISOLATE SYMBOLx optargs TOK_EQ callatoms.TOK_WITH callatoms 
	callatoms:  callatoms.TOK_COMMA callatom 

	TOK_COMMA  shift 314
	TOK_WITH  shift 837
	.  reduce 42 (src line 978)


state 754
	top:  top opttrusted TOK_ISOLATE SYMBOLx optargs TOK_EQ TOK_LCB.top TOK_RCB optwith 
	top: .    (1)

	.  reduce 1 (src line 481)

	top  goto 838

state 755
	top:  top.TOK_USING SYMBOLx 
	top:  top.TOK_INCLUDE SYMBOLx 
	top:  top.optexplicit opttemporal TOK_AXIOM lgprop 
	top:  top.optexplicit opttemporal TOK_PROPERTY labeledfmla optskolem optproof 
	top:  top.TOK_CONJECTURE labeledfmla 
	top:  top.optexplicit TOK_INVARIANT labeledfmla optproof 
	top:  top.TOK_UNPROVABLE TOK_INVARIANT labeledfmla optproof 
	top:  top.TOK_MODULE modulestart modcat atom optwith TOK_EQ TOK_LCB top TOK_RCB moduleend 
	top:  top.TOK_OBJECT objsym objectargs TOK_EQ TOK_LCB optdotdotdot top TOK_RCB objectend 
	top:  top.TOK_CLASS objsym objectargs TOK_EQ TOK_LCB optdotdotdot top TOK_RCB objectend 
	top:  top.TOK_SUBCLASS objsym TOK_OF atype TOK_EQ TOK_LCB optdotdotdot top TOK_RCB objectend 
	top:  top.optexplicit TOK_DEFINITION optlabel gdefn optproof 
	top:  top.TOK_SCHEMA schdefn 
	top:  top.TOK_THEOREM schdefn optproof 
	top:  top.TOK_THEOREM labelname schdefnrhs optproof 
	top:  top.TOK_PROOF labelname proofstep 
	top:  top.TOK_INSTANTIATE insts 
	top:  top.TOK_AUTOINSTANCE insts 
	top:  top.symdecl 
	top:  top.TOK_RELATION rels 
	top:  top.TOK_FUNCTION funs 
	top:  top.TOK_DERIVED defns 
	top:  top.optfinite optghost TOK_TYPE typesymbol 
	top:  top.optfinite optghost TOK_TYPE typesymbol TOK_EQ sort 
	top:  top.TOK_PROGRESS defns 
	top:  top.TOK_RELY atom TOK_ARROW atom 
	top:  top.TOK_RELY atom 
	top:  top.TOK_MIXORD callatom TOK_ARROW callatom 
	top:  top.TOK_CONCEPT cdefns 
	top:  top.TOK_UPDATE apps TOK_FROM apps upaxes 
	top:  top.TOK_MACRO atom TOK_EQ sequence 
	top:  top.optimpex actmeth SYMBOLx optargs optreturns optactiondef 
	top:  top.TOK_MIXIN callatom TOK_BEFORE callatom 
	top:  top.TOK_MIXIN callatom TOK_AFTER callatom 
	top:  top.TOK_BEFORE atype optargs optreturns sequence 
	top:  top.TOK_AFTER atype optargs optreturns topseq 
	top:  top.TOK_AROUND atype optargs optreturns TOK_LCB actseq optsemi TOK_DOTDOTDOT actseq optsemi TOK_RCB 
	top:  top.TOK_AFTER TOK_INIT optargs topseq 
	top:  top.TOK_IMPLEMENT atype optargs optreturns topseq 
	top:  top.TOK_IMPLEMENT TOK_TYPE SYMBOLx TOK_WITH SYMBOLx 
	top:  top.opttrusted TOK_ISOLATE SYMBOLx optargs TOK_EQ callatoms 
	top:  top.opttrusted TOK_ISOLATE SYMBOLx optargs TOK_EQ callatoms TOK_WITH callatoms 
	top:  top.opttrusted TOK_ISOLATE SYMBOLx optargs TOK_EQ TOK_LCB top TOK_RCB optwith 
	top:  top.TOK_EXTRACT objsym objectargs TOK_EQ TOK_LCB top TOK_RCB optwith 
	top:  top TOK_EXTRACT objsym objectargs TOK_EQ TOK_LCB top.TOK_RCB optwith 
	top:  top.TOK_EXTRACT objsym objectargs TOK_EQ callatoms 
	top:  top.TOK_EXPORT callatom 
	top:  top.TOK_IMPORT callatom 
	top:  top.TOK_DELEGATE callatoms optdelegee 
	top:  top.TOK_INTERPRET oper TOK_ARROW oper 
	top:  top.TOK_INTERPRET oper TOK_ARROW TOK_LCB term TOK_DOTS term TOK_RCB 
	top:  top.TOK_INTERPRET oper TOK_ARROW TOK_LCB SYMBOLx moresymbols TOK_RCB 
	top:  top.TOK_ALIAS SYMBOLx TOK_EQ callatom 
	top:  top.TOK_ATTRIBUTE callatom TOK_EQ attributeval 
	top:  top.TOK_VARIANT typesymbol TOK_OF atype 
	top:  top.TOK_VARIANT typesymbol TOK_OF atype TOK_EQ sort 
	top:  top.TOK_NATIVEQUOTE 
	top:  top.TOK_SCENARIO TOK_LCB sceninit TOK_SEMI scentranss TOK_RCB 
	top:  top.specimpl TOK_LCB top TOK_RCB 
	top:  top.TOK_STATE SYMBOLx TOK_EQ state_expr 
	top:  top.TOK_ASSERT SYMBOLx TOK_ARROW assert_rhs 
	optexplicit: .    (134)
	optfinite: .    (227)
	optimpex: .    (299)
	opttrusted: .    (277)

	TOK_NATIVEQUOTE  shift 42
	TOK_RCB  shift 839
	TOK_ASSERT  shift 46
	TOK_VAR  shift 60
	TOK_UNPROVABLE  shift 6
	TOK_PROOF  shift 13
	TOK_INSTANTIATE  shift 14
	TOK_RELATION  shift 17
	TOK_INDIV  shift 59
	TOK_FUNCTION  shift 18
	TOK_DERIVED  shift 19
	TOK_CONJECTURE  shift 5
	TOK_SCHEMA  shift 11
	TOK_THEOREM  shift 12
	TOK_TYPE  reduce 227 (src line 2437)
	TOK_MODULE  shift 7
	TOK_OBJECT  shift 8
	TOK_CLASS  shift 9
	TOK_SUBCLASS  shift 10
	TOK_ACTION  reduce 299 (src line 2901)
	TOK_METHOD  reduce 299 (src line 2901)
	TOK_BEFORE  shift 29
	TOK_AFTER  shift 30
	TOK_AROUND  shift 31
	TOK_MIXIN  shift 28
	TOK_IMPLEMENT  shift 32
	TOK_ISOLATE  reduce 277 (src line 2740)
	TOK_EXTRACT  shift 34
	TOK_TRUSTED  shift 53
	TOK_EXPORT  shift 35
	TOK_IMPORT  shift 36
	TOK_DELEGATE  shift 37
	TOK_USING  shift 2
	TOK_INCLUDE  shift 3
	TOK_INTERPRET  shift 38
	TOK_MACRO  shift 26
	TOK_ALIAS  shift 39
	TOK_ATTRIBUTE  shift 40
	TOK_VARIANT  shift 41
	TOK_SCENARIO  shift 43
	TOK_PROGRESS  shift 21
	TOK_RELY  shift 22
	TOK_MIXORD  shift 23
	TOK_CONCEPT  shift 24
	TOK_STATE  shift 45
	TOK_UPDATE  shift 25
	TOK_EXPLICIT  shift 47
	TOK_SPECIFICATION  shift 54
	TOK_IMPLEMENTATION  shift 55
	TOK_PRIVATE  shift 56
	TOK_GLOBAL  shift 57
	TOK_COMMON  shift 58
	TOK_GHOST  reduce 227 (src line 2437)
	TOK_FINITE  shift 52
	TOK_PARAMETER  shift 61
	TOK_DESTRUCTOR  shift 49
	TOK_CONSTRUCTOR  shift 51
	TOK_FIELD  shift 50
	TOK_AUTOINSTANCE  shift 15
	.  reduce 134 (src line 1780)

	optexplicit  goto 4
	symdecl  goto 16
	constantdecl  goto 48
	optfinite  goto 20
	optimpex  goto 27
	opttrusted  goto 33
	specimpl  goto 44

state 756
	top:  top TOK_INTERPRET oper TOK_ARROW TOK_LCB term TOK_DOTS.term TOK_RCB 

	TOK_PRESYMBOL  shift 63
	TOK_VARIABLE  shift 88
	TOK_LPAREN  shift 78
	TOK_TILDA  shift 81
	TOK_DOLLAR  shift 86
	TOK_FORALL  shift 82
	TOK_EXISTS  shift 83
	TOK_TRUE  shift 79
	TOK_FALSE  shift 80
	TOK_OLD  shift 77
	TOK_GLOBALLY  shift 84
	TOK_EVENTUALLY  shift 85
	.  error

	term  goto 840
	appelem  goto 75
	var  goto 76
	SYMBOLx  goto 87

state 757
	top:  top TOK_INTERPRET oper TOK_ARROW TOK_LCB SYMBOLx moresymbols.TOK_RCB 
	moresymbols:  moresymbols.TOK_COMMA SYMBOLx 

	TOK_RCB  shift 841
	TOK_COMMA  shift 842
	.  error


state 758
	top:  top TOK_VARIANT typesymbol TOK_OF atype TOK_EQ sort.    (56)

	.  reduce 56 (src line 1153)


state 759
	top:  top TOK_SCENARIO TOK_LCB sceninit TOK_SEMI scentranss TOK_RCB.    (58)

	.  reduce 58 (src line 1173)


state 760
	scentranss:  scentranss scentrans.    (402)

	.  reduce 402 (src line 3582)


state 761
	places:  places.TOK_COMMA SYMBOLx 
	scentrans:  places.TOK_ARROW places TOK_COLON scenariomixin 
	scentrans:  places.TOK_COLON scenariomixin 

	TOK_COMMA  shift 635
	TOK_COLON  shift 844
	TOK_ARROW  shift 843
	.  error


state 762
	SYMBOLx:  SYMBOLx.TOK_LB SYMsubscr TOK_RB 
	places:  places TOK_COMMA SYMBOLx.    (400)

	TOK_LB  shift 190
	.  reduce 400 (src line 3569)


state 763
	state_expr:  state_expr.TOK_OR state_expr 
	state_expr:  state_expr TOK_OR state_expr.    (476)

	.  reduce 476 (src line 4064)


state 764
	state_expr:  SYMBOLx TOK_LPAREN state_expr.TOK_RPAREN 
	state_expr:  state_expr.TOK_OR state_expr 

	TOK_RPAREN  shift 845
	TOK_OR  shift 636
	.  error


state 765
	state_expr:  TOK_LCB requires modifies.ensures TOK_RCB 

	TOK_ENSURES  shift 847
	.  error

	ensures  goto 846

state 766
	modifies:  TOK_MODIFIES.TOK_LCB TOK_RCB 
	modifies:  TOK_MODIFIES.TOK_TIMES 
	modifies:  TOK_MODIFIES.atoms 

	TOK_PRESYMBOL  shift 63
	TOK_LCB  shift 848
	TOK_TIMES  shift 849
	.  error

	SYMBOLx  goto 123
	atom  goto 851
	atoms  goto 850

state 767
	requires:  TOK_REQUIRES fmla.    (461)

	.  reduce 461 (src line 3971)


state 768
	assert_rhs:  TOK_LCB requires modifies.ensures TOK_RCB 

	TOK_ENSURES  shift 847
	.  error

	ensures  goto 852

state 769
	tsyms:  tsyms TOK_COMMA var.    (211)

	.  reduce 211 (src line 2321)


state 770
	tapp:  TOK_LPAREN var infix var TOK_RPAREN.    (201)

	.  reduce 201 (src line 2252)


state 771
	term:  TOK_LPAREN TOK_DOLLAR SYMBOLx simplevars TOK_DOT fmla.TOK_RPAREN TOK_LPAREN terms TOK_RPAREN 

	TOK_RPAREN  shift 853
	.  error


state 772
	top:  top TOK_MODULE modulestart modcat atom optwith TOK_EQ TOK_LCB.top TOK_RCB moduleend 
	top: .    (1)

	.  reduce 1 (src line 481)

	top  goto 854

state 773
	top:  top.TOK_USING SYMBOLx 
	top:  top.TOK_INCLUDE SYMBOLx 
	top:  top.optexplicit opttemporal TOK_AXIOM lgprop 
	top:  top.optexplicit opttemporal TOK_PROPERTY labeledfmla optskolem optproof 
	top:  top.TOK_CONJECTURE labeledfmla 
	top:  top.optexplicit TOK_INVARIANT labeledfmla optproof 
	top:  top.TOK_UNPROVABLE TOK_INVARIANT labeledfmla optproof 
	top:  top.TOK_MODULE modulestart modcat atom optwith TOK_EQ TOK_LCB top TOK_RCB moduleend 
	top:  top.TOK_OBJECT objsym objectargs TOK_EQ TOK_LCB optdotdotdot top TOK_RCB objectend 
	top:  top TOK_OBJECT objsym objectargs TOK_EQ TOK_LCB optdotdotdot top.TOK_RCB objectend 
	top:  top.TOK_CLASS objsym objectargs TOK_EQ TOK_LCB optdotdotdot top TOK_RCB objectend 
	top:  top.TOK_SUBCLASS objsym TOK_OF atype TOK_EQ TOK_LCB optdotdotdot top TOK_RCB objectend 
	top:  top.optexplicit TOK_DEFINITION optlabel gdefn optproof 
	top:  top.TOK_SCHEMA schdefn 
	top:  top.TOK_THEOREM schdefn optproof 
	top:  top.TOK_THEOREM labelname schdefnrhs optproof 
	top:  top.TOK_PROOF labelname proofstep 
	top:  top.TOK_INSTANTIATE insts 
	top:  top.TOK_AUTOINSTANCE insts 
	top:  top.symdecl 
	top:  top.TOK_RELATION rels 
	top:  top.TOK_FUNCTION funs 
	top:  top.TOK_DERIVED defns 
	top:  top.optfinite optghost TOK_TYPE typesymbol 
	top:  top.optfinite optghost TOK_TYPE typesymbol TOK_EQ sort 
	top:  top.TOK_PROGRESS defns 
	top:  top.TOK_RELY atom TOK_ARROW atom 
	top:  top.TOK_RELY atom 
	top:  top.TOK_MIXORD callatom TOK_ARROW callatom 
	top:  top.TOK_CONCEPT cdefns 
	top:  top.TOK_UPDATE apps TOK_FROM apps upaxes 
	top:  top.TOK_MACRO atom TOK_EQ sequence 
	top:  top.optimpex actmeth SYMBOLx optargs optreturns optactiondef 
	top:  top.TOK_MIXIN callatom TOK_BEFORE callatom 
	top:  top.TOK_MIXIN callatom TOK_AFTER callatom 
	top:  top.TOK_BEFORE atype optargs optreturns sequence 
	top:  top.TOK_AFTER atype optargs optreturns topseq 
	top:  top.TOK_AROUND atype optargs optreturns TOK_LCB actseq optsemi TOK_DOTDOTDOT actseq optsemi TOK_RCB 
	top:  top.TOK_AFTER TOK_INIT optargs topseq 
	top:  top.TOK_IMPLEMENT atype optargs optreturns topseq 
	top:  top.TOK_IMPLEMENT TOK_TYPE SYMBOLx TOK_WITH SYMBOLx 
	top:  top.opttrusted TOK_ISOLATE SYMBOLx optargs TOK_EQ callatoms 
	top:  top.opttrusted TOK_ISOLATE SYMBOLx optargs TOK_EQ callatoms TOK_WITH callatoms 
	top:  top.opttrusted TOK_ISOLATE SYMBOLx optargs TOK_EQ TOK_LCB top TOK_RCB optwith 
	top:  top.TOK_EXTRACT objsym objectargs TOK_EQ TOK_LCB top TOK_RCB optwith 
	top:  top.TOK_EXTRACT objsym objectargs TOK_EQ callatoms 
	top:  top.TOK_EXPORT callatom 
	top:  top.TOK_IMPORT callatom 
	top:  top.TOK_DELEGATE callatoms optdelegee 
	top:  top.TOK_INTERPRET oper TOK_ARROW oper 
	top:  top.TOK_INTERPRET oper TOK_ARROW TOK_LCB term TOK_DOTS term TOK_RCB 
	top:  top.TOK_INTERPRET oper TOK_ARROW TOK_LCB SYMBOLx moresymbols TOK_RCB 
	top:  top.TOK_ALIAS SYMBOLx TOK_EQ callatom 
	top:  top.TOK_ATTRIBUTE callatom TOK_EQ attributeval 
	top:  top.TOK_VARIANT typesymbol TOK_OF atype 
	top:  top.TOK_VARIANT typesymbol TOK_OF atype TOK_EQ sort 
	top:  top.TOK_NATIVEQUOTE 
	top:  top.TOK_SCENARIO TOK_LCB sceninit TOK_SEMI scentranss TOK_RCB 
	top:  top.specimpl TOK_LCB top TOK_RCB 
	top:  top.TOK_STATE SYMBOLx TOK_EQ state_expr 
	top:  top.TOK_ASSERT SYMBOLx TOK_ARROW assert_rhs 
	optexplicit: .    (134)
	optfinite: .    (227)
	optimpex: .    (299)
	opttrusted: .    (277)

	TOK_NATIVEQUOTE  shift 42
	TOK_RCB  shift 855
	TOK_ASSERT  shift 46
	TOK_VAR  shift 60
	TOK_UNPROVABLE  shift 6
	TOK_PROOF  shift 13
	TOK_INSTANTIATE  shift 14
	TOK_RELATION  shift 17
	TOK_INDIV  shift 59
	TOK_FUNCTION  shift 18
	TOK_DERIVED  shift 19
	TOK_CONJECTURE  shift 5
	TOK_SCHEMA  shift 11
	TOK_THEOREM  shift 12
	TOK_TYPE  reduce 227 (src line 2437)
	TOK_MODULE  shift 7
	TOK_OBJECT  shift 8
	TOK_CLASS  shift 9
	TOK_SUBCLASS  shift 10
	TOK_ACTION  reduce 299 (src line 2901)
	TOK_METHOD  reduce 299 (src line 2901)
	TOK_BEFORE  shift 29
	TOK_AFTER  shift 30
	TOK_AROUND  shift 31
	TOK_MIXIN  shift 28
	TOK_IMPLEMENT  shift 32
	TOK_ISOLATE  reduce 277 (src line 2740)
	TOK_EXTRACT  shift 34
	TOK_TRUSTED  shift 53
	TOK_EXPORT  shift 35
	TOK_IMPORT  shift 36
	TOK_DELEGATE  shift 37
	TOK_USING  shift 2
	TOK_INCLUDE  shift 3
	TOK_INTERPRET  shift 38
	TOK_MACRO  shift 26
	TOK_ALIAS  shift 39
	TOK_ATTRIBUTE  shift 40
	TOK_VARIANT  shift 41
	TOK_SCENARIO  shift 43
	TOK_PROGRESS  shift 21
	TOK_RELY  shift 22
	TOK_MIXORD  shift 23
	TOK_CONCEPT  shift 24
	TOK_STATE  shift 45
	TOK_UPDATE  shift 25
	TOK_EXPLICIT  shift 47
	TOK_SPECIFICATION  shift 54
	TOK_IMPLEMENTATION  shift 55
	TOK_PRIVATE  shift 56
	TOK_GLOBAL  shift 57
	TOK_COMMON  shift 58
	TOK_GHOST  reduce 227 (src line 2437)
	TOK_FINITE  shift 52
	TOK_PARAMETER  shift 61
	TOK_DESTRUCTOR  shift 49
	TOK_CONSTRUCTOR  shift 51
	TOK_FIELD  shift 50
	TOK_AUTOINSTANCE  shift 15
	.  reduce 134 (src line 1780)

	optexplicit  goto 4
	symdecl  goto 16
	constantdecl  goto 48
	optfinite  goto 20
	optimpex  goto 27
	opttrusted  goto 33
	specimpl  goto 44

state 774
	top:  top.TOK_USING SYMBOLx 
	top:  top.TOK_INCLUDE SYMBOLx 
	top:  top.optexplicit opttemporal TOK_AXIOM lgprop 
	top:  top.optexplicit opttemporal TOK_PROPERTY labeledfmla optskolem optproof 
	top:  top.TOK_CONJECTURE labeledfmla 
	top:  top.optexplicit TOK_INVARIANT labeledfmla optproof 
	top:  top.TOK_UNPROVABLE TOK_INVARIANT labeledfmla optproof 
	top:  top.TOK_MODULE modulestart modcat atom optwith TOK_EQ TOK_LCB top TOK_RCB moduleend 
	top:  top.TOK_OBJECT objsym objectargs TOK_EQ TOK_LCB optdotdotdot top TOK_RCB objectend 
	top:  top.TOK_CLASS objsym objectargs TOK_EQ TOK_LCB optdotdotdot top TOK_RCB objectend 
	top:  top TOK_CLASS objsym objectargs TOK_EQ TOK_LCB optdotdotdot top.TOK_RCB objectend 
	top:  top.TOK_SUBCLASS objsym TOK_OF atype TOK_EQ TOK_LCB optdotdotdot top TOK_RCB objectend 
	top:  top.optexplicit TOK_DEFINITION optlabel gdefn optproof 
	top:  top.TOK_SCHEMA schdefn 
	top:  top.TOK_THEOREM schdefn optproof 
	top:  top.TOK_THEOREM labelname schdefnrhs optproof 
	top:  top.TOK_PROOF labelname proofstep 
	top:  top.TOK_INSTANTIATE insts 
	top:  top.TOK_AUTOINSTANCE insts 
	top:  top.symdecl 
	top:  top.TOK_RELATION rels 
	top:  top.TOK_FUNCTION funs 
	top:  top.TOK_DERIVED defns 
	top:  top.optfinite optghost TOK_TYPE typesymbol 
	top:  top.optfinite optghost TOK_TYPE typesymbol TOK_EQ sort 
	top:  top.TOK_PROGRESS defns 
	top:  top.TOK_RELY atom TOK_ARROW atom 
	top:  top.TOK_RELY atom 
	top:  top.TOK_MIXORD callatom TOK_ARROW callatom 
	top:  top.TOK_CONCEPT cdefns 
	top:  top.TOK_UPDATE apps TOK_FROM apps upaxes 
	top:  top.TOK_MACRO atom TOK_EQ sequence 
	top:  top.optimpex actmeth SYMBOLx optargs optreturns optactiondef 
	top:  top.TOK_MIXIN callatom TOK_BEFORE callatom 
	top:  top.TOK_MIXIN callatom TOK_AFTER callatom 
	top:  top.TOK_BEFORE atype optargs optreturns sequence 
	top:  top.TOK_AFTER atype optargs optreturns topseq 
	top:  top.TOK_AROUND atype optargs optreturns TOK_LCB actseq optsemi TOK_DOTDOTDOT actseq optsemi TOK_RCB 
	top:  top.TOK_AFTER TOK_INIT optargs topseq 
	top:  top.TOK_IMPLEMENT atype optargs optreturns topseq 
	top:  top.TOK_IMPLEMENT TOK_TYPE SYMBOLx TOK_WITH SYMBOLx 
	top:  top.opttrusted TOK_ISOLATE SYMBOLx optargs TOK_EQ callatoms 
	top:  top.opttrusted TOK_ISOLATE SYMBOLx optargs TOK_EQ callatoms TOK_WITH callatoms 
	top:  top.opttrusted TOK_ISOLATE SYMBOLx optargs TOK_EQ TOK_LCB top TOK_RCB optwith 
	top:  top.TOK_EXTRACT objsym objectargs TOK_EQ TOK_LCB top TOK_RCB optwith 
	top:  top.TOK_EXTRACT objsym objectargs TOK_EQ callatoms 
	top:  top.TOK_EXPORT callatom 
	top:  top.TOK_IMPORT callatom 
	top:  top.TOK_DELEGATE callatoms optdelegee 
	top:  top.TOK_INTERPRET oper TOK_ARROW oper 
	top:  top.TOK_INTERPRET oper TOK_ARROW TOK_LCB term TOK_DOTS term TOK_RCB 
	top:  top.TOK_INTERPRET oper TOK_ARROW TOK_LCB SYMBOLx moresymbols TOK_RCB 
	top:  top.TOK_ALIAS SYMBOLx TOK_EQ callatom 
	top:  top.TOK_ATTRIBUTE callatom TOK_EQ attributeval 
	top:  top.TOK_VARIANT typesymbol TOK_OF atype 
	top:  top.TOK_VARIANT typesymbol TOK_OF atype TOK_EQ sort 
	top:  top.TOK_NATIVEQUOTE 
	top:  top.TOK_SCENARIO TOK_LCB sceninit TOK_SEMI scentranss TOK_RCB 
	top:  top.specimpl TOK_LCB top TOK_RCB 
	top:  top.TOK_STATE SYMBOLx TOK_EQ state_expr 
	top:  top.TOK_ASSERT SYMBOLx TOK_ARROW assert_rhs 
	optexplicit: .    (134)
	optfinite: .    (227)
	optimpex: .    (299)
	opttrusted: .    (277)

	TOK_NATIVEQUOTE  shift 42
	TOK_RCB  shift 856
	TOK_ASSERT  shift 46
	TOK_VAR  shift 60
	TOK_UNPROVABLE  shift 6
	TOK_PROOF  shift 13
	TOK_INSTANTIATE  shift 14
	TOK_RELATION  shift 17
	TOK_INDIV  shift 59
	TOK_FUNCTION  shift 18
	TOK_DERIVED  shift 19
	TOK_CONJECTURE  shift 5
	TOK_SCHEMA  shift 11
	TOK_THEOREM  shift 12
	TOK_TYPE  reduce 227 (src line 2437)
	TOK_MODULE  shift 7
	TOK_OBJECT  shift 8
	TOK_CLASS  shift 9
	TOK_SUBCLASS  shift 10
	TOK_ACTION  reduce 299 (src line 2901)
	TOK_METHOD  reduce 299 (src line 2901)
	TOK_BEFORE  shift 29
	TOK_AFTER  shift 30
	TOK_AROUND  shift 31
	TOK_MIXIN  shift 28
	TOK_IMPLEMENT  shift 32
	TOK_ISOLATE  reduce 277 (src line 2740)
	TOK_EXTRACT  shift 34
	TOK_TRUSTED  shift 53
	TOK_EXPORT  shift 35
	TOK_IMPORT  shift 36
	TOK_DELEGATE  shift 37
	TOK_USING  shift 2
	TOK_INCLUDE  shift 3
	TOK_INTERPRET  shift 38
	TOK_MACRO  shift 26
	TOK_ALIAS  shift 39
	TOK_ATTRIBUTE  shift 40
	TOK_VARIANT  shift 41
	TOK_SCENARIO  shift 43
	TOK_PROGRESS  shift 21
	TOK_RELY  shift 22
	TOK_MIXORD  shift 23
	TOK_CONCEPT  shift 24
	TOK_STATE  shift 45
	TOK_UPDATE  shift 25
	TOK_EXPLICIT  shift 47
	TOK_SPECIFICATION  shift 54
	TOK_IMPLEMENTATION  shift 55
	TOK_PRIVATE  shift 56
	TOK_GLOBAL  shift 57
	TOK_COMMON  shift 58
	TOK_GHOST  reduce 227 (src line 2437)
	TOK_FINITE  shift 52
	TOK_PARAMETER  shift 61
	TOK_DESTRUCTOR  shift 49
	TOK_CONSTRUCTOR  shift 51
	TOK_FIELD  shift 50
	TOK_AUTOINSTANCE  shift 15
	.  reduce 134 (src line 1780)

	optexplicit  goto 4
	symdecl  goto 16
	constantdecl  goto 48
	optfinite  goto 20
	optimpex  goto 27
	opttrusted  goto 33
	specimpl  goto 44

state 775
	top:  top TOK_SUBCLASS objsym TOK_OF atype TOK_EQ TOK_LCB optdotdotdot.top TOK_RCB objectend 
	top: .    (1)

	.  reduce 1 (src line 481)

	top  goto 857

state 776
	schdecl:  optexplicit TOK_PROPERTY lgprop.    (179)
	schconc:  optexplicit TOK_PROPERTY lgprop.    (185)

	TOK_RCB  reduce 185 (src line 2139)
	.  reduce 179 (src line 2096)


state 777
	schdecl:  TOK_FRESH TOK_FUNCTION funs.    (173)
	funs:  funs.TOK_COMMA fun 

	TOK_COMMA  shift 282
	.  reduce 173 (src line 2059)


state 778
	schdecl:  TOK_FRESH TOK_INDIV funs.    (175)
	funs:  funs.TOK_COMMA fun 

	TOK_COMMA  shift 282
	.  reduce 175 (src line 2071)


state 779
	schdecl:  TOK_FRESH TOK_RELATION rels.    (177)
	rels:  rels.TOK_COMMA rel 

	TOK_COMMA  shift 279
	.  reduce 177 (src line 2083)


state 780
	matches:  matches.TOK_COMMA match 
	proofstep:  TOK_APPLY atype optrenaming TOK_WITH matches.    (439)

	TOK_COMMA  shift 858
	.  reduce 439 (src line 3843)


state 781
	matches:  match.    (429)

	.  reduce 429 (src line 3774)


state 782
	match:  defn.    (427)

	.  reduce 427 (src line 3761)


state 783
	match:  var.TOK_EQ fmla 

	TOK_EQ  shift 859
	.  error


state 784
	renaminglist:  renaminglist TOK_COMMA.renamingitem 

	TOK_PRESYMBOL  shift 63
	TOK_VARIABLE  shift 680
	.  error

	SYMBOLx  goto 681
	renamingitem  goto 860

state 785
	renaming:  TOK_LT renaminglist TOK_GT.    (437)

	.  reduce 437 (src line 3826)


state 786
	renamingitem:  TOK_VARIABLE TOK_DIV.TOK_VARIABLE 

	TOK_VARIABLE  shift 861
	.  error


state 787
	renamingitem:  SYMBOLx TOK_DIV.SYMBOLx 

	TOK_PRESYMBOL  shift 63
	.  error

	SYMBOLx  goto 862

state 788
	matches:  matches.TOK_COMMA match 
	proofstep:  TOK_ASSUME atype optrenaming TOK_WITH matches.    (441)

	TOK_COMMA  shift 858
	.  reduce 441 (src line 3853)


state 789
	matches:  matches.TOK_COMMA match 
	proofstep:  TOK_INSTANTIATE atype optrenaming TOK_WITH matches.    (444)

	TOK_COMMA  shift 858
	.  reduce 444 (src line 3868)


state 790
	tacticwithlist:  tacticwithlist.tacticwithelem 
	opttacticwith:  TOK_WITH TOK_LCB tacticwithlist.TOK_RCB 

	TOK_RCB  shift 863
	TOK_INVARIANT  shift 691
	TOK_DEFINITION  shift 692
	TOK_TRIGGER  shift 693
	.  error

	tacticwithelem  goto 791

state 791
	tacticwithlist:  tacticwithlist tacticwithelem.    (414)

	.  reduce 414 (src line 3677)


state 792
	tacticwithelem:  TOK_INVARIANT labeledfmla.    (410)

	.  reduce 410 (src line 3653)


state 793
	atype:  atype.TOK_DOT SYMBOLx 
	tacticwithelem:  TOK_DEFINITION atype.TOK_EQ fmla 

	TOK_DOT  shift 305
	TOK_EQ  shift 864
	.  error


state 794
	atype:  atype.TOK_DOT SYMBOLx 
	tacticwithelem:  TOK_TRIGGER atype.TOK_WITH terms 

	TOK_DOT  shift 305
	TOK_WITH  shift 865
	.  error


state 795
	proofstep:  opttemporal TOK_PROPERTY labeledfmla optskolem optproofgroup.    (450)

	.  reduce 450 (src line 3898)


state 796
	proofstep:  TOK_IF fmla proofgroup TOK_ELSE proofgroup.    (455)

	.  reduce 455 (src line 3932)


state 797
	somevarfmla:  TOK_SOME simplevar TOK_DOT fmla.optin optelse 
	optin: .    (166)

	TOK_IN  shift 867
	.  reduce 166 (src line 2008)

	optin  goto 866

state 798
	SYMBOLx:  SYMBOLx.TOK_LB SYMsubscr TOK_RB 
	sort:  TOK_LCB SYMBOLx.TOK_RCB 
	sort:  TOK_LCB SYMBOLx.TOK_COMMA names TOK_RCB 
	sort:  TOK_LCB SYMBOLx.TOK_DOTS SYMBOLx TOK_RCB 

	TOK_LB  shift 190
	TOK_RCB  shift 868
	TOK_COMMA  shift 869
	TOK_DOTS  shift 870
	.  error


state 799
	sort:  TOK_STRUCT TOK_LCB.tterms TOK_RCB 
	sort:  TOK_STRUCT TOK_LCB.TOK_RCB 

	TOK_PRESYMBOL  shift 63
	TOK_LPAREN  shift 183
	TOK_RCB  shift 872
	TOK_CARET  shift 182
	.  error

	SYMBOLx  goto 181
	tapp  goto 180
	tterm  goto 179
	tterms  goto 871

state 800
	tterms:  tterms.TOK_COMMA tterm 
	upax:  TOK_PARAMS tterms.TOK_IN action TOK_ARROW requires ensures 

	TOK_COMMA  shift 325
	TOK_IN  shift 873
	.  error


state 801
	sequence:  TOK_LCB actseq TOK_SEMI TOK_RCB.    (338)

	.  reduce 338 (src line 3165)


state 802
	actseqrev:  simpleact TOK_SEMI actseqrev.    (342)

	.  reduce 342 (src line 3200)


state 803
	actseqrev:  complexact TOK_SEMI actseqrev.    (345)

	.  reduce 345 (src line 3215)


state 804
	simpleact:  optunprovable TOK_ASSERT labeledfmla.    (350)
	simpleact:  optunprovable TOK_ASSERT labeledfmla.TOK_PROOF proofstep 

	TOK_PROOF  shift 874
	.  reduce 350 (src line 3250)


state 805
	simpleact:  optunprovable TOK_REQUIRE labeledfmla.    (352)
	simpleact:  optunprovable TOK_REQUIRE labeledfmla.TOK_PROOF proofstep 

	TOK_PROOF  shift 875
	.  reduce 352 (src line 3265)


state 806
	simpleact:  optunprovable TOK_ENSURE labeledfmla.    (354)
	simpleact:  optunprovable TOK_ENSURE labeledfmla.TOK_PROOF proofstep 

	TOK_PROOF  shift 876
	.  reduce 354 (src line 3275)


state 807
	simpleact:  term TOK_ASSIGN fmla.    (356)

	.  reduce 356 (src line 3285)


state 808
	simpleact:  term TOK_ASSIGN TOK_TIMES.    (358)

	.  reduce 358 (src line 3297)


state 809
	callatom:  callatom.TOK_DOT callatom 
	simpleact:  termtuple TOK_ASSIGN callatom.    (357)

	TOK_DOT  shift 289
	.  reduce 357 (src line 3292)


state 810
	simpleact:  TOK_VAR tterm TOK_ASSIGN.fmla 

	TOK_PRESYMBOL  shift 63
	TOK_VARIABLE  shift 88
	TOK_LPAREN  shift 78
	TOK_TILDA  shift 81
	TOK_DOLLAR  shift 86
	TOK_FORALL  shift 82
	TOK_EXISTS  shift 83
	TOK_TRUE  shift 79
	TOK_FALSE  shift 80
	TOK_OLD  shift 77
	TOK_GLOBALLY  shift 84
	TOK_EVENTUALLY  shift 85
	.  error

	term  goto 72
	fmla  goto 877
	appelem  goto 75
	var  goto 76
	SYMBOLx  goto 87

state 811
	callatom:  callatom.TOK_DOT callatom 
	simpleact:  TOK_CALL optactualreturns callatom.    (361)

	TOK_DOT  shift 289
	.  reduce 361 (src line 3312)


state 812
	optactualreturns:  callatoms TOK_ASSIGN.    (284)

	.  reduce 284 (src line 2785)


state 813
	lit:  TOK_TILDA lit.    (258)

	.  reduce 258 (src line 2599)


state 814
	simpleact:  TOK_DEBUG SYMBOLx optdebugargs.    (366)

	.  reduce 366 (src line 3338)


state 815
	optdebugargs:  TOK_WITH.debugargs 

	TOK_PRESYMBOL  shift 63
	.  error

	SYMBOLx  goto 880
	debugarg  goto 879
	debugargs  goto 878

state 816
	complexact:  TOK_IF somefmla sequence.    (375)
	complexact:  TOK_IF somefmla sequence.TOK_ELSE action 

	TOK_ELSE  shift 881
	.  reduce 375 (src line 3404)


state 817
	complexact:  TOK_IF TOK_TIMES sequence.TOK_ELSE action 

	TOK_ELSE  shift 882
	.  error


state 818
	somefmla:  fmla TOK_ASSIGN.fmla 

	TOK_PRESYMBOL  shift 63
	TOK_VARIABLE  shift 88
	TOK_LPAREN  shift 78
	TOK_TILDA  shift 81
	TOK_DOLLAR  shift 86
	TOK_FORALL  shift 82
	TOK_EXISTS  shift 83
	TOK_TRUE  shift 79
	TOK_FALSE  shift 80
	TOK_OLD  shift 77
	TOK_GLOBALLY  shift 84
	TOK_EVENTUALLY  shift 85
	.  error

	term  goto 72
	fmla  goto 883
	appelem  goto 75
	var  goto 76
	SYMBOLx  goto 87

state 819
	somefmla:  TOK_SOME bounds.fmla 
	somefmla:  TOK_SOME bounds.fmla TOK_MINIMIZING term 
	somefmla:  TOK_SOME bounds.fmla TOK_MAXIMIZING term 

	TOK_PRESYMBOL  shift 63
	TOK_VARIABLE  shift 88
	TOK_LPAREN  shift 78
	TOK_TILDA  shift 81
	TOK_DOLLAR  shift 86
	TOK_FORALL  shift 82
	TOK_EXISTS  shift 83
	TOK_TRUE  shift 79
	TOK_FALSE  shift 80
	TOK_OLD  shift 77
	TOK_GLOBALLY  shift 84
	TOK_EVENTUALLY  shift 85
	.  error

	term  goto 72
	fmla  goto 884
	appelem  goto 75
	var  goto 76
	SYMBOLx  goto 87

state 820
	params:  params.TOK_COMMA param 
	bounds:  params.TOK_DOT 

	TOK_COMMA  shift 885
	TOK_DOT  shift 886
	.  error


state 821
	bounds:  TOK_LPAREN.lparams TOK_RPAREN 

	TOK_PRESYMBOL  shift 63
	TOK_CARET  shift 252
	.  error

	SYMBOLx  goto 251
	lparam  goto 385
	lparams  goto 887

state 822
	params:  param.    (286)

	.  reduce 286 (src line 2802)


state 823
	SYMBOLx:  SYMBOLx.TOK_LB SYMsubscr TOK_RB 
	param:  SYMBOLx.TOK_COLON SYMBOLx 

	TOK_LB  shift 190
	TOK_COLON  shift 888
	.  error


state 824
	complexact:  TOK_WHILE somefmla invariants.decreases sequence 
	invariants:  invariants.TOK_INVARIANT labeledfmla 
	invariants:  invariants.TOK_INVARIANT labeledfmla TOK_PROOF proofstep 
	decreases: .    (393)

	TOK_INVARIANT  shift 890
	TOK_DECREASES  shift 891
	.  reduce 393 (src line 3515)

	decreases  goto 889

state 825
	complexact:  TOK_FOR tterm TOK_COMMA.tterm TOK_IN fmla invariants decreases sequence 

	TOK_PRESYMBOL  shift 63
	TOK_LPAREN  shift 183
	TOK_CARET  shift 182
	.  error

	SYMBOLx  goto 181
	tapp  goto 180
	tterm  goto 892

state 826
	complexact:  TOK_LOCAL lparams sequence.    (380)

	.  reduce 380 (src line 3432)


state 827
	complexact:  TOK_LET eqns sequence.    (381)

	.  reduce 381 (src line 3438)


state 828
	eqns:  eqns TOK_COMMA.eqn 

	TOK_PRESYMBOL  shift 63
	.  error

	SYMBOLx  goto 745
	eqn  goto 893

state 829
	eqn:  SYMBOLx TOK_EQ.SYMBOLx 

	TOK_PRESYMBOL  shift 63
	.  error

	SYMBOLx  goto 894

state 830
	SYMBOLx:  SYMBOLx.TOK_LB SYMsubscr TOK_RB 
	complexact:  TOK_THUNK labelname SYMBOLx.optargs TOK_COLON atype TOK_ASSIGN sequence 
	optargs: .    (279)

	TOK_LPAREN  shift 242
	TOK_LB  shift 190
	.  reduce 279 (src line 2753)

	optargs  goto 895

state 831
	termtuple:  TOK_LPAREN term TOK_COMMA.terms TOK_RPAREN 
	terms: .    (80)

	TOK_PRESYMBOL  shift 63
	TOK_VARIABLE  shift 88
	TOK_LPAREN  shift 78
	TOK_TILDA  shift 81
	TOK_DOLLAR  shift 86
	TOK_FORALL  shift 82
	TOK_EXISTS  shift 83
	TOK_TRUE  shift 79
	TOK_FALSE  shift 80
	TOK_OLD  shift 77
	TOK_GLOBALLY  shift 84
	TOK_EVENTUALLY  shift 85
	.  reduce 80 (src line 1364)

	term  goto 379
	appelem  goto 75
	var  goto 76
	terms  goto 896
	SYMBOLx  goto 87

state 832
	optactiondef:  TOK_EQ topseq.    (295)

	.  reduce 295 (src line 2873)


state 833
	optactiondef:  TOK_EQ TOK_TIMES.    (296)

	.  reduce 296 (src line 2878)


state 834
	optreturns:  TOK_RETURNS TOK_LPAREN lparams TOK_RPAREN.    (282)

	.  reduce 282 (src line 2772)


state 835
	top:  top TOK_AROUND atype optargs optreturns TOK_LCB actseq optsemi.TOK_DOTDOTDOT actseq optsemi TOK_RCB 

	TOK_DOTDOTDOT  shift 897
	.  error


state 836
	optsemi:  TOK_SEMI.    (144)

	.  reduce 144 (src line 1846)


state 837
	top:  top opttrusted TOK_ISOLATE SYMBOLx optargs TOK_EQ callatoms TOK_WITH.callatoms 

	TOK_PRESYMBOL  shift 63
	TOK_THIS  shift 126
	TOK_METHOD  shift 127
	.  error

	SYMBOLx  goto 123
	atom  goto 125
	callatom  goto 153
	callatoms  goto 898

state 838
	top:  top.TOK_USING SYMBOLx 
	top:  top.TOK_INCLUDE SYMBOLx 
	top:  top.optexplicit opttemporal TOK_AXIOM lgprop 
	top:  top.optexplicit opttemporal TOK_PROPERTY labeledfmla optskolem optproof 
	top:  top.TOK_CONJECTURE labeledfmla 
	top:  top.optexplicit TOK_INVARIANT labeledfmla optproof 
	top:  top.TOK_UNPROVABLE TOK_INVARIANT labeledfmla optproof 
	top:  top.TOK_MODULE modulestart modcat atom optwith TOK_EQ TOK_LCB top TOK_RCB moduleend 
	top:  top.TOK_OBJECT objsym objectargs TOK_EQ TOK_LCB optdotdotdot top TOK_RCB objectend 
	top:  top.TOK_CLASS objsym objectargs TOK_EQ TOK_LCB optdotdotdot top TOK_RCB objectend 
	top:  top.TOK_SUBCLASS objsym TOK_OF atype TOK_EQ TOK_LCB optdotdotdot top TOK_RCB objectend 
	top:  top.optexplicit TOK_DEFINITION optlabel gdefn optproof 
	top:  top.TOK_SCHEMA schdefn 
	top:  top.TOK_THEOREM schdefn optproof 
	top:  top.TOK_THEOREM labelname schdefnrhs optproof 
	top:  top.TOK_PROOF labelname proofstep 
	top:  top.TOK_INSTANTIATE insts 
	top:  top.TOK_AUTOINSTANCE insts 
	top:  top.symdecl 
	top:  top.TOK_RELATION rels 
	top:  top.TOK_FUNCTION funs 
	top:  top.TOK_DERIVED defns 
	top:  top.optfinite optghost TOK_TYPE typesymbol 
	top:  top.optfinite optghost TOK_TYPE typesymbol TOK_EQ sort 
	top:  top.TOK_PROGRESS defns 
	top:  top.TOK_RELY atom TOK_ARROW atom 
	top:  top.TOK_RELY atom 
	top:  top.TOK_MIXORD callatom TOK_ARROW callatom 
	top:  top.TOK_CONCEPT cdefns 
	top:  top.TOK_UPDATE apps TOK_FROM apps upaxes 
	top:  top.TOK_MACRO atom TOK_EQ sequence 
	top:  top.optimpex actmeth SYMBOLx optargs optreturns optactiondef 
	top:  top.TOK_MIXIN callatom TOK_BEFORE callatom 
	top:  top.TOK_MIXIN callatom TOK_AFTER callatom 
	top:  top.TOK_BEFORE atype optargs optreturns sequence 
	top:  top.TOK_AFTER atype optargs optreturns topseq 
	top:  top.TOK_AROUND atype optargs optreturns TOK_LCB actseq optsemi TOK_DOTDOTDOT actseq optsemi TOK_RCB 
	top:  top.TOK_AFTER TOK_INIT optargs topseq 
	top:  top.TOK_IMPLEMENT atype optargs optreturns topseq 
	top:  top.TOK_IMPLEMENT TOK_TYPE SYMBOLx TOK_WITH SYMBOLx 
	top:  top.opttrusted TOK_ISOLATE SYMBOLx optargs TOK_EQ callatoms 
	top:  top.opttrusted TOK_ISOLATE SYMBOLx optargs TOK_EQ callatoms TOK_WITH callatoms 
	top:  top.opttrusted TOK_ISOLATE SYMBOLx optargs TOK_EQ TOK_LCB top TOK_RCB optwith 
	top:  top opttrusted TOK_ISOLATE SYMBOLx optargs TOK_EQ TOK_LCB top.TOK_RCB optwith 
	top:  top.TOK_EXTRACT objsym objectargs TOK_EQ TOK_LCB top TOK_RCB optwith 
	top:  top.TOK_EXTRACT objsym objectargs TOK_EQ callatoms 
	top:  top.TOK_EXPORT callatom 
	top:  top.TOK_IMPORT callatom 
	top:  top.TOK_DELEGATE callatoms optdelegee 
	top:  top.TOK_INTERPRET oper TOK_ARROW oper 
	top:  top.TOK_INTERPRET oper TOK_ARROW TOK_LCB term TOK_DOTS term TOK_RCB 
	top:  top.TOK_INTERPRET oper TOK_ARROW TOK_LCB SYMBOLx moresymbols TOK_RCB 
	top:  top.TOK_ALIAS SYMBOLx TOK_EQ callatom 
	top:  top.TOK_ATTRIBUTE callatom TOK_EQ attributeval 
	top:  top.TOK_VARIANT typesymbol TOK_OF atype 
	top:  top.TOK_VARIANT typesymbol TOK_OF atype TOK_EQ sort 
	top:  top.TOK_NATIVEQUOTE 
	top:  top.TOK_SCENARIO TOK_LCB sceninit TOK_SEMI scentranss TOK_RCB 
	top:  top.specimpl TOK_LCB top TOK_RCB 
	top:  top.TOK_STATE SYMBOLx TOK_EQ state_expr 
	top:  top.TOK_ASSERT SYMBOLx TOK_ARROW assert_rhs 
	optexplicit: .    (134)
	optfinite: .    (227)
	optimpex: .    (299)
	opttrusted: .    (277)

	TOK_NATIVEQUOTE  shift 42
	TOK_RCB  shift 899
	TOK_ASSERT  shift 46
	TOK_VAR  shift 60
	TOK_UNPROVABLE  shift 6
	TOK_PROOF  shift 13
	TOK_INSTANTIATE  shift 14
	TOK_RELATION  shift 17
	TOK_INDIV  shift 59
	TOK_FUNCTION  shift 18
	TOK_DERIVED  shift 19
	TOK_CONJECTURE  shift 5
	TOK_SCHEMA  shift 11
	TOK_THEOREM  shift 12
	TOK_TYPE  reduce 227 (src line 2437)
	TOK_MODULE  shift 7
	TOK_OBJECT  shift 8
	TOK_CLASS  shift 9
	TOK_SUBCLASS  shift 10
	TOK_ACTION  reduce 299 (src line 2901)
	TOK_METHOD  reduce 299 (src line 2901)
	TOK_BEFORE  shift 29
	TOK_AFTER  shift 30
	TOK_AROUND  shift 31
	TOK_MIXIN  shift 28
	TOK_IMPLEMENT  shift 32
	TOK_ISOLATE  reduce 277 (src line 2740)
	TOK_EXTRACT  shift 34
	TOK_TRUSTED  shift 53
	TOK_EXPORT  shift 35
	TOK_IMPORT  shift 36
	TOK_DELEGATE  shift 37
	TOK_USING  shift 2
	TOK_INCLUDE  shift 3
	TOK_INTERPRET  shift 38
	TOK_MACRO  shift 26
	TOK_ALIAS  shift 39
	TOK_ATTRIBUTE  shift 40
	TOK_VARIANT  shift 41
	TOK_SCENARIO  shift 43
	TOK_PROGRESS  shift 21
	TOK_RELY  shift 22
	TOK_MIXORD  shift 23
	TOK_CONCEPT  shift 24
	TOK_STATE  shift 45
	TOK_UPDATE  shift 25
	TOK_EXPLICIT  shift 47
	TOK_SPECIFICATION  shift 54
	TOK_IMPLEMENTATION  shift 55
	TOK_PRIVATE  shift 56
	TOK_GLOBAL  shift 57
	TOK_COMMON  shift 58
	TOK_GHOST  reduce 227 (src line 2437)
	TOK_FINITE  shift 52
	TOK_PARAMETER  shift 61
	TOK_DESTRUCTOR  shift 49
	TOK_CONSTRUCTOR  shift 51
	TOK_FIELD  shift 50
	TOK_AUTOINSTANCE  shift 15
	.  reduce 134 (src line 1780)

	optexplicit  goto 4
	symdecl  goto 16
	constantdecl  goto 48
	optfinite  goto 20
	optimpex  goto 27
	opttrusted  goto 33
	specimpl  goto 44

state 839
	top:  top TOK_EXTRACT objsym objectargs TOK_EQ TOK_LCB top TOK_RCB.optwith 
	optwith: .    (288)

	TOK_WITH  shift 536
	.  reduce 288 (src line 2815)

	optwith  goto 900

state 840
	top:  top TOK_INTERPRET oper TOK_ARROW TOK_LCB term TOK_DOTS term.TOK_RCB 
	term:  term.TOK_DOT appelem 
	term:  term.TOK_PLUS term 
	term:  term.TOK_MINUS term 
	term:  term.TOK_TIMES term 
	term:  term.TOK_DIV term 
	term:  term.TOK_IF fmla TOK_ELSE term 
	term:  term.TOK_EQ term 
	term:  term.TOK_LE term 
	term:  term.TOK_LT term 
	term:  term.TOK_GE term 
	term:  term.TOK_GT term 
	term:  term.TOK_PTO term 
	term:  term.TOK_TILDAEQ term 
	term:  term.TOK_AND term 
	term:  term.TOK_OR term 
	term:  term.TOK_ARROW term 
	term:  term.TOK_IFF term 
	term:  term.TOK_WHENNEXT term 
	term:  term.TOK_WHENPREV term 
	term:  term.TOK_WHENFIRST term 
	term:  term.TOK_WHENLAST term 
	term:  term.TOK_ISA atype 
	term:  term.TOK_COLON atype 

	TOK_RCB  shift 901
	TOK_COLON  shift 219
	TOK_DOT  shift 197
	TOK_PLUS  shift 198
	TOK_MINUS  shift 199
	TOK_TIMES  shift 200
	TOK_DIV  shift 201
	TOK_EQ  shift 203
	TOK_TILDAEQ  shift 209
	TOK_LE  shift 204
	TOK_LT  shift 205
	TOK_GE  shift 206
	TOK_GT  shift 207
	TOK_AND  shift 210
	TOK_OR  shift 211
	TOK_ARROW  shift 212
	TOK_IFF  shift 213
	TOK_PTO  shift 208
	TOK_ISA  shift 218
	TOK_IF  shift 202
	TOK_WHENNEXT  shift 214
	TOK_WHENPREV  shift 215
	TOK_WHENFIRST  shift 216
	TOK_WHENLAST  shift 217
	.  error


state 841
	top:  top TOK_INTERPRET oper TOK_ARROW TOK_LCB SYMBOLx moresymbols TOK_RCB.    (52)

	.  reduce 52 (src line 1095)


state 842
	moresymbols:  moresymbols TOK_COMMA.SYMBOLx 

	TOK_PRESYMBOL  shift 63
	.  error

	SYMBOLx  goto 902

state 843
	scentrans:  places TOK_ARROW.places TOK_COLON scenariomixin 

	TOK_PRESYMBOL  shift 63
	.  error

	SYMBOLx  goto 490
	places  goto 903

state 844
	scentrans:  places TOK_COLON.scenariomixin 

	TOK_BEFORE  shift 905
	TOK_AFTER  shift 906
	.  error

	scenariomixin  goto 904

state 845
	state_expr:  SYMBOLx TOK_LPAREN state_expr TOK_RPAREN.    (475)

	.  reduce 475 (src line 4059)


state 846
	state_expr:  TOK_LCB requires modifies ensures.TOK_RCB 

	TOK_RCB  shift 907
	.  error


state 847
	ensures:  TOK_ENSURES.fmla 

	TOK_PRESYMBOL  shift 63
	TOK_VARIABLE  shift 88
	TOK_LPAREN  shift 78
	TOK_TILDA  shift 81
	TOK_DOLLAR  shift 86
	TOK_FORALL  shift 82
	TOK_EXISTS  shift 83
	TOK_TRUE  shift 79
	TOK_FALSE  shift 80
	TOK_OLD  shift 77
	TOK_GLOBALLY  shift 84
	TOK_EVENTUALLY  shift 85
	.  error

	term  goto 72
	fmla  goto 908
	appelem  goto 75
	var  goto 76
	SYMBOLx  goto 87

state 848
	modifies:  TOK_MODIFIES TOK_LCB.TOK_RCB 

	TOK_RCB  shift 909
	.  error


state 849
	modifies:  TOK_MODIFIES TOK_TIMES.    (465)

	.  reduce 465 (src line 3997)


state 850
	atoms:  atoms.TOK_COMMA atom 
	modifies:  TOK_MODIFIES atoms.    (466)

	TOK_COMMA  shift 910
	.  reduce 466 (src line 4002)


state 851
	atoms:  atom.    (250)

	.  reduce 250 (src line 2549)


state 852
	assert_rhs:  TOK_LCB requires modifies ensures.TOK_RCB 

	TOK_RCB  shift 911
	.  error


state 853
	term:  TOK_LPAREN TOK_DOLLAR SYMBOLx simplevars TOK_DOT fmla TOK_RPAREN.TOK_LPAREN terms TOK_RPAREN 

	TOK_LPAREN  shift 912
	.  error


state 854
	top:  top.TOK_USING SYMBOLx 
	top:  top.TOK_INCLUDE SYMBOLx 
	top:  top.optexplicit opttemporal TOK_AXIOM lgprop 
	top:  top.optexplicit opttemporal TOK_PROPERTY labeledfmla optskolem optproof 
	top:  top.TOK_CONJECTURE labeledfmla 
	top:  top.optexplicit TOK_INVARIANT labeledfmla optproof 
	top:  top.TOK_UNPROVABLE TOK_INVARIANT labeledfmla optproof 
	top:  top.TOK_MODULE modulestart modcat atom optwith TOK_EQ TOK_LCB top TOK_RCB moduleend 
	top:  top TOK_MODULE modulestart modcat atom optwith TOK_EQ TOK_LCB top.TOK_RCB moduleend 
	top:  top.TOK_OBJECT objsym objectargs TOK_EQ TOK_LCB optdotdotdot top TOK_RCB objectend 
	top:  top.TOK_CLASS objsym objectargs TOK_EQ TOK_LCB optdotdotdot top TOK_RCB objectend 
	top:  top.TOK_SUBCLASS objsym TOK_OF atype TOK_EQ TOK_LCB optdotdotdot top TOK_RCB objectend 
	top:  top.optexplicit TOK_DEFINITION optlabel gdefn optproof 
	top:  top.TOK_SCHEMA schdefn 
	top:  top.TOK_THEOREM schdefn optproof 
	top:  top.TOK_THEOREM labelname schdefnrhs optproof 
	top:  top.TOK_PROOF labelname proofstep 
	top:  top.TOK_INSTANTIATE insts 
	top:  top.TOK_AUTOINSTANCE insts 
	top:  top.symdecl 
	top:  top.TOK_RELATION rels 
	top:  top.TOK_FUNCTION funs 
	top:  top.TOK_DERIVED defns 
	top:  top.optfinite optghost TOK_TYPE typesymbol 
	top:  top.optfinite optghost TOK_TYPE typesymbol TOK_EQ sort 
	top:  top.TOK_PROGRESS defns 
	top:  top.TOK_RELY atom TOK_ARROW atom 
	top:  top.TOK_RELY atom 
	top:  top.TOK_MIXORD callatom TOK_ARROW callatom 
	top:  top.TOK_CONCEPT cdefns 
	top:  top.TOK_UPDATE apps TOK_FROM apps upaxes 
	top:  top.TOK_MACRO atom TOK_EQ sequence 
	top:  top.optimpex actmeth SYMBOLx optargs optreturns optactiondef 
	top:  top.TOK_MIXIN callatom TOK_BEFORE callatom 
	top:  top.TOK_MIXIN callatom TOK_AFTER callatom 
	top:  top.TOK_BEFORE atype optargs optreturns sequence 
	top:  top.TOK_AFTER atype optargs optreturns topseq 
	top:  top.TOK_AROUND atype optargs optreturns TOK_LCB actseq optsemi TOK_DOTDOTDOT actseq optsemi TOK_RCB 
	top:  top.TOK_AFTER TOK_INIT optargs topseq 
	top:  top.TOK_IMPLEMENT atype optargs optreturns topseq 
	top:  top.TOK_IMPLEMENT TOK_TYPE SYMBOLx TOK_WITH SYMBOLx 
	top:  top.opttrusted TOK_ISOLATE SYMBOLx optargs TOK_EQ callatoms 
	top:  top.opttrusted TOK_ISOLATE SYMBOLx optargs TOK_EQ callatoms TOK_WITH callatoms 
	top:  top.opttrusted TOK_ISOLATE SYMBOLx optargs TOK_EQ TOK_LCB top TOK_RCB optwith 
	top:  top.TOK_EXTRACT objsym objectargs TOK_EQ TOK_LCB top TOK_RCB optwith 
	top:  top.TOK_EXTRACT objsym objectargs TOK_EQ callatoms 
	top:  top.TOK_EXPORT callatom 
	top:  top.TOK_IMPORT callatom 
	top:  top.TOK_DELEGATE callatoms optdelegee 
	top:  top.TOK_INTERPRET oper TOK_ARROW oper 
	top:  top.TOK_INTERPRET oper TOK_ARROW TOK_LCB term TOK_DOTS term TOK_RCB 
	top:  top.TOK_INTERPRET oper TOK_ARROW TOK_LCB SYMBOLx moresymbols TOK_RCB 
	top:  top.TOK_ALIAS SYMBOLx TOK_EQ callatom 
	top:  top.TOK_ATTRIBUTE callatom TOK_EQ attributeval 
	top:  top.TOK_VARIANT typesymbol TOK_OF atype 
	top:  top.TOK_VARIANT typesymbol TOK_OF atype TOK_EQ sort 
	top:  top.TOK_NATIVEQUOTE 
	top:  top.TOK_SCENARIO TOK_LCB sceninit TOK_SEMI scentranss TOK_RCB 
	top:  top.specimpl TOK_LCB top TOK_RCB 
	top:  top.TOK_STATE SYMBOLx TOK_EQ state_expr 
	top:  top.TOK_ASSERT SYMBOLx TOK_ARROW assert_rhs 
	optexplicit: .    (134)
	optfinite: .    (227)
	optimpex: .    (299)
	opttrusted: .    (277)

	TOK_NATIVEQUOTE  shift 42
	TOK_RCB  shift 913
	TOK_ASSERT  shift 46
	TOK_VAR  shift 60
	TOK_UNPROVABLE  shift 6
	TOK_PROOF  shift 13
	TOK_INSTANTIATE  shift 14
	TOK_RELATION  shift 17
	TOK_INDIV  shift 59
	TOK_FUNCTION  shift 18
	TOK_DERIVED  shift 19
	TOK_CONJECTURE  shift 5
	TOK_SCHEMA  shift 11
	TOK_THEOREM  shift 12
	TOK_TYPE  reduce 227 (src line 2437)
	TOK_MODULE  shift 7
	TOK_OBJECT  shift 8
	TOK_CLASS  shift 9
	TOK_SUBCLASS  shift 10
	TOK_ACTION  reduce 299 (src line 2901)
	TOK_METHOD  reduce 299 (src line 2901)
	TOK_BEFORE  shift 29
	TOK_AFTER  shift 30
	TOK_AROUND  shift 31
	TOK_MIXIN  shift 28
	TOK_IMPLEMENT  shift 32
	TOK_ISOLATE  reduce 277 (src line 2740)
	TOK_EXTRACT  shift 34
	TOK_TRUSTED  shift 53
	TOK_EXPORT  shift 35
	TOK_IMPORT  shift 36
	TOK_DELEGATE  shift 37
	TOK_USING  shift 2
	TOK_INCLUDE  shift 3
	TOK_INTERPRET  shift 38
	TOK_MACRO  shift 26
	TOK_ALIAS  shift 39
	TOK_ATTRIBUTE  shift 40
	TOK_VARIANT  shift 41
	TOK_SCENARIO  shift 43
	TOK_PROGRESS  shift 21
	TOK_RELY  shift 22
	TOK_MIXORD  shift 23
	TOK_CONCEPT  shift 24
	TOK_STATE  shift 45
	TOK_UPDATE  shift 25
	TOK_EXPLICIT  shift 47
	TOK_SPECIFICATION  shift 54
	TOK_IMPLEMENTATION  shift 55
	TOK_PRIVATE  shift 56
	TOK_GLOBAL  shift 57
	TOK_COMMON  shift 58
	TOK_GHOST  reduce 227 (src line 2437)
	TOK_FINITE  shift 52
	TOK_PARAMETER  shift 61
	TOK_DESTRUCTOR  shift 49
	TOK_CONSTRUCTOR  shift 51
	TOK_FIELD  shift 50
	TOK_AUTOINSTANCE  shift 15
	.  reduce 134 (src line 1780)

	optexplicit  goto 4
	symdecl  goto 16
	constantdecl  goto 48
	optfinite  goto 20
	optimpex  goto 27
	opttrusted  goto 33
	specimpl  goto 44

state 855
	top:  top TOK_OBJECT objsym objectargs TOK_EQ TOK_LCB optdotdotdot top TOK_RCB.objectend 
	objectend: .    (267)

	.  reduce 267 (src line 2670)

	objectend  goto 914

state 856
	top:  top TOK_CLASS objsym objectargs TOK_EQ TOK_LCB optdotdotdot top TOK_RCB.objectend 
	objectend: .    (267)

	.  reduce 267 (src line 2670)

	objectend  goto 915

state 857
	top:  top.TOK_USING SYMBOLx 
	top:  top.TOK_INCLUDE SYMBOLx 
	top:  top.optexplicit opttemporal TOK_AXIOM lgprop 
	top:  top.optexplicit opttemporal TOK_PROPERTY labeledfmla optskolem optproof 
	top:  top.TOK_CONJECTURE labeledfmla 
	top:  top.optexplicit TOK_INVARIANT labeledfmla optproof 
	top:  top.TOK_UNPROVABLE TOK_INVARIANT labeledfmla optproof 
	top:  top.TOK_MODULE modulestart modcat atom optwith TOK_EQ TOK_LCB top TOK_RCB moduleend 
	top:  top.TOK_OBJECT objsym objectargs TOK_EQ TOK_LCB optdotdotdot top TOK_RCB objectend 
	top:  top.TOK_CLASS objsym objectargs TOK_EQ TOK_LCB optdotdotdot top TOK_RCB objectend 
	top:  top.TOK_SUBCLASS objsym TOK_OF atype TOK_EQ TOK_LCB optdotdotdot top TOK_RCB objectend 
	top:  top TOK_SUBCLASS objsym TOK_OF atype TOK_EQ TOK_LCB optdotdotdot top.TOK_RCB objectend 
	top:  top.optexplicit TOK_DEFINITION optlabel gdefn optproof 
	top:  top.TOK_SCHEMA schdefn 
	top:  top.TOK_THEOREM schdefn optproof 
	top:  top.TOK_THEOREM labelname schdefnrhs optproof 
	top:  top.TOK_PROOF labelname proofstep 
	top:  top.TOK_INSTANTIATE insts 
	top:  top.TOK_AUTOINSTANCE insts 
	top:  top.symdecl 
	top:  top.TOK_RELATION rels 
	top:  top.TOK_FUNCTION funs 
	top:  top.TOK_DERIVED defns 
	top:  top.optfinite optghost TOK_TYPE typesymbol 
	top:  top.optfinite optghost TOK_TYPE typesymbol TOK_EQ sort 
	top:  top.TOK_PROGRESS defns 
	top:  top.TOK_RELY atom TOK_ARROW atom 
	top:  top.TOK_RELY atom 
	top:  top.TOK_MIXORD callatom TOK_ARROW callatom 
	top:  top.TOK_CONCEPT cdefns 
	top:  top.TOK_UPDATE apps TOK_FROM apps upaxes 
	top:  top.TOK_MACRO atom TOK_EQ sequence 
	top:  top.optimpex actmeth SYMBOLx optargs optreturns optactiondef 
	top:  top.TOK_MIXIN callatom TOK_BEFORE callatom 
	top:  top.TOK_MIXIN callatom TOK_AFTER callatom 
	top:  top.TOK_BEFORE atype optargs optreturns sequence 
	top:  top.TOK_AFTER atype optargs optreturns topseq 
	top:  top.TOK_AROUND atype optargs optreturns TOK_LCB actseq optsemi TOK_DOTDOTDOT actseq optsemi TOK_RCB 
	top:  top.TOK_AFTER TOK_INIT optargs topseq 
	top:  top.TOK_IMPLEMENT atype optargs optreturns topseq 
	top:  top.TOK_IMPLEMENT TOK_TYPE SYMBOLx TOK_WITH SYMBOLx 
	top:  top.opttrusted TOK_ISOLATE SYMBOLx optargs TOK_EQ callatoms 
	top:  top.opttrusted TOK_ISOLATE SYMBOLx optargs TOK_EQ callatoms TOK_WITH callatoms 
	top:  top.opttrusted TOK_ISOLATE SYMBOLx optargs TOK_EQ TOK_LCB top TOK_RCB optwith 
	top:  top.TOK_EXTRACT objsym objectargs TOK_EQ TOK_LCB top TOK_RCB optwith 
	top:  top.TOK_EXTRACT objsym objectargs TOK_EQ callatoms 
	top:  top.TOK_EXPORT callatom 
	top:  top.TOK_IMPORT callatom 
	top:  top.TOK_DELEGATE callatoms optdelegee 
	top:  top.TOK_INTERPRET oper TOK_ARROW oper 
	top:  top.TOK_INTERPRET oper TOK_ARROW TOK_LCB term TOK_DOTS term TOK_RCB 
	top:  top.TOK_INTERPRET oper TOK_ARROW TOK_LCB SYMBOLx moresymbols TOK_RCB 
	top:  top.TOK_ALIAS SYMBOLx TOK_EQ callatom 
	top:  top.TOK_ATTRIBUTE callatom TOK_EQ attributeval 
	top:  top.TOK_VARIANT typesymbol TOK_OF atype 
	top:  top.TOK_VARIANT typesymbol TOK_OF atype TOK_EQ sort 
	top:  top.TOK_NATIVEQUOTE 
	top:  top.TOK_SCENARIO TOK_LCB sceninit TOK_SEMI scentranss TOK_RCB 
	top:  top.specimpl TOK_LCB top TOK_RCB 
	top:  top.TOK_STATE SYMBOLx TOK_EQ state_expr 
	top:  top.TOK_ASSERT SYMBOLx TOK_ARROW assert_rhs 
	optexplicit: .    (134)
	optfinite: .    (227)
	optimpex: .    (299)
	opttrusted: .    (277)

	TOK_NATIVEQUOTE  shift 42
	TOK_RCB  shift 916
	TOK_ASSERT  shift 46
	TOK_VAR  shift 60
	TOK_UNPROVABLE  shift 6
	TOK_PROOF  shift 13
	TOK_INSTANTIATE  shift 14
	TOK_RELATION  shift 17
	TOK_INDIV  shift 59
	TOK_FUNCTION  shift 18
	TOK_DERIVED  shift 19
	TOK_CONJECTURE  shift 5
	TOK_SCHEMA  shift 11
	TOK_THEOREM  shift 12
	TOK_TYPE  reduce 227 (src line 2437)
	TOK_MODULE  shift 7
	TOK_OBJECT  shift 8
	TOK_CLASS  shift 9
	TOK_SUBCLASS  shift 10
	TOK_ACTION  reduce 299 (src line 2901)
	TOK_METHOD  reduce 299 (src line 2901)
	TOK_BEFORE  shift 29
	TOK_AFTER  shift 30
	TOK_AROUND  shift 31
	TOK_MIXIN  shift 28
	TOK_IMPLEMENT  shift 32
	TOK_ISOLATE  reduce 277 (src line 2740)
	TOK_EXTRACT  shift 34
	TOK_TRUSTED  shift 53
	TOK_EXPORT  shift 35
	TOK_IMPORT  shift 36
	TOK_DELEGATE  shift 37
	TOK_USING  shift 2
	TOK_INCLUDE  shift 3
	TOK_INTERPRET  shift 38
	TOK_MACRO  shift 26
	TOK_ALIAS  shift 39
	TOK_ATTRIBUTE  shift 40
	TOK_VARIANT  shift 41
	TOK_SCENARIO  shift 43
	TOK_PROGRESS  shift 21
	TOK_RELY  shift 22
	TOK_MIXORD  shift 23
	TOK_CONCEPT  shift 24
	TOK_STATE  shift 45
	TOK_UPDATE  shift 25
	TOK_EXPLICIT  shift 47
	TOK_SPECIFICATION  shift 54
	TOK_IMPLEMENTATION  shift 55
	TOK_PRIVATE  shift 56
	TOK_GLOBAL  shift 57
	TOK_COMMON  shift 58
	TOK_GHOST  reduce 227 (src line 2437)
	TOK_FINITE  shift 52
	TOK_PARAMETER  shift 61
	TOK_DESTRUCTOR  shift 49
	TOK_CONSTRUCTOR  shift 51
	TOK_FIELD  shift 50
	TOK_AUTOINSTANCE  shift 15
	.  reduce 134 (src line 1780)

	optexplicit  goto 4
	symdecl  goto 16
	constantdecl  goto 48
	optfinite  goto 20
	optimpex  goto 27
	opttrusted  goto 33
	specimpl  goto 44

state 858
	matches:  matches TOK_COMMA.match 

	TOK_PRESYMBOL  shift 63
	TOK_VARIABLE  shift 88
	TOK_LPAREN  shift 98
	.  error

	var  goto 783
	SYMBOLx  goto 99
	defn  goto 782
	defnlhs  goto 116
	typeddefn  goto 112
	dotsym  goto 97
	match  goto 917

state 859
	match:  var TOK_EQ.fmla 

	TOK_PRESYMBOL  shift 63
	TOK_VARIABLE  shift 88
	TOK_LPAREN  shift 78
	TOK_TILDA  shift 81
	TOK_DOLLAR  shift 86
	TOK_FORALL  shift 82
	TOK_EXISTS  shift 83
	TOK_TRUE  shift 79
	TOK_FALSE  shift 80
	TOK_OLD  shift 77
	TOK_GLOBALLY  shift 84
	TOK_EVENTUALLY  shift 85
	.  error

	term  goto 72
	fmla  goto 918
	appelem  goto 75
	var  goto 76
	SYMBOLx  goto 87

state 860
	renaminglist:  renaminglist TOK_COMMA renamingitem.    (434)

	.  reduce 434 (src line 3806)


state 861
	renamingitem:  TOK_VARIABLE TOK_DIV TOK_VARIABLE.    (431)

	.  reduce 431 (src line 3787)


state 862
	SYMBOLx:  SYMBOLx.TOK_LB SYMsubscr TOK_RB 
	renamingitem:  SYMBOLx TOK_DIV SYMBOLx.    (432)

	TOK_LB  shift 190
	.  reduce 432 (src line 3793)


state 863
	opttacticwith:  TOK_WITH TOK_LCB tacticwithlist TOK_RCB.    (419)

	.  reduce 419 (src line 3708)


state 864
	tacticwithelem:  TOK_DEFINITION atype TOK_EQ.fmla 

	TOK_PRESYMBOL  shift 63
	TOK_VARIABLE  shift 88
	TOK_LPAREN  shift 78
	TOK_TILDA  shift 81
	TOK_DOLLAR  shift 86
	TOK_FORALL  shift 82
	TOK_EXISTS  shift 83
	TOK_TRUE  shift 79
	TOK_FALSE  shift 80
	TOK_OLD  shift 77
	TOK_GLOBALLY  shift 84
	TOK_EVENTUALLY  shift 85
	.  error

	term  goto 72
	fmla  goto 919
	appelem  goto 75
	var  goto 76
	SYMBOLx  goto 87

865: shift/reduce conflict (shift 63(0), red'n 80(0)) on TOK_PRESYMBOL
865: shift/reduce conflict (shift 88(0), red'n 80(0)) on TOK_VARIABLE
865: shift/reduce conflict (shift 78(0), red'n 80(0)) on TOK_LPAREN
865: shift/reduce conflict (shift 81(6), red'n 80(0)) on TOK_TILDA
865: shift/reduce conflict (shift 86(14), red'n 80(0)) on TOK_DOLLAR
865: shift/reduce conflict (shift 82(0), red'n 80(0)) on TOK_FORALL
865: shift/reduce conflict (shift 83(0), red'n 80(0)) on TOK_EXISTS
865: shift/reduce conflict (shift 79(0), red'n 80(0)) on TOK_TRUE
865: shift/reduce conflict (shift 80(0), red'n 80(0)) on TOK_FALSE
865: shift/reduce conflict (shift 77(15), red'n 80(0)) on TOK_OLD
865: shift/reduce conflict (shift 84(2), red'n 80(0)) on TOK_GLOBALLY
865: shift/reduce conflict (shift 85(2), red'n 80(0)) on TOK_EVENTUALLY
state 865
	tacticwithelem:  TOK_TRIGGER atype TOK_WITH.terms 
	terms: .    (80)

	TOK_PRESYMBOL  shift 63
	TOK_VARIABLE  shift 88
	TOK_LPAREN  shift 78
	TOK_TILDA  shift 81
	TOK_DOLLAR  shift 86
	TOK_FORALL  shift 82
	TOK_EXISTS  shift 83
	TOK_TRUE  shift 79
	TOK_FALSE  shift 80
	TOK_OLD  shift 77
	TOK_GLOBALLY  shift 84
	TOK_EVENTUALLY  shift 85
	.  reduce 80 (src line 1364)

	term  goto 379
	appelem  goto 75
	var  goto 76
	terms  goto 920
	SYMBOLx  goto 87

state 866
	somevarfmla:  TOK_SOME simplevar TOK_DOT fmla optin.optelse 
	optelse: .    (168)

	TOK_ELSE  shift 922
	.  reduce 168 (src line 2021)

	optelse  goto 921

state 867
	optin:  TOK_IN.fmla 

	TOK_PRESYMBOL  shift 63
	TOK_VARIABLE  shift 88
	TOK_LPAREN  shift 78
	TOK_TILDA  shift 81
	TOK_DOLLAR  shift 86
	TOK_FORALL  shift 82
	TOK_EXISTS  shift 83
	TOK_TRUE  shift 79
	TOK_FALSE  shift 80
	TOK_OLD  shift 77
	TOK_GLOBALLY  shift 84
	TOK_EVENTUALLY  shift 85
	.  error

	term  goto 72
	fmla  goto 923
	appelem  goto 75
	var  goto 76
	SYMBOLx  goto 87

state 868
	sort:  TOK_LCB SYMBOLx TOK_RCB.    (231)

	.  reduce 231 (src line 2463)


state 869
	sort:  TOK_LCB SYMBOLx TOK_COMMA.names TOK_RCB 

	TOK_PRESYMBOL  shift 63
	.  error

	SYMBOLx  goto 925
	names  goto 924

state 870
	sort:  TOK_LCB SYMBOLx TOK_DOTS.SYMBOLx TOK_RCB 

	TOK_PRESYMBOL  shift 63
	.  error

	SYMBOLx  goto 926

state 871
	tterms:  tterms.TOK_COMMA tterm 
	sort:  TOK_STRUCT TOK_LCB tterms.TOK_RCB 

	TOK_RCB  shift 927
	TOK_COMMA  shift 325
	.  error


state 872
	sort:  TOK_STRUCT TOK_LCB TOK_RCB.    (235)

	.  reduce 235 (src line 2488)


state 873
	upax:  TOK_PARAMS tterms TOK_IN.action TOK_ARROW requires ensures 
	optunprovable: .    (132)

	TOK_PRESYMBOL  shift 63
	TOK_VARIABLE  shift 88
	TOK_LPAREN  shift 619
	TOK_LCB  shift 462
	TOK_TILDA  shift 81
	TOK_DOLLAR  shift 86
	TOK_FORALL  shift 82
	TOK_EXISTS  shift 83
	TOK_TRUE  shift 79
	TOK_FALSE  shift 80
	TOK_OLD  shift 77
	TOK_IF  shift 613
	TOK_GLOBALLY  shift 84
	TOK_EVENTUALLY  shift 85
	TOK_ASSUME  shift 602
	TOK_VAR  shift 606
	TOK_LOCAL  shift 616
	TOK_LET  shift 617
	TOK_CALL  shift 607
	TOK_WHILE  shift 614
	TOK_FOR  shift 615
	TOK_DEBUG  shift 611
	TOK_THUNK  shift 618
	TOK_UNPROVABLE  shift 610
	TOK_INSTANTIATE  shift 609
	TOK_SET  shift 608
	.  reduce 132 (src line 1767)

	term  goto 604
	appelem  goto 75
	var  goto 76
	SYMBOLx  goto 87
	optunprovable  goto 603
	action  goto 928
	simpleact  goto 929
	complexact  goto 930
	sequence  goto 612
	termtuple  goto 605

state 874
	simpleact:  optunprovable TOK_ASSERT labeledfmla TOK_PROOF.proofstep 
	opttemporal: .    (130)

	TOK_LCB  shift 275
	TOK_IF  shift 271
	TOK_ASSUME  shift 260
	TOK_LET  shift 270
	TOK_PROOF  shift 269
	TOK_INSTANTIATE  shift 261
	TOK_FUNCTION  shift 267
	TOK_THEOREM  shift 268
	TOK_TEMPORAL  shift 68
	TOK_TACTIC  shift 265
	TOK_SHOWGOALS  shift 262
	TOK_DEFERGOAL  shift 263
	TOK_SPOIL  shift 264
	TOK_UNFOLD  shift 272
	TOK_FORGET  shift 273
	TOK_APPLY  shift 259
	.  reduce 130 (src line 1754)

	opttemporal  goto 266
	proofstep  goto 931
	proofgroup  goto 274

state 875
	simpleact:  optunprovable TOK_REQUIRE labeledfmla TOK_PROOF.proofstep 
	opttemporal: .    (130)

	TOK_LCB  shift 275
	TOK_IF  shift 271
	TOK_ASSUME  shift 260
	TOK_LET  shift 270
	TOK_PROOF  shift 269
	TOK_INSTANTIATE  shift 261
	TOK_FUNCTION  shift 267
	TOK_THEOREM  shift 268
	TOK_TEMPORAL  shift 68
	TOK_TACTIC  shift 265
	TOK_SHOWGOALS  shift 262
	TOK_DEFERGOAL  shift 263
	TOK_SPOIL  shift 264
	TOK_UNFOLD  shift 272
	TOK_FORGET  shift 273
	TOK_APPLY  shift 259
	.  reduce 130 (src line 1754)

	opttemporal  goto 266
	proofstep  goto 932
	proofgroup  goto 274

state 876
	simpleact:  optunprovable TOK_ENSURE labeledfmla TOK_PROOF.proofstep 
	opttemporal: .    (130)

	TOK_LCB  shift 275
	TOK_IF  shift 271
	TOK_ASSUME  shift 260
	TOK_LET  shift 270
	TOK_PROOF  shift 269
	TOK_INSTANTIATE  shift 261
	TOK_FUNCTION  shift 267
	TOK_THEOREM  shift 268
	TOK_TEMPORAL  shift 68
	TOK_TACTIC  shift 265
	TOK_SHOWGOALS  shift 262
	TOK_DEFERGOAL  shift 263
	TOK_SPOIL  shift 264
	TOK_UNFOLD  shift 272
	TOK_FORGET  shift 273
	TOK_APPLY  shift 259
	.  reduce 130 (src line 1754)

	opttemporal  goto 266
	proofstep  goto 933
	proofgroup  goto 274

state 877
	simpleact:  TOK_VAR tterm TOK_ASSIGN fmla.    (360)

	.  reduce 360 (src line 3307)


state 878
	debugargs:  debugargs.TOK_COMMA debugarg 
	optdebugargs:  TOK_WITH debugargs.    (373)

	TOK_COMMA  shift 934
	.  reduce 373 (src line 3387)


state 879
	debugargs:  debugarg.    (370)

	.  reduce 370 (src line 3368)


state 880
	SYMBOLx:  SYMBOLx.TOK_LB SYMsubscr TOK_RB 
	debugarg:  SYMBOLx.TOK_EQ fmla 

	TOK_LB  shift 190
	TOK_EQ  shift 935
	.  error


state 881
	complexact:  TOK_IF somefmla sequence TOK_ELSE.action 
	optunprovable: .    (132)

	TOK_PRESYMBOL  shift 63
	TOK_VARIABLE  shift 88
	TOK_LPAREN  shift 619
	TOK_LCB  shift 462
	TOK_TILDA  shift 81
	TOK_DOLLAR  shift 86
	TOK_FORALL  shift 82
	TOK_EXISTS  shift 83
	TOK_TRUE  shift 79
	TOK_FALSE  shift 80
	TOK_OLD  shift 77
	TOK_IF  shift 613
	TOK_GLOBALLY  shift 84
	TOK_EVENTUALLY  shift 85
	TOK_ASSUME  shift 602
	TOK_VAR  shift 606
	TOK_LOCAL  shift 616
	TOK_LET  shift 617
	TOK_CALL  shift 607
	TOK_WHILE  shift 614
	TOK_FOR  shift 615
	TOK_DEBUG  shift 611
	TOK_THUNK  shift 618
	TOK_UNPROVABLE  shift 610
	TOK_INSTANTIATE  shift 609
	TOK_SET  shift 608
	.  reduce 132 (src line 1767)

	term  goto 604
	appelem  goto 75
	var  goto 76
	SYMBOLx  goto 87
	optunprovable  goto 603
	action  goto 936
	simpleact  goto 929
	complexact  goto 930
	sequence  goto 612
	termtuple  goto 605

state 882
	complexact:  TOK_IF TOK_TIMES sequence TOK_ELSE.action 
	optunprovable: .    (132)

	TOK_PRESYMBOL  shift 63
	TOK_VARIABLE  shift 88
	TOK_LPAREN  shift 619
	TOK_LCB  shift 462
	TOK_TILDA  shift 81
	TOK_DOLLAR  shift 86
	TOK_FORALL  shift 82
	TOK_EXISTS  shift 83
	TOK_TRUE  shift 79
	TOK_FALSE  shift 80
	TOK_OLD  shift 77
	TOK_IF  shift 613
	TOK_GLOBALLY  shift 84
	TOK_EVENTUALLY  shift 85
	TOK_ASSUME  shift 602
	TOK_VAR  shift 606
	TOK_LOCAL  shift 616
	TOK_LET  shift 617
	TOK_CALL  shift 607
	TOK_WHILE  shift 614
	TOK_FOR  shift 615
	TOK_DEBUG  shift 611
	TOK_THUNK  shift 618
	TOK_UNPROVABLE  shift 610
	TOK_INSTANTIATE  shift 609
	TOK_SET  shift 608
	.  reduce 132 (src line 1767)

	term  goto 604
	appelem  goto 75
	var  goto 76
	SYMBOLx  goto 87
	optunprovable  goto 603
	action  goto 937
	simpleact  goto 929
	complexact  goto 930
	sequence  goto 612
	termtuple  goto 605

state 883
	somefmla:  fmla TOK_ASSIGN fmla.    (384)

	.  reduce 384 (src line 3459)


state 884
	somefmla:  TOK_SOME bounds fmla.    (385)
	somefmla:  TOK_SOME bounds fmla.TOK_MINIMIZING term 
	somefmla:  TOK_SOME bounds fmla.TOK_MAXIMIZING term 

	TOK_MINIMIZING  shift 938
	TOK_MAXIMIZING  shift 939
	.  reduce 385 (src line 3464)


state 885
	params:  params TOK_COMMA.param 

	TOK_PRESYMBOL  shift 63
	.  error

	SYMBOLx  goto 823
	param  goto 940

state 886
	bounds:  params TOK_DOT.    (388)

	.  reduce 388 (src line 3484)


state 887
	lparams:  lparams.TOK_COMMA lparam 
	bounds:  TOK_LPAREN lparams.TOK_RPAREN 

	TOK_RPAREN  shift 941
	TOK_COMMA  shift 539
	.  error


state 888
	param:  SYMBOLx TOK_COLON.SYMBOLx 

	TOK_PRESYMBOL  shift 63
	.  error

	SYMBOLx  goto 942

state 889
	complexact:  TOK_WHILE somefmla invariants decreases.sequence 

	TOK_LCB  shift 462
	.  error

	sequence  goto 943

state 890
	invariants:  invariants TOK_INVARIANT.labeledfmla 
	invariants:  invariants TOK_INVARIANT.labeledfmla TOK_PROOF proofstep 

	TOK_PRESYMBOL  shift 63
	TOK_VARIABLE  shift 88
	TOK_LABEL  shift 74
	TOK_LPAREN  shift 78
	TOK_LB  shift 73
	TOK_TILDA  shift 81
	TOK_DOLLAR  shift 86
	TOK_FORALL  shift 82
	TOK_EXISTS  shift 83
	TOK_TRUE  shift 79
	TOK_FALSE  shift 80
	TOK_OLD  shift 77
	TOK_GLOBALLY  shift 84
	TOK_EVENTUALLY  shift 85
	.  error

	term  goto 72
	fmla  goto 70
	appelem  goto 75
	var  goto 76
	SYMBOLx  goto 87
	labelname  goto 71
	labeledfmla  goto 944

state 891
	decreases:  TOK_DECREASES.fmla 

	TOK_PRESYMBOL  shift 63
	TOK_VARIABLE  shift 88
	TOK_LPAREN  shift 78
	TOK_TILDA  shift 81
	TOK_DOLLAR  shift 86
	TOK_FORALL  shift 82
	TOK_EXISTS  shift 83
	TOK_TRUE  shift 79
	TOK_FALSE  shift 80
	TOK_OLD  shift 77
	TOK_GLOBALLY  shift 84
	TOK_EVENTUALLY  shift 85
	.  error

	term  goto 72
	fmla  goto 945
	appelem  goto 75
	var  goto 76
	SYMBOLx  goto 87

state 892
	complexact:  TOK_FOR tterm TOK_COMMA tterm.TOK_IN fmla invariants decreases sequence 

	TOK_IN  shift 946
	.  error


state 893
	eqns:  eqns TOK_COMMA eqn.    (397)

	.  reduce 397 (src line 3544)


state 894
	SYMBOLx:  SYMBOLx.TOK_LB SYMsubscr TOK_RB 
	eqn:  SYMBOLx TOK_EQ SYMBOLx.    (395)

	TOK_LB  shift 190
	.  reduce 395 (src line 3530)


state 895
	complexact:  TOK_THUNK labelname SYMBOLx optargs.TOK_COLON atype TOK_ASSIGN sequence 

	TOK_COLON  shift 947
	.  error


state 896
	terms:  terms.TOK_COMMA term 
	termtuple:  TOK_LPAREN term TOK_COMMA terms.TOK_RPAREN 

	TOK_RPAREN  shift 948
	TOK_COMMA  shift 534
	.  error


state 897
	top:  top TOK_AROUND atype optargs optreturns TOK_LCB actseq optsemi TOK_DOTDOTDOT.actseq optsemi TOK_RCB 
	optunprovable: .    (132)

	TOK_PRESYMBOL  shift 63
	TOK_VARIABLE  shift 88
	TOK_LPAREN  shift 619
	TOK_LCB  shift 462
	TOK_TILDA  shift 81
	TOK_DOLLAR  shift 86
	TOK_FORALL  shift 82
	TOK_EXISTS  shift 83
	TOK_TRUE  shift 79
	TOK_FALSE  shift 80
	TOK_OLD  shift 77
	TOK_IF  shift 613
	TOK_GLOBALLY  shift 84
	TOK_EVENTUALLY  shift 85
	TOK_ASSUME  shift 602
	TOK_VAR  shift 606
	TOK_LOCAL  shift 616
	TOK_LET  shift 617
	TOK_CALL  shift 607
	TOK_WHILE  shift 614
	TOK_FOR  shift 615
	TOK_DEBUG  shift 611
	TOK_THUNK  shift 618
	TOK_UNPROVABLE  shift 610
	TOK_INSTANTIATE  shift 609
	TOK_SET  shift 608
	.  reduce 132 (src line 1767)

	term  goto 604
	appelem  goto 75
	var  goto 76
	SYMBOLx  goto 87
	optunprovable  goto 603
	simpleact  goto 600
	complexact  goto 601
	sequence  goto 612
	actseq  goto 949
	actseqrev  goto 599
	termtuple  goto 605

state 898
	top:  top opttrusted TOK_ISOLATE SYMBOLx optargs TOK_EQ callatoms TOK_WITH callatoms.    (43)
	callatoms:  callatoms.TOK_COMMA callatom 

	TOK_COMMA  shift 314
	.  reduce 43 (src line 990)


state 899
	top:  top opttrusted TOK_ISOLATE SYMBOLx optargs TOK_EQ TOK_LCB top TOK_RCB.optwith 
	optwith: .    (288)

	TOK_WITH  shift 536
	.  reduce 288 (src line 2815)

	optwith  goto 950

state 900
	top:  top TOK_EXTRACT objsym objectargs TOK_EQ TOK_LCB top TOK_RCB optwith.    (45)

	.  reduce 45 (src line 1018)


state 901
	top:  top TOK_INTERPRET oper TOK_ARROW TOK_LCB term TOK_DOTS term TOK_RCB.    (51)

	.  reduce 51 (src line 1084)


state 902
	SYMBOLx:  SYMBOLx.TOK_LB SYMsubscr TOK_RB 
	moresymbols:  moresymbols TOK_COMMA SYMBOLx.    (333)

	TOK_LB  shift 190
	.  reduce 333 (src line 3121)


state 903
	places:  places.TOK_COMMA SYMBOLx 
	scentrans:  places TOK_ARROW places.TOK_COLON scenariomixin 

	TOK_COMMA  shift 635
	TOK_COLON  shift 951
	.  error


state 904
	scentrans:  places TOK_COLON scenariomixin.    (404)

	.  reduce 404 (src line 3597)


state 905
	scenariomixin:  TOK_BEFORE.atype optargs optreturns sequence 

	TOK_PRESYMBOL  shift 63
	TOK_THIS  shift 142
	.  error

	atype  goto 952
	SYMBOLx  goto 141

state 906
	scenariomixin:  TOK_AFTER.atype optargs optreturns sequence 

	TOK_PRESYMBOL  shift 63
	TOK_THIS  shift 142
	.  error

	atype  goto 953
	SYMBOLx  goto 141

state 907
	state_expr:  TOK_LCB requires modifies ensures TOK_RCB.    (477)

	.  reduce 477 (src line 4069)


state 908
	ensures:  TOK_ENSURES fmla.    (462)

	.  reduce 462 (src line 3978)


state 909
	modifies:  TOK_MODIFIES TOK_LCB TOK_RCB.    (464)

	.  reduce 464 (src line 3992)


state 910
	atoms:  atoms TOK_COMMA.atom 

	TOK_PRESYMBOL  shift 63
	.  error

	SYMBOLx  goto 123
	atom  goto 954

state 911
	assert_rhs:  TOK_LCB requires modifies ensures TOK_RCB.    (470)

	.  reduce 470 (src line 4030)


state 912
	term:  TOK_LPAREN TOK_DOLLAR SYMBOLx simplevars TOK_DOT fmla TOK_RPAREN TOK_LPAREN.terms TOK_RPAREN 
	terms: .    (80)

	TOK_PRESYMBOL  shift 63
	TOK_VARIABLE  shift 88
	TOK_LPAREN  shift 78
	TOK_TILDA  shift 81
	TOK_DOLLAR  shift 86
	TOK_FORALL  shift 82
	TOK_EXISTS  shift 83
	TOK_TRUE  shift 79
	TOK_FALSE  shift 80
	TOK_OLD  shift 77
	TOK_GLOBALLY  shift 84
	TOK_EVENTUALLY  shift 85
	.  reduce 80 (src line 1364)

	term  goto 379
	appelem  goto 75
	var  goto 76
	terms  goto 955
	SYMBOLx  goto 87

state 913
	top:  top TOK_MODULE modulestart modcat atom optwith TOK_EQ TOK_LCB top TOK_RCB.moduleend 
	moduleend: .    (266)

	.  reduce 266 (src line 2662)

	moduleend  goto 956

state 914
	top:  top TOK_OBJECT objsym objectargs TOK_EQ TOK_LCB optdotdotdot top TOK_RCB objectend.    (10)

	.  reduce 10 (src line 617)


state 915
	top:  top TOK_CLASS objsym objectargs TOK_EQ TOK_LCB optdotdotdot top TOK_RCB objectend.    (11)

	.  reduce 11 (src line 627)


state 916
	top:  top TOK_SUBCLASS objsym TOK_OF atype TOK_EQ TOK_LCB optdotdotdot top TOK_RCB.objectend 
	objectend: .    (267)

	.  reduce 267 (src line 2670)

	objectend  goto 957

state 917
	matches:  matches TOK_COMMA match.    (430)

	.  reduce 430 (src line 3780)


state 918
	match:  var TOK_EQ fmla.    (428)

	.  reduce 428 (src line 3767)


state 919
	tacticwithelem:  TOK_DEFINITION atype TOK_EQ fmla.    (411)

	.  reduce 411 (src line 3659)


state 920
	terms:  terms.TOK_COMMA term 
	tacticwithelem:  TOK_TRIGGER atype TOK_WITH terms.    (412)

	TOK_COMMA  shift 534
	.  reduce 412 (src line 3664)


state 921
	somevarfmla:  TOK_SOME simplevar TOK_DOT fmla optin optelse.    (165)

	.  reduce 165 (src line 1997)


state 922
	optelse:  TOK_ELSE.fmla 

	TOK_PRESYMBOL  shift 63
	TOK_VARIABLE  shift 88
	TOK_LPAREN  shift 78
	TOK_TILDA  shift 81
	TOK_DOLLAR  shift 86
	TOK_FORALL  shift 82
	TOK_EXISTS  shift 83
	TOK_TRUE  shift 79
	TOK_FALSE  shift 80
	TOK_OLD  shift 77
	TOK_GLOBALLY  shift 84
	TOK_EVENTUALLY  shift 85
	.  error

	term  goto 72
	fmla  goto 958
	appelem  goto 75
	var  goto 76
	SYMBOLx  goto 87

state 923
	optin:  TOK_IN fmla.    (167)

	.  reduce 167 (src line 2014)


state 924
	sort:  TOK_LCB SYMBOLx TOK_COMMA names.TOK_RCB 
	names:  names.TOK_COMMA SYMBOLx 

	TOK_RCB  shift 959
	TOK_COMMA  shift 960
	.  error


state 925
	SYMBOLx:  SYMBOLx.TOK_LB SYMsubscr TOK_RB 
	names:  SYMBOLx.    (236)

	TOK_LB  shift 190
	.  reduce 236 (src line 2495)


state 926
	SYMBOLx:  SYMBOLx.TOK_LB SYMsubscr TOK_RB 
	sort:  TOK_LCB SYMBOLx TOK_DOTS SYMBOLx.TOK_RCB 

	TOK_LB  shift 190
	TOK_RCB  shift 961
	.  error


state 927
	sort:  TOK_STRUCT TOK_LCB tterms TOK_RCB.    (234)

	.  reduce 234 (src line 2483)


state 928
	upax:  TOK_PARAMS tterms TOK_IN action.TOK_ARROW requires ensures 

	TOK_ARROW  shift 962
	.  error


state 929
	action:  simpleact.    (347)

	.  reduce 347 (src line 3227)


state 930
	action:  complexact.    (348)

	.  reduce 348 (src line 3233)


state 931
	simpleact:  optunprovable TOK_ASSERT labeledfmla TOK_PROOF proofstep.    (351)

	.  reduce 351 (src line 3260)


state 932
	simpleact:  optunprovable TOK_REQUIRE labeledfmla TOK_PROOF proofstep.    (353)

	.  reduce 353 (src line 3270)


state 933
	simpleact:  optunprovable TOK_ENSURE labeledfmla TOK_PROOF proofstep.    (355)

	.  reduce 355 (src line 3280)


state 934
	debugargs:  debugargs TOK_COMMA.debugarg 

	TOK_PRESYMBOL  shift 63
	.  error

	SYMBOLx  goto 880
	debugarg  goto 963

state 935
	debugarg:  SYMBOLx TOK_EQ.fmla 

	TOK_PRESYMBOL  shift 63
	TOK_VARIABLE  shift 88
	TOK_LPAREN  shift 78
	TOK_TILDA  shift 81
	TOK_DOLLAR  shift 86
	TOK_FORALL  shift 82
	TOK_EXISTS  shift 83
	TOK_TRUE  shift 79
	TOK_FALSE  shift 80
	TOK_OLD  shift 77
	TOK_GLOBALLY  shift 84
	TOK_EVENTUALLY  shift 85
	.  error

	term  goto 72
	fmla  goto 964
	appelem  goto 75
	var  goto 76
	SYMBOLx  goto 87

state 936
	complexact:  TOK_IF somefmla sequence TOK_ELSE action.    (376)

	.  reduce 376 (src line 3409)


state 937
	complexact:  TOK_IF TOK_TIMES sequence TOK_ELSE action.    (377)

	.  reduce 377 (src line 3414)


state 938
	somefmla:  TOK_SOME bounds fmla TOK_MINIMIZING.term 

	TOK_PRESYMBOL  shift 63
	TOK_VARIABLE  shift 88
	TOK_LPAREN  shift 78
	TOK_TILDA  shift 81
	TOK_DOLLAR  shift 86
	TOK_FORALL  shift 82
	TOK_EXISTS  shift 83
	TOK_TRUE  shift 79
	TOK_FALSE  shift 80
	TOK_OLD  shift 77
	TOK_GLOBALLY  shift 84
	TOK_EVENTUALLY  shift 85
	.  error

	term  goto 965
	appelem  goto 75
	var  goto 76
	SYMBOLx  goto 87

state 939
	somefmla:  TOK_SOME bounds fmla TOK_MAXIMIZING.term 

	TOK_PRESYMBOL  shift 63
	TOK_VARIABLE  shift 88
	TOK_LPAREN  shift 78
	TOK_TILDA  shift 81
	TOK_DOLLAR  shift 86
	TOK_FORALL  shift 82
	TOK_EXISTS  shift 83
	TOK_TRUE  shift 79
	TOK_FALSE  shift 80
	TOK_OLD  shift 77
	TOK_GLOBALLY  shift 84
	TOK_EVENTUALLY  shift 85
	.  error

	term  goto 966
	appelem  goto 75
	var  goto 76
	SYMBOLx  goto 87

state 940
	params:  params TOK_COMMA param.    (287)

	.  reduce 287 (src line 2808)


state 941
	bounds:  TOK_LPAREN lparams TOK_RPAREN.    (389)

	.  reduce 389 (src line 3490)


state 942
	SYMBOLx:  SYMBOLx.TOK_LB SYMsubscr TOK_RB 
	param:  SYMBOLx TOK_COLON SYMBOLx.    (285)

	TOK_LB  shift 190
	.  reduce 285 (src line 2792)


state 943
	complexact:  TOK_WHILE somefmla invariants decreases sequence.    (378)

	.  reduce 378 (src line 3419)


state 944
	invariants:  invariants TOK_INVARIANT labeledfmla.    (391)
	invariants:  invariants TOK_INVARIANT labeledfmla.TOK_PROOF proofstep 

	TOK_PROOF  shift 967
	.  reduce 391 (src line 3503)


state 945
	decreases:  TOK_DECREASES fmla.    (394)

	.  reduce 394 (src line 3521)


state 946
	complexact:  TOK_FOR tterm TOK_COMMA tterm TOK_IN.fmla invariants decreases sequence 

	TOK_PRESYMBOL  shift 63
	TOK_VARIABLE  shift 88
	TOK_LPAREN  shift 78
	TOK_TILDA  shift 81
	TOK_DOLLAR  shift 86
	TOK_FORALL  shift 82
	TOK_EXISTS  shift 83
	TOK_TRUE  shift 79
	TOK_FALSE  shift 80
	TOK_OLD  shift 77
	TOK_GLOBALLY  shift 84
	TOK_EVENTUALLY  shift 85
	.  error

	term  goto 72
	fmla  goto 968
	appelem  goto 75
	var  goto 76
	SYMBOLx  goto 87

state 947
	complexact:  TOK_THUNK labelname SYMBOLx optargs TOK_COLON.atype TOK_ASSIGN sequence 

	TOK_PRESYMBOL  shift 63
	TOK_THIS  shift 142
	.  error

	atype  goto 969
	SYMBOLx  goto 141

state 948
	termtuple:  TOK_LPAREN term TOK_COMMA terms TOK_RPAREN.    (368)

	.  reduce 368 (src line 3351)


state 949
	top:  top TOK_AROUND atype optargs optreturns TOK_LCB actseq optsemi TOK_DOTDOTDOT actseq.optsemi TOK_RCB 
	optsemi: .    (143)

	TOK_SEMI  shift 836
	.  reduce 143 (src line 1840)

	optsemi  goto 970

state 950
	top:  top opttrusted TOK_ISOLATE SYMBOLx optargs TOK_EQ TOK_LCB top TOK_RCB optwith.    (44)

	.  reduce 44 (src line 999)


state 951
	scentrans:  places TOK_ARROW places TOK_COLON.scenariomixin 

	TOK_BEFORE  shift 905
	TOK_AFTER  shift 906
	.  error

	scenariomixin  goto 971

state 952
	atype:  atype.TOK_DOT SYMBOLx 
	scenariomixin:  TOK_BEFORE atype.optargs optreturns sequence 
	optargs: .    (279)

	TOK_LPAREN  shift 242
	TOK_DOT  shift 305
	.  reduce 279 (src line 2753)

	optargs  goto 972

state 953
	atype:  atype.TOK_DOT SYMBOLx 
	scenariomixin:  TOK_AFTER atype.optargs optreturns sequence 
	optargs: .    (279)

	TOK_LPAREN  shift 242
	TOK_DOT  shift 305
	.  reduce 279 (src line 2753)

	optargs  goto 973

state 954
	atoms:  atoms TOK_COMMA atom.    (251)

	.  reduce 251 (src line 2555)


state 955
	terms:  terms.TOK_COMMA term 
	term:  TOK_LPAREN TOK_DOLLAR SYMBOLx simplevars TOK_DOT fmla TOK_RPAREN TOK_LPAREN terms.TOK_RPAREN 

	TOK_RPAREN  shift 974
	TOK_COMMA  shift 534
	.  error


state 956
	top:  top TOK_MODULE modulestart modcat atom optwith TOK_EQ TOK_LCB top TOK_RCB moduleend.    (9)

	.  reduce 9 (src line 607)


state 957
	top:  top TOK_SUBCLASS objsym TOK_OF atype TOK_EQ TOK_LCB optdotdotdot top TOK_RCB objectend.    (12)

	.  reduce 12 (src line 647)


state 958
	optelse:  TOK_ELSE fmla.    (169)

	.  reduce 169 (src line 2027)


state 959
	sort:  TOK_LCB SYMBOLx TOK_COMMA names TOK_RCB.    (232)

	.  reduce 232 (src line 2469)


state 960
	names:  names TOK_COMMA.SYMBOLx 

	TOK_PRESYMBOL  shift 63
	.  error

	SYMBOLx  goto 975

state 961
	sort:  TOK_LCB SYMBOLx TOK_DOTS SYMBOLx TOK_RCB.    (233)

	.  reduce 233 (src line 2478)


state 962
	upax:  TOK_PARAMS tterms TOK_IN action TOK_ARROW.requires ensures 
	requires: .    (460)

	TOK_REQUIRES  shift 639
	.  reduce 460 (src line 3965)

	requires  goto 976

state 963
	debugargs:  debugargs TOK_COMMA debugarg.    (371)

	.  reduce 371 (src line 3374)


state 964
	debugarg:  SYMBOLx TOK_EQ fmla.    (369)

	.  reduce 369 (src line 3360)


state 965
	term:  term.TOK_DOT appelem 
	term:  term.TOK_PLUS term 
	term:  term.TOK_MINUS term 
	term:  term.TOK_TIMES term 
	term:  term.TOK_DIV term 
	term:  term.TOK_IF fmla TOK_ELSE term 
	term:  term.TOK_EQ term 
	term:  term.TOK_LE term 
	term:  term.TOK_LT term 
	term:  term.TOK_GE term 
	term:  term.TOK_GT term 
	term:  term.TOK_PTO term 
	term:  term.TOK_TILDAEQ term 
	term:  term.TOK_AND term 
	term:  term.TOK_OR term 
	term:  term.TOK_ARROW term 
	term:  term.TOK_IFF term 
	term:  term.TOK_WHENNEXT term 
	term:  term.TOK_WHENPREV term 
	term:  term.TOK_WHENFIRST term 
	term:  term.TOK_WHENLAST term 
	term:  term.TOK_ISA atype 
	term:  term.TOK_COLON atype 
	somefmla:  TOK_SOME bounds fmla TOK_MINIMIZING term.    (386)

	TOK_COLON  shift 219
	TOK_DOT  shift 197
	TOK_PLUS  shift 198
	TOK_MINUS  shift 199
	TOK_TIMES  shift 200
	TOK_DIV  shift 201
	TOK_EQ  shift 203
	TOK_TILDAEQ  shift 209
	TOK_LE  shift 204
	TOK_LT  shift 205
	TOK_GE  shift 206
	TOK_GT  shift 207
	TOK_AND  shift 210
	TOK_OR  shift 211
	TOK_ARROW  shift 212
	TOK_IFF  shift 213
	TOK_PTO  shift 208
	TOK_ISA  shift 218
	TOK_IF  shift 202
	TOK_WHENNEXT  shift 214
	TOK_WHENPREV  shift 215
	TOK_WHENFIRST  shift 216
	TOK_WHENLAST  shift 217
	.  reduce 386 (src line 3470)


state 966
	term:  term.TOK_DOT appelem 
	term:  term.TOK_PLUS term 
	term:  term.TOK_MINUS term 
	term:  term.TOK_TIMES term 
	term:  term.TOK_DIV term 
	term:  term.TOK_IF fmla TOK_ELSE term 
	term:  term.TOK_EQ term 
	term:  term.TOK_LE term 
	term:  term.TOK_LT term 
	term:  term.TOK_GE term 
	term:  term.TOK_GT term 
	term:  term.TOK_PTO term 
	term:  term.TOK_TILDAEQ term 
	term:  term.TOK_AND term 
	term:  term.TOK_OR term 
	term:  term.TOK_ARROW term 
	term:  term.TOK_IFF term 
	term:  term.TOK_WHENNEXT term 
	term:  term.TOK_WHENPREV term 
	term:  term.TOK_WHENFIRST term 
	term:  term.TOK_WHENLAST term 
	term:  term.TOK_ISA atype 
	term:  term.TOK_COLON atype 
	somefmla:  TOK_SOME bounds fmla TOK_MAXIMIZING term.    (387)

	TOK_COLON  shift 219
	TOK_DOT  shift 197
	TOK_PLUS  shift 198
	TOK_MINUS  shift 199
	TOK_TIMES  shift 200
	TOK_DIV  shift 201
	TOK_EQ  shift 203
	TOK_TILDAEQ  shift 209
	TOK_LE  shift 204
	TOK_LT  shift 205
	TOK_GE  shift 206
	TOK_GT  shift 207
	TOK_AND  shift 210
	TOK_OR  shift 211
	TOK_ARROW  shift 212
	TOK_IFF  shift 213
	TOK_PTO  shift 208
	TOK_ISA  shift 218
	TOK_IF  shift 202
	TOK_WHENNEXT  shift 214
	TOK_WHENPREV  shift 215
	TOK_WHENFIRST  shift 216
	TOK_WHENLAST  shift 217
	.  reduce 387 (src line 3476)


state 967
	invariants:  invariants TOK_INVARIANT labeledfmla TOK_PROOF.proofstep 
	opttemporal: .    (130)

	TOK_LCB  shift 275
	TOK_IF  shift 271
	TOK_ASSUME  shift 260
	TOK_LET  shift 270
	TOK_PROOF  shift 269
	TOK_INSTANTIATE  shift 261
	TOK_FUNCTION  shift 267
	TOK_THEOREM  shift 268
	TOK_TEMPORAL  shift 68
	TOK_TACTIC  shift 265
	TOK_SHOWGOALS  shift 262
	TOK_DEFERGOAL  shift 263
	TOK_SPOIL  shift 264
	TOK_UNFOLD  shift 272
	TOK_FORGET  shift 273
	TOK_APPLY  shift 259
	.  reduce 130 (src line 1754)

	opttemporal  goto 266
	proofstep  goto 977
	proofgroup  goto 274

state 968
	complexact:  TOK_FOR tterm TOK_COMMA tterm TOK_IN fmla.invariants decreases sequence 
	invariants: .    (390)

	.  reduce 390 (src line 3497)

	invariants  goto 978

state 969
	atype:  atype.TOK_DOT SYMBOLx 
	complexact:  TOK_THUNK labelname SYMBOLx optargs TOK_COLON atype.TOK_ASSIGN sequence 

	TOK_DOT  shift 305
	TOK_ASSIGN  shift 979
	.  error


state 970
	top:  top TOK_AROUND atype optargs optreturns TOK_LCB actseq optsemi TOK_DOTDOTDOT actseq optsemi.TOK_RCB 

	TOK_RCB  shift 980
	.  error


state 971
	scentrans:  places TOK_ARROW places TOK_COLON scenariomixin.    (403)

	.  reduce 403 (src line 3589)


state 972
	scenariomixin:  TOK_BEFORE atype optargs.optreturns sequence 
	optreturns: .    (281)

	TOK_RETURNS  shift 467
	.  reduce 281 (src line 2766)

	optreturns  goto 981

state 973
	scenariomixin:  TOK_AFTER atype optargs.optreturns sequence 
	optreturns: .    (281)

	TOK_RETURNS  shift 467
	.  reduce 281 (src line 2766)

	optreturns  goto 982

state 974
	term:  TOK_LPAREN TOK_DOLLAR SYMBOLx simplevars TOK_DOT fmla TOK_RPAREN TOK_LPAREN terms TOK_RPAREN.    (119)

	.  reduce 119 (src line 1659)


state 975
	SYMBOLx:  SYMBOLx.TOK_LB SYMsubscr TOK_RB 
	names:  names TOK_COMMA SYMBOLx.    (237)

	TOK_LB  shift 190
	.  reduce 237 (src line 2501)


state 976
	upax:  TOK_PARAMS tterms TOK_IN action TOK_ARROW requires.ensures 

	TOK_ENSURES  shift 847
	.  error

	ensures  goto 983

state 977
	invariants:  invariants TOK_INVARIANT labeledfmla TOK_PROOF proofstep.    (392)

	.  reduce 392 (src line 3508)


state 978
	complexact:  TOK_FOR tterm TOK_COMMA tterm TOK_IN fmla invariants.decreases sequence 
	invariants:  invariants.TOK_INVARIANT labeledfmla 
	invariants:  invariants.TOK_INVARIANT labeledfmla TOK_PROOF proofstep 
	decreases: .    (393)

	TOK_INVARIANT  shift 890
	TOK_DECREASES  shift 891
	.  reduce 393 (src line 3515)

	decreases  goto 984

state 979
	complexact:  TOK_THUNK labelname SYMBOLx optargs TOK_COLON atype TOK_ASSIGN.sequence 

	TOK_LCB  shift 462
	.  error

	sequence  goto 985

state 980
	top:  top TOK_AROUND atype optargs optreturns TOK_LCB actseq optsemi TOK_DOTDOTDOT actseq optsemi TOK_RCB.    (38)

	.  reduce 38 (src line 916)


state 981
	scenariomixin:  TOK_BEFORE atype optargs optreturns.sequence 

	TOK_LCB  shift 462
	.  error

	sequence  goto 986

state 982
	scenariomixin:  TOK_AFTER atype optargs optreturns.sequence 

	TOK_LCB  shift 462
	.  error

	sequence  goto 987

state 983
	upax:  TOK_PARAMS tterms TOK_IN action TOK_ARROW requires ensures.    (469)

	.  reduce 469 (src line 4022)


state 984
	complexact:  TOK_FOR tterm TOK_COMMA tterm TOK_IN fmla invariants decreases.sequence 

	TOK_LCB  shift 462
	.  error

	sequence  goto 988

state 985
	complexact:  TOK_THUNK labelname SYMBOLx optargs TOK_COLON atype TOK_ASSIGN sequence.    (382)

	.  reduce 382 (src line 3444)


state 986
	scenariomixin:  TOK_BEFORE atype optargs optreturns sequence.    (405)

	.  reduce 405 (src line 3605)


state 987
	scenariomixin:  TOK_AFTER atype optargs optreturns sequence.    (406)

	.  reduce 406 (src line 3616)


state 988
	complexact:  TOK_FOR tterm TOK_COMMA tterm TOK_IN fmla invariants decreases sequence.    (379)

	.  reduce 379 (src line 3427)

Rule not reduced: optunprovable:  TOK_UNPROVABLE 
Rule not reduced: tatom:  SYMBOLx 
Rule not reduced: tatom:  SYMBOLx targs 
Rule not reduced: tatom:  TOK_LPAREN var relop var TOK_RPAREN 
Rule not reduced: tatoms:  tatom 
Rule not reduced: tatoms:  tatoms TOK_COMMA tatom 
Rule not reduced: opteq:  
Rule not reduced: opteq:  TOK_EQ 
Rule not reduced: optactualreturns:  
Rule not reduced: pname:  TOK_THIS 
Rule not reduced: loc:  
Rule not reduced: loc:  SYMBOLx 
Rule not reduced: symbols:  SYMBOLx 
Rule not reduced: symbols:  symbols TOK_COMMA SYMBOLx 

158 terminals, 153 nonterminals
500 grammar rules, 989/16000 states
315 shift/reduce, 107 reduce/reduce conflicts reported
202 working sets used
memory: parser 1451/240000
1207 extra closures
3665 shift entries, 101 exceptions
770 goto entries
630 entries saved by goto default
Optimizer space used: output 3021/240000
3021 table entries, 744 zero
maximum spread: 155, maximum offset: 984
